ISO-10303-21;
HEADER;
FILE_DESCRIPTION (( 'STEP AP214' ),
    '1' );
FILE_NAME ('35WR100KLFTR.STEP',
    '2023-02-06T03:47:23',
    ( 'ADMIN' ),
    ( '' ),
    'SwSTEP 2.0',
    'SolidWorks 2016',
    '' );
FILE_SCHEMA (( 'AUTOMOTIVE_DESIGN' ));
ENDSEC;

DATA;
#1 = FACE_OUTER_BOUND ( 'NONE', #5109, .T. ) ;
#2 = CARTESIAN_POINT ( 'NONE',  ( 0.6500455807348001200, 1.509868940050999700, -0.3001344815318999800 ) ) ;
#3 = EDGE_CURVE ( 'NONE', #1505, #4825, #4724, .T. ) ;
#4 = CARTESIAN_POINT ( 'NONE',  ( 1.200000000000000000, 0.0000000000000000000, 1.000000000000000000 ) ) ;
#5 = CARTESIAN_POINT ( 'NONE',  ( -0.3323984206296914900, 1.508986332556670100, -0.5589875533264596600 ) ) ;
#6 = DIRECTION ( 'NONE',  ( 0.0000000000000000000, 1.000000000000000000, 0.0000000000000000000 ) ) ;
#7 = PRESENTATION_STYLE_ASSIGNMENT (( #767 ) ) ;
#8 = ORIENTED_EDGE ( 'NONE', *, *, #3462, .T. ) ;
#9 = CARTESIAN_POINT ( 'NONE',  ( 4.653657836759942400E-017, 0.8100000000000000500, -0.7599999999999876900 ) ) ;
#10 = CARTESIAN_POINT ( 'NONE',  ( -0.2400000000000000200, 1.090000000000000100, -1.973810179798000100 ) ) ;
#11 = CARTESIAN_POINT ( 'NONE',  ( -0.8004691388675391200, 1.200000000000000000, -1.178730489757198200 ) ) ;
#12 = CARTESIAN_POINT ( 'NONE',  ( 1.058300524439611500, 1.700000000010851300, 0.3000000000026191700 ) ) ;
#13 = CARTESIAN_POINT ( 'NONE',  ( 0.8167542065459465500, 1.207146512974175000, 1.137112801352482500 ) ) ;
#14 = FACE_OUTER_BOUND ( 'NONE', #2675, .T. ) ;
#15 = DIRECTION ( 'NONE',  ( -1.000000000000000000, -0.0000000000000000000, -0.0000000000000000000 ) ) ;
#16 = LINE ( 'NONE', #2587, #552 ) ;
#17 = EDGE_CURVE ( 'NONE', #3256, #1087, #5875, .T. ) ;
#18 = CARTESIAN_POINT ( 'NONE',  ( 0.0000000000000000000, 1.100000000000000100, -0.9738101797978001600 ) ) ;
#19 = EDGE_CURVE ( 'NONE', #2763, #3579, #5584, .T. ) ;
#20 = ORIENTED_EDGE ( 'NONE', *, *, #5763, .F. ) ;
#21 = CARTESIAN_POINT ( 'NONE',  ( 1.177620359613315700, 1.599999999996271100, 0.1541501446032905200 ) ) ;
#22 = ADVANCED_FACE ( 'NONE', ( #2152 ), #3903, .F. ) ;
#23 = CARTESIAN_POINT ( 'NONE',  ( -3.673940397442058900E-017, 0.1499999999999999900, -0.2999999999999999300 ) ) ;
#24 = CARTESIAN_POINT ( 'NONE',  ( -0.6500000000000001300, -0.09999999999999993600, 1.000000000000000000 ) ) ;
#25 = FACE_OUTER_BOUND ( 'NONE', #3390, .T. ) ;
#26 = CARTESIAN_POINT ( 'NONE',  ( -0.3503804726440175600, 1.508986332922442700, -0.5474792462366107100 ) ) ;
#27 = CARTESIAN_POINT ( 'NONE',  ( 0.3000000000026188400, 1.700000000010851300, 1.058300524439611500 ) ) ;
#28 = ORIENTED_EDGE ( 'NONE', *, *, #5121, .T. ) ;
#29 = AXIS2_PLACEMENT_3D ( 'NONE', #4250, #4397, #4564 ) ;
#30 = CARTESIAN_POINT ( 'NONE',  ( 0.3000918946176658300, 1.513727374260726000, -0.8672907435303168800 ) ) ;
#31 = AXIS2_PLACEMENT_3D ( 'NONE', #1501, #4831, #1957 ) ;
#32 = CARTESIAN_POINT ( 'NONE',  ( -0.7838367176906000400, 1.500000000000000000, 1.560000000000000300 ) ) ;
#33 = LINE ( 'NONE', #2110, #4631 ) ;
#34 = DIRECTION ( 'NONE',  ( 1.000000000000000000, 0.0000000000000000000, 0.0000000000000000000 ) ) ;
#35 = ORIENTED_EDGE ( 'NONE', *, *, #803, .F. ) ;
#36 = CARTESIAN_POINT ( 'NONE',  ( 0.0000000000000000000, 1.599999999939427700, 0.0000000000000000000 ) ) ;
#37 = CARTESIAN_POINT ( 'NONE',  ( 0.5999999999999999800, 0.8000000000000000400, 1.550000000000000300 ) ) ;
#38 = ORIENTED_EDGE ( 'NONE', *, *, #2309, .T. ) ;
#39 = B_SPLINE_CURVE_WITH_KNOTS ( 'NONE', 3,
 ( #2056, #2535, #5904, #3001 ),
 .UNSPECIFIED., .F., .F.,
 ( 4, 4 ),
 ( 0.0000000000000000000, 1.000000000000000000 ),
 .UNSPECIFIED. ) ;
#40 = CARTESIAN_POINT ( 'NONE',  ( 0.6177597426394342300, 0.8999999999446117700, -0.3614129351320138400 ) ) ;
#41 = LINE ( 'NONE', #1242, #3349 ) ;
#42 = ORIENTED_EDGE ( 'NONE', *, *, #426, .T. ) ;
#43 = CARTESIAN_POINT ( 'NONE',  ( -0.5744029427046547500, 0.8099999999999997200, 0.5004517608268523900 ) ) ;
#44 = VERTEX_POINT ( 'NONE', #2219 ) ;
#45 = CARTESIAN_POINT ( 'NONE',  ( 0.5999999999999999800, 0.0000000000000000000, -1.149999999999999900 ) ) ;
#46 = EDGE_CURVE ( 'NONE', #514, #1087, #5987, .T. ) ;
#47 = ORIENTED_EDGE ( 'NONE', *, *, #3185, .T. ) ;
#48 = VERTEX_POINT ( 'NONE', #2023 ) ;
#49 = CARTESIAN_POINT ( 'NONE',  ( 0.7237027293760421900, 1.599999999996271700, 0.9417039545157905900 ) ) ;
#50 = VERTEX_POINT ( 'NONE', #2136 ) ;
#51 = CARTESIAN_POINT ( 'NONE',  ( -1.224712253610612800, 1.700000000000000200, 0.9170452389697130200 ) ) ;
#52 = CARTESIAN_POINT ( 'NONE',  ( 0.7366546101032581700, 0.8000000000000001600, -0.1887110101151034700 ) ) ;
#53 = CARTESIAN_POINT ( 'NONE',  ( -0.07853981633974477200, 0.1499999999999999700, 0.2999999999999999300 ) ) ;
#54 = CARTESIAN_POINT ( 'NONE',  ( 0.0000000000000000000, 0.05000000000000000300, 0.0000000000000000000 ) ) ;
#55 = ORIENTED_EDGE ( 'NONE', *, *, #590, .F. ) ;
#56 = EDGE_LOOP ( 'NONE', ( #1721, #699, #1741, #3429, #38, #807 ) ) ;
#57 = DIRECTION ( 'NONE',  ( 1.000000000000000000, 0.0000000000000000000, -0.0000000000000000000 ) ) ;
#58 = ORIENTED_EDGE ( 'NONE', *, *, #1170, .F. ) ;
#59 = DIRECTION ( 'NONE',  ( 0.0000000000000000000, 0.0000000000000000000, -1.000000000000000000 ) ) ;
#60 = ORIENTED_EDGE ( 'NONE', *, *, #2737, .T. ) ;
#61 = ADVANCED_FACE ( 'NONE', ( #5849 ), #1736, .F. ) ;
#62 = FACE_OUTER_BOUND ( 'NONE', #4487, .T. ) ;
#63 = ORIENTED_EDGE ( 'NONE', *, *, #3236, .F. ) ;
#64 = EDGE_CURVE ( 'NONE', #3560, #643, #4561, .T. ) ;
#65 = ORIENTED_EDGE ( 'NONE', *, *, #5187, .T. ) ;
#66 = CARTESIAN_POINT ( 'NONE',  ( 0.4796188333398750400, 1.700000000003883500, 1.007383371169879000 ) ) ;
#67 = LINE ( 'NONE', #6103, #6089 ) ;
#68 = CARTESIAN_POINT ( 'NONE',  ( 1.225823691985025400, 1.200000000000000200, 0.7263006856191077700 ) ) ;
#69 = AXIS2_PLACEMENT_3D ( 'NONE', #3339, #1865, #277 ) ;
#70 = ORIENTED_EDGE ( 'NONE', *, *, #2002, .T. ) ;
#71 = DIRECTION ( 'NONE',  ( 0.0000000000000000000, -0.0000000000000000000, 1.000000000000000000 ) ) ;
#72 = VECTOR ( 'NONE', #2543, 1000.000000000000000 ) ;
#73 = CARTESIAN_POINT ( 'NONE',  ( 0.2999999999986287500, 1.561383992044527200, -0.9846856982387111000 ) ) ;
#74 =( BOUNDED_CURVE ( )  B_SPLINE_CURVE ( 3, ( #1558, #4410, #2494, #5868 ),
 .UNSPECIFIED., .F., .F. ) 
 B_SPLINE_CURVE_WITH_KNOTS ( ( 4, 4 ),
 ( 0.0000000000000000000, 1.000000000000000000 ),
 .UNSPECIFIED. ) 
 CURVE ( )  GEOMETRIC_REPRESENTATION_ITEM ( )  RATIONAL_B_SPLINE_CURVE ( ( 1.000000000000000000, 0.3333333333333333700, 0.3333333333333333700, 1.000000000000000000 ) ) 
 REPRESENTATION_ITEM ( '' )  );
#75 = ORIENTED_EDGE ( 'NONE', *, *, #4305, .T. ) ;
#76 = CARTESIAN_POINT ( 'NONE',  ( 0.5083159220386700400, 1.200000000039835600, 0.8688596414526470500 ) ) ;
#77 = CARTESIAN_POINT ( 'NONE',  ( 0.9228576348350870900, 1.100000000008094700, 0.2416035638255971100 ) ) ;
#78 = CARTESIAN_POINT ( 'NONE',  ( -0.7838367176906000400, 1.550000000000000300, 1.159999999999999900 ) ) ;
#79 = CARTESIAN_POINT ( 'NONE',  ( 0.5397728008854118000, 1.150000000000000100, 0.3157876092791421200 ) ) ;
#80 = AXIS2_PLACEMENT_3D ( 'NONE', #4153, #4674, #1800 ) ;
#81 = B_SPLINE_CURVE_WITH_KNOTS ( 'NONE', 3,
 ( #1867, #1700, #1910, #1932 ),
 .UNSPECIFIED., .F., .F.,
 ( 4, 4 ),
 ( 0.0000000000000000000, 1.000000000000000000 ),
 .UNSPECIFIED. ) ;
#82 = EDGE_CURVE ( 'NONE', #4047, #2460, #936, .T. ) ;
#83 = VECTOR ( 'NONE', #3916, 1000.000000000000000 ) ;
#84 = VERTEX_POINT ( 'NONE', #1527 ) ;
#85 = CARTESIAN_POINT ( 'NONE',  ( -0.6049725677420999500, 0.9000000000000001300, 6.667899467915861100E-017 ) ) ;
#86 = CARTESIAN_POINT ( 'NONE',  ( -0.1806186265694414200, 1.186941683428969400, -2.211940228946575000E-017 ) ) ;
#87 = CARTESIAN_POINT ( 'NONE',  ( 0.0000000000000000000, 1.205000000000000100, 0.0000000000000000000 ) ) ;
#88 = ADVANCED_FACE ( 'NONE', ( #788 ), #1303, .T. ) ;
#89 = CYLINDRICAL_SURFACE ( 'NONE', #832, 0.2999999999999999900 ) ;
#90 = ORIENTED_EDGE ( 'NONE', *, *, #820, .F. ) ;
#91 = CARTESIAN_POINT ( 'NONE',  ( 0.3188623722310000000, 1.447624645269000000, -0.5957053036679999000 ) ) ;
#92 = EDGE_CURVE ( 'NONE', #2526, #2014, #3113, .T. ) ;
#93 = CARTESIAN_POINT ( 'NONE',  ( -0.7838367176906000400, 1.600000000000000100, 1.560000000000000300 ) ) ;
#94 = VECTOR ( 'NONE', #3218, 1000.000000000000000 ) ;
#95 = CARTESIAN_POINT ( 'NONE',  ( -1.200000000000000000, 0.8000000000000000400, 1.693333333333333400 ) ) ;
#96 = CARTESIAN_POINT ( 'NONE',  ( -0.6094156918993000000, 1.418347783814000000, 0.3194698919350000300 ) ) ;
#97 = CARTESIAN_POINT ( 'NONE',  ( 1.500000000000000200, 0.8000000000000000400, 1.200000000000000000 ) ) ;
#98 = LINE ( 'NONE', #297, #3703 ) ;
#99 = ORIENTED_EDGE ( 'NONE', *, *, #2483, .F. ) ;
#100 = DIRECTION ( 'NONE',  ( 1.000000000000000000, 0.0000000000000000000, 0.0000000000000000000 ) ) ;
#101 = CARTESIAN_POINT ( 'NONE',  ( 1.347111479106807800E-016, 1.700000000028012400, -1.100000000036516200 ) ) ;
#102 = EDGE_CURVE ( 'NONE', #3279, #4300, #5099, .T. ) ;
#103 = CONICAL_SURFACE ( 'NONE', #1530, 0.6890731128805782600, 0.4014257279663837100 ) ;
#104 = EDGE_CURVE ( 'NONE', #651, #5806, #5696, .T. ) ;
#105 = DIRECTION ( 'NONE',  ( 0.0000000000000000000, -1.000000000000000000, 0.0000000000000000000 ) ) ;
#106 = EDGE_LOOP ( 'NONE', ( #1008, #4750, #2974, #1643 ) ) ;
#107 = CARTESIAN_POINT ( 'NONE',  ( 0.3001491838954999900, 1.518517727549999900, -0.6460166371494000500 ) ) ;
#108 = CARTESIAN_POINT ( 'NONE',  ( 0.5500000000000000400, 0.0000000000000000000, 1.550000000000000300 ) ) ;
#109 = VECTOR ( 'NONE', #5684, 1000.000000000000000 ) ;
#110 = VERTEX_POINT ( 'NONE', #206 ) ;
#111 = AXIS2_PLACEMENT_3D ( 'NONE', #4187, #2745, #6122 ) ;
#112 = CARTESIAN_POINT ( 'NONE',  ( -0.7838367176906001500, 1.573820061220085200, 1.560000000000000100 ) ) ;
#113 = EDGE_LOOP ( 'NONE', ( #939, #5947, #4193, #5247 ) ) ;
#114 = B_SPLINE_CURVE_WITH_KNOTS ( 'NONE', 3,
 ( #665, #3459, #1124, #4448 ),
 .UNSPECIFIED., .F., .F.,
 ( 4, 4 ),
 ( 0.0000000000000000000, 1.000000000000000000 ),
 .UNSPECIFIED. ) ;
#115 = CARTESIAN_POINT ( 'NONE',  ( -0.07981485436525001500, 1.199840342104000300, 0.1596297087304999800 ) ) ;
#116 = CARTESIAN_POINT ( 'NONE',  ( -0.6655268369676000700, 1.476518579763000000, 0.3000876494630000400 ) ) ;
#117 = EDGE_CURVE ( 'NONE', #4810, #5458, #640, .T. ) ;
#118 = EDGE_LOOP ( 'NONE', ( #5626, #4441, #5101, #1307, #5075, #4736 ) ) ;
#119 = DIRECTION ( 'NONE',  ( 0.2665025992375039700, 0.9638341997458143000, 0.0000000000000000000 ) ) ;
#120 = ORIENTED_EDGE ( 'NONE', *, *, #4023, .T. ) ;
#121 = ORIENTED_EDGE ( 'NONE', *, *, #102, .T. ) ;
#122 = ORIENTED_EDGE ( 'NONE', *, *, #3445, .T. ) ;
#123 = ORIENTED_EDGE ( 'NONE', *, *, #3495, .T. ) ;
#124 = CARTESIAN_POINT ( 'NONE',  ( 0.2999999994344137400, 1.530703003535926600, 0.6337405836429488300 ) ) ;
#125 = CARTESIAN_POINT ( 'NONE',  ( 0.2000000000000000100, 0.1499999999999999900, 1.714505518806295000E-017 ) ) ;
#126 = EDGE_CURVE ( 'NONE', #4879, #742, #1869, .T. ) ;
#127 = ORIENTED_EDGE ( 'NONE', *, *, #698, .T. ) ;
#128 = DIRECTION ( 'NONE',  ( 0.0000000000000000000, -1.000000000000000000, 0.0000000000000000000 ) ) ;
#129 = VECTOR ( 'NONE', #1409, 1000.000000000000000 ) ;
#130 = CARTESIAN_POINT ( 'NONE',  ( -0.3000000000026191200, 1.700000000010851300, 1.058300524439611300 ) ) ;
#131 = CARTESIAN_POINT ( 'NONE',  ( 1.836970198721029400E-017, 0.1499999999999999900, 0.2999999999999999300 ) ) ;
#132 = DIRECTION ( 'NONE',  ( 1.000000000000000000, 0.0000000000000000000, 0.0000000000000000000 ) ) ;
#133 = VERTEX_POINT ( 'NONE', #5507 ) ;
#134 = DIRECTION ( 'NONE',  ( 0.0000000000000000000, 0.0000000000000000000, -1.000000000000000000 ) ) ;
#135 = ORIENTED_EDGE ( 'NONE', *, *, #5340, .F. ) ;
#136 = CARTESIAN_POINT ( 'NONE',  ( 5.410954283830000700, 0.02000000000000000000, 1.680000000000000200 ) ) ;
#137 = CIRCLE ( 'NONE', #3911, 0.02000000000000005200 ) ;
#138 = CARTESIAN_POINT ( 'NONE',  ( 0.3000000000006457500, 1.149999999999838500, 0.6000000000012918300 ) ) ;
#139 = DIRECTION ( 'NONE',  ( 0.0000000000000000000, 0.0000000000000000000, -1.000000000000000000 ) ) ;
#140 = CARTESIAN_POINT ( 'NONE',  ( -0.2999999999999999900, 1.100000000000000100, -0.9738101797978001600 ) ) ;
#141 = ORIENTED_EDGE ( 'NONE', *, *, #3804, .T. ) ;
#142 = VERTEX_POINT ( 'NONE', #1237 ) ;
#143 = VECTOR ( 'NONE', #5725, 1000.000000000000000 ) ;
#144 = CARTESIAN_POINT ( 'NONE',  ( 0.6674845996165553700, 1.200000000039835600, -0.7378577111150028700 ) ) ;
#145 = EDGE_CURVE ( 'NONE', #4900, #1737, #1720, .T. ) ;
#146 = CARTESIAN_POINT ( 'NONE',  ( -1.200000000000000000, -0.1000000000000000100, 1.680000000000000200 ) ) ;
#147 = CARTESIAN_POINT ( 'NONE',  ( -2.449293598294706500E-017, 0.1499999999999999900, 0.2000000000000000100 ) ) ;
#148 = ORIENTED_EDGE ( 'NONE', *, *, #5513, .F. ) ;
#149 = CARTESIAN_POINT ( 'NONE',  ( -0.5999999999999999800, 0.02000000000000000000, -1.149999999999999900 ) ) ;
#150 = AXIS2_PLACEMENT_3D ( 'NONE', #4472, #3853, #4319 ) ;
#151 = AXIS2_PLACEMENT_3D ( 'NONE', #1709, #2176, #5526 ) ;
#152 = CARTESIAN_POINT ( 'NONE',  ( -0.2676680710829437700, 0.1499999999999999900, 0.1565959976289847100 ) ) ;
#153 = PLANE ( 'NONE',  #3607 ) ;
#154 = FACE_OUTER_BOUND ( 'NONE', #3457, .T. ) ;
#155 = CARTESIAN_POINT ( 'NONE',  ( -0.7838367176906000400, 1.547801334123671600, 1.549222690360981400 ) ) ;
#156 = CARTESIAN_POINT ( 'NONE',  ( -0.5801373346718944300, 1.441410723296318700, -0.3522310589193075000 ) ) ;
#157 = DIRECTION ( 'NONE',  ( 0.0000000000000000000, 0.0000000000000000000, -1.000000000000000000 ) ) ;
#158 = DIRECTION ( 'NONE',  ( 1.000000000000000000, 0.0000000000000000000, 0.0000000000000000000 ) ) ;
#159 = VECTOR ( 'NONE', #2569, 1000.000000000000000 ) ;
#160 = ORIENTED_EDGE ( 'NONE', *, *, #4424, .F. ) ;
#161 = EDGE_CURVE ( 'NONE', #133, #269, #3961, .T. ) ;
#162 = DIRECTION ( 'NONE',  ( 0.0000000000000000000, 0.0000000000000000000, -1.000000000000000000 ) ) ;
#163 = DIRECTION ( 'NONE',  ( -1.000000000000000000, 0.0000000000000000000, -0.0000000000000000000 ) ) ;
#164 = CARTESIAN_POINT ( 'NONE',  ( 0.6337405826563289300, 1.530703003235164900, 0.2999999999503525900 ) ) ;
#165 = CARTESIAN_POINT ( 'NONE',  ( -0.2999999999999999900, 0.1500000000000000200, 0.07853981633974488300 ) ) ;
#166 = VECTOR ( 'NONE', #627, 1000.000000000000000 ) ;
#167 = ORIENTED_EDGE ( 'NONE', *, *, #3846, .T. ) ;
#168 = CARTESIAN_POINT ( 'NONE',  ( -0.7838367176906000400, 1.510777309639018700, 1.512198665876328000 ) ) ;
#169 = CARTESIAN_POINT ( 'NONE',  ( -0.5999999999999999800, 0.0000000000000000000, -1.149999999999999900 ) ) ;
#170 = FACE_OUTER_BOUND ( 'NONE', #113, .T. ) ;
#171 = DIRECTION ( 'NONE',  ( 0.0000000000000000000, 0.0000000000000000000, 1.000000000000000000 ) ) ;
#172 = DIRECTION ( 'NONE',  ( 1.000000000000000000, -0.0000000000000000000, 0.0000000000000000000 ) ) ;
#173 = EDGE_CURVE ( 'NONE', #5799, #942, #2244, .T. ) ;
#174 = ORIENTED_EDGE ( 'NONE', *, *, #3291, .F. ) ;
#175 = FACE_OUTER_BOUND ( 'NONE', #3794, .T. ) ;
#176 = CARTESIAN_POINT ( 'NONE',  ( -0.2999999999999969900, 1.100000000000000100, -0.9264481994573916500 ) ) ;
#177 = ORIENTED_EDGE ( 'NONE', *, *, #2911, .T. ) ;
#178 = CARTESIAN_POINT ( 'NONE',  ( 0.3000918946186684200, 1.513727374254952600, 0.8672907435402109600 ) ) ;
#179 = VERTEX_POINT ( 'NONE', #1715 ) ;
#180 = CARTESIAN_POINT ( 'NONE',  ( -0.3503804725142869400, 1.508986332919447900, 0.5474792463155544500 ) ) ;
#181 = AXIS2_PLACEMENT_3D ( 'NONE', #1657, #2688, #3087 ) ;
#182 = ADVANCED_FACE ( 'NONE', ( #497 ), #2590, .T. ) ;
#183 = LINE ( 'NONE', #5001, #1439 ) ;
#184 = ORIENTED_EDGE ( 'NONE', *, *, #4793, .T. ) ;
#185 = DIRECTION ( 'NONE',  ( -0.0000000000000000000, -0.0000000000000000000, 1.000000000000000000 ) ) ;
#186 = CARTESIAN_POINT ( 'NONE',  ( -0.2999999999999999900, 0.6500000000000001300, 3.306546357697853100E-017 ) ) ;
#187 = ORIENTED_EDGE ( 'NONE', *, *, #4158, .F. ) ;
#188 = CARTESIAN_POINT ( 'NONE',  ( -0.2999999999999999900, 0.1499999999999999900, 3.306546357697853100E-017 ) ) ;
#189 = B_SPLINE_CURVE_WITH_KNOTS ( 'NONE', 3,
 ( #5792, #1493, #3381, #576, #3865, #1053, #4357, #1509, #4840, #1972, #5328, #2441 ),
 .UNSPECIFIED., .F., .F.,
 ( 4, 2, 2, 2, 2, 4 ),
 ( 0.0000000000000000000, 0.06249999999999998600, 0.1249999999999999700, 0.2499999999999999400, 0.3749999999999999400, 0.5000000000000000000 ),
 .UNSPECIFIED. ) ;
#190 = ORIENTED_EDGE ( 'NONE', *, *, #859, .F. ) ;
#191 = AXIS2_PLACEMENT_3D ( 'NONE', #1251, #4570, #5055 ) ;
#192 = CARTESIAN_POINT ( 'NONE',  ( -0.7838367176906000400, 1.500000000000000000, 1.486179938779914800 ) ) ;
#193 = AXIS2_PLACEMENT_3D ( 'NONE', #5680, #3758, #946 ) ;
#194 = ORIENTED_EDGE ( 'NONE', *, *, #2845, .T. ) ;
#195 = CARTESIAN_POINT ( 'NONE',  ( -0.1885940547557309600, 0.8100000000000001600, 0.7367008197904250100 ) ) ;
#196 = DIRECTION ( 'NONE',  ( 1.000000000000000000, -0.0000000000000000000, -0.0000000000000000000 ) ) ;
#197 = ORIENTED_EDGE ( 'NONE', *, *, #2514, .T. ) ;
#198 = CARTESIAN_POINT ( 'NONE',  ( -1.350000000000000100, 0.8100000000000000500, -0.1200000000000000500 ) ) ;
#199 = EDGE_CURVE ( 'NONE', #3350, #3431, #3818, .T. ) ;
#200 = PLANE ( 'NONE',  #4438 ) ;
#201 = ORIENTED_EDGE ( 'NONE', *, *, #682, .F. ) ;
#202 = ORIENTED_EDGE ( 'NONE', *, *, #899, .F. ) ;
#203 = DIRECTION ( 'NONE',  ( 0.0000000000000000000, 0.0000000000000000000, -1.000000000000000000 ) ) ;
#204 = VECTOR ( 'NONE', #2825, 1000.000000000000000 ) ;
#205 = EDGE_CURVE ( 'NONE', #591, #2353, #5388, .T. ) ;
#206 = CARTESIAN_POINT ( 'NONE',  ( 0.3000000000002214800, 1.149999999999964200, 0.0000000000000000000 ) ) ;
#207 = ORIENTED_EDGE ( 'NONE', *, *, #2341, .T. ) ;
#208 = ORIENTED_EDGE ( 'NONE', *, *, #1144, .F. ) ;
#209 = CARTESIAN_POINT ( 'NONE',  ( 0.5503071746511415400, 0.8000000000000000400, 0.4172041491367014000 ) ) ;
#210 = FACE_OUTER_BOUND ( 'NONE', #858, .T. ) ;
#211 = ORIENTED_EDGE ( 'NONE', *, *, #4701, .T. ) ;
#212 = DIRECTION ( 'NONE',  ( 0.0000000000000000000, 0.0000000000000000000, -1.000000000000000000 ) ) ;
#213 = ADVANCED_FACE ( 'NONE', ( #4259 ), #794, .F. ) ;
#214 = VECTOR ( 'NONE', #4442, 1000.000000000000000 ) ;
#215 = CARTESIAN_POINT ( 'NONE',  ( -0.1767145867644255900, 0.8100000000000001600, -1.470000000000000400 ) ) ;
#216 = CARTESIAN_POINT ( 'NONE',  ( 0.7439231975337469200, 1.572975568568205900, 0.2999999999999999900 ) ) ;
#217 = CARTESIAN_POINT ( 'NONE',  ( -9.307315673519884700E-017, 0.8100000000000000500, 0.7600000000000122200 ) ) ;
#218 = EDGE_CURVE ( 'NONE', #245, #1925, #4468, .T. ) ;
#219 = ORIENTED_EDGE ( 'NONE', *, *, #4407, .T. ) ;
#221 = CARTESIAN_POINT ( 'NONE',  ( -0.6500000000000001300, 0.6800000000000000500, 1.800000000000000300 ) ) ;
#220 = CARTESIAN_POINT ( 'NONE',  ( 0.0000000000000000000, 0.1385840734641000100, -1.671460183660000000 ) ) ;
#222 = EDGE_CURVE ( 'NONE', #3058, #142, #2817, .T. ) ;
#223 = DIRECTION ( 'NONE',  ( 0.0000000000000000000, 0.0000000000000000000, -1.000000000000000000 ) ) ;
#224 = CARTESIAN_POINT ( 'NONE',  ( -1.500000000000000200, 0.0000000000000000000, 1.200000000000000000 ) ) ;
#225 = B_SPLINE_CURVE_WITH_KNOTS ( 'NONE', 3,
 ( #5274, #5119, #5518, #5543 ),
 .UNSPECIFIED., .F., .F.,
 ( 4, 4 ),
 ( 0.0000000000000000000, 1.000000000000000000 ),
 .UNSPECIFIED. ) ;
#226 = DIRECTION ( 'NONE',  ( 0.0000000000000000000, 1.000000000000000000, 0.0000000000000000000 ) ) ;
#227 = LINE ( 'NONE', #2304, #3852 ) ;
#228 = ORIENTED_EDGE ( 'NONE', *, *, #918, .F. ) ;
#229 = AXIS2_PLACEMENT_3D ( 'NONE', #5810, #100, #4351 ) ;
#230 = CARTESIAN_POINT ( 'NONE',  ( -0.3393887200737687500, 0.8000000000000000400, 0.6015903946475152900 ) ) ;
#231 = CARTESIAN_POINT ( 'NONE',  ( 0.09638341997460320200, 0.9833497400762937200, -1.367479433118000200 ) ) ;
#232 = CYLINDRICAL_SURFACE ( 'NONE', #191, 0.7600000000000000100 ) ;
#233 = ORIENTED_EDGE ( 'NONE', *, *, #1881, .T. ) ;
#234 = DIRECTION ( 'NONE',  ( 5.559780122973462700E-017, 0.8910065242100017000, -0.4539904996970879900 ) ) ;
#235 = CARTESIAN_POINT ( 'NONE',  ( -0.5686028306927000100, 1.505111523437999900, -0.3176102072416000500 ) ) ;
#236 = VECTOR ( 'NONE', #827, 1000.000000000000000 ) ;
#237 = EDGE_CURVE ( 'NONE', #6144, #5084, #5527, .T. ) ;
#239 = CARTESIAN_POINT ( 'NONE',  ( -1.007383371169879200, 1.700000000003883500, 0.4796188333398743700 ) ) ;
#238 = CARTESIAN_POINT ( 'NONE',  ( -0.6668566669033712000, 1.434823480184900500, -0.2999999996381742000 ) ) ;
#240 = CARTESIAN_POINT ( 'NONE',  ( 0.3503804726434976400, 1.508986332826825400, -0.5474792458595146800 ) ) ;
#241 = ADVANCED_FACE ( 'NONE', ( #331 ), #5648, .F. ) ;
#242 = CIRCLE ( 'NONE', #1300, 0.1200000000000000900 ) ;
#243 = CARTESIAN_POINT ( 'NONE',  ( 0.2000000000000000100, 0.1499999999999999900, 1.714505518806295000E-017 ) ) ;
#244 = DIRECTION ( 'NONE',  ( 0.0000000000000000000, 0.0000000000000000000, -1.000000000000000000 ) ) ;
#245 = VERTEX_POINT ( 'NONE', #4149 ) ;
#246 = DIRECTION ( 'NONE',  ( 1.000000000000000000, 0.0000000000000000000, 0.0000000000000000000 ) ) ;
#247 = VECTOR ( 'NONE', #2342, 1000.000000000000000 ) ;
#248 = CARTESIAN_POINT ( 'NONE',  ( 1.162927379332330500, 1.600000000000000300, -0.9481186298230263000 ) ) ;
#249 = VERTEX_POINT ( 'NONE', #4751 ) ;
#250 = CARTESIAN_POINT ( 'NONE',  ( 3.673940397442058900E-017, 0.1499999999999999900, 0.2999999999999999900 ) ) ;
#251 = CARTESIAN_POINT ( 'NONE',  ( 0.0000000000000000000, 0.0000000000000000000, 0.0000000000000000000 ) ) ;
#252 = LINE ( 'NONE', #4904, #3713 ) ;
#253 = CARTESIAN_POINT ( 'NONE',  ( -0.6304293649087999700, 1.551873161424999900, -0.3002150610866999900 ) ) ;
#254 = ORIENTED_EDGE ( 'NONE', *, *, #5789, .T. ) ;
#255 = EDGE_CURVE ( 'NONE', #6171, #4517, #2883, .T. ) ;
#256 = B_SPLINE_CURVE_WITH_KNOTS ( 'NONE', 3,
 ( #526, #582, #602, #621, #635, #976 ),
 .UNSPECIFIED., .F., .F.,
 ( 4, 2, 4 ),
 ( 0.0000000000000000000, 0.5000000000000000000, 1.000000000000000000 ),
 .UNSPECIFIED. ) ;
#257 = ORIENTED_EDGE ( 'NONE', *, *, #4917, .T. ) ;
#259 = CARTESIAN_POINT ( 'NONE',  ( -1.000000000000000000, 1.700000000000000200, 1.460000000000000000 ) ) ;
#258 = CARTESIAN_POINT ( 'NONE',  ( -1.200000000000000000, 0.6800000000000000500, 1.800000000000000300 ) ) ;
#260 = VERTEX_POINT ( 'NONE', #5234 ) ;
#261 = ORIENTED_EDGE ( 'NONE', *, *, #5763, .T. ) ;
#262 = DIRECTION ( 'NONE',  ( 0.0000000000000000000, -0.0000000000000000000, -1.000000000000000000 ) ) ;
#263 = CARTESIAN_POINT ( 'NONE',  ( 0.8854431782601328600, 1.629407900877089900, -0.2999999999999999900 ) ) ;
#264 = ORIENTED_EDGE ( 'NONE', *, *, #5360, .T. ) ;
#265 = AXIS2_PLACEMENT_3D ( 'NONE', #4578, #325, #3604 ) ;
#266 = B_SPLINE_CURVE_WITH_KNOTS ( 'NONE', 3,
 ( #1298, #5127, #3193, #389, #3675, #869, #4165, #1338, #4665, #1789, #5145, #2263, #5619, #2722 ),
 .UNSPECIFIED., .F., .F.,
 ( 4, 2, 2, 2, 2, 2, 4 ),
 ( 0.5000000000000000000, 0.5625000000000000000, 0.6250000000000000000, 0.7500000000000000000, 0.8125000000000000000, 0.8749999999999998900, 1.000000000000000000 ),
 .UNSPECIFIED. ) ;
#267 = EDGE_LOOP ( 'NONE', ( #4081, #2474, #1947, #2143 ) ) ;
#268 = CARTESIAN_POINT ( 'NONE',  ( -0.07530701490851984800, 0.6500000000000001300, -0.2929107255518682600 ) ) ;
#269 = VERTEX_POINT ( 'NONE', #3286 ) ;
#270 = CARTESIAN_POINT ( 'NONE',  ( -0.6923796403815998300, 0.8999999999667671600, 3.185360720447597500E-010 ) ) ;
#271 = ORIENTED_EDGE ( 'NONE', *, *, #4263, .T. ) ;
#272 = CARTESIAN_POINT ( 'NONE',  ( 1.320538620861492200, 1.599999999999999900, 0.7125407755382556800 ) ) ;
#273 = MECHANICAL_DESIGN_GEOMETRIC_PRESENTATION_REPRESENTATION (  '', ( #5824 ), #608 ) ;
#274 = VECTOR ( 'NONE', #1841, 1000.000000000000000 ) ;
#275 = DIRECTION ( 'NONE',  ( 0.0000000000000000000, 0.0000000000000000000, 1.000000000000000000 ) ) ;
#276 = ADVANCED_FACE ( 'NONE', ( #4099 ), #1878, .F. ) ;
#277 = DIRECTION ( 'NONE',  ( 0.0000000000000000000, 0.0000000000000000000, 1.000000000000000000 ) ) ;
#278 = EDGE_CURVE ( 'NONE', #5338, #2404, #183, .T. ) ;
#279 = CARTESIAN_POINT ( 'NONE',  ( 0.7533298886009308600, 0.8100000000000001600, 0.1193756581903042500 ) ) ;
#280 = EDGE_LOOP ( 'NONE', ( #2949, #5037, #3201, #4710, #4496, #90, #1793, #3832, #4077, #177, #4597, #5259 ) ) ;
#281 = ORIENTED_EDGE ( 'NONE', *, *, #5831, .T. ) ;
#282 = LINE ( 'NONE', #2953, #4043 ) ;
#284 = CARTESIAN_POINT ( 'NONE',  ( -0.7600000000000001200, 0.8000000000000001600, 0.04823237758967988800 ) ) ;
#283 = DIRECTION ( 'NONE',  ( -1.000000000000000000, 0.0000000000000000000, 0.0000000000000000000 ) ) ;
#285 = ORIENTED_EDGE ( 'NONE', *, *, #1669, .F. ) ;
#286 = FILL_AREA_STYLE ('',( #5021 ) ) ;
#287 = ORIENTED_EDGE ( 'NONE', *, *, #4462, .F. ) ;
#288 = EDGE_CURVE ( 'NONE', #2371, #2419, #2661, .T. ) ;
#289 = CARTESIAN_POINT ( 'NONE',  ( 0.2000000000000000100, 0.1500000000000000200, -0.05448381467069882100 ) ) ;
#290 = CARTESIAN_POINT ( 'NONE',  ( 0.0000000000000000000, 1.416935847572631200, 0.0000000000000000000 ) ) ;
#291 = CARTESIAN_POINT ( 'NONE',  ( -1.177620359613316100, 1.599999999996272000, 0.1541501446032900500 ) ) ;
#292 = DIRECTION ( 'NONE',  ( -1.000000000000000000, 0.0000000000000000000, 0.0000000000000000000 ) ) ;
#293 = ORIENTED_EDGE ( 'NONE', *, *, #5742, .T. ) ;
#294 = CARTESIAN_POINT ( 'NONE',  ( 0.2500000000000000000, -0.1000000000000000100, -1.651460183660000200 ) ) ;
#295 = CARTESIAN_POINT ( 'NONE',  ( -9.307315673519884700E-017, 0.8100000000000000500, 0.7600000000000122200 ) ) ;
#296 = CARTESIAN_POINT ( 'NONE',  ( -1.200000000000000000, 0.3499999999999999800, 1.000000000000000000 ) ) ;
#297 = CARTESIAN_POINT ( 'NONE',  ( -0.2500000000000000000, -1.741415926536000100, -1.671460183660000000 ) ) ;
#298 = FACE_OUTER_BOUND ( 'NONE', #1072, .T. ) ;
#299 = ORIENTED_EDGE ( 'NONE', *, *, #5360, .F. ) ;
#300 = B_SPLINE_CURVE_WITH_KNOTS ( 'NONE', 3,
 ( #3649, #850, #4145, #1324, #4641, #1771 ),
 .UNSPECIFIED., .F., .F.,
 ( 4, 2, 4 ),
 ( 0.0000000000000000000, 0.5000000000000000000, 1.000000000000000000 ),
 .UNSPECIFIED. ) ;
#301 = CARTESIAN_POINT ( 'NONE',  ( 0.5999999999999999800, 0.7999999999999999300, 1.600000000000000100 ) ) ;
#302 = CARTESIAN_POINT ( 'NONE',  ( -1.250000000000000000, 0.0000000000000000000, 1.700000000000000000 ) ) ;
#303 = CARTESIAN_POINT ( 'NONE',  ( -0.5999999999999999800, 0.02000000000000001400, -1.029999999999999800 ) ) ;
#304 = CONICAL_SURFACE ( 'NONE', #2689, 1.029371616141361300, 1.169370598834982300 ) ;
#305 = ORIENTED_EDGE ( 'NONE', *, *, #2627, .T. ) ;
#306 = ADVANCED_FACE ( 'NONE', ( #2524 ), #4940, .F. ) ;
#307 = CARTESIAN_POINT ( 'NONE',  ( -0.3001292295375023700, 1.473118905307397200, -0.7654301833068214400 ) ) ;
#308 = AXIS2_PLACEMENT_3D ( 'NONE', #3220, #4749, #1875 ) ;
#309 = DIRECTION ( 'NONE',  ( 0.0000000000000000000, 0.0000000000000000000, -1.000000000000000000 ) ) ;
#310 = AXIS2_PLACEMENT_3D ( 'NONE', #251, #3534, #741 ) ;
#311 = CARTESIAN_POINT ( 'NONE',  ( -0.5843541048026521500, 1.600000000000000300, -1.035282798897859200 ) ) ;
#312 = LINE ( 'NONE', #5468, #2943 ) ;
#313 = EDGE_CURVE ( 'NONE', #1391, #5256, #3943, .T. ) ;
#314 = CARTESIAN_POINT ( 'NONE',  ( 1.250000000000000000, 0.0000000000000000000, 0.0000000000000000000 ) ) ;
#315 = VECTOR ( 'NONE', #4855, 1000.000000000000000 ) ;
#316 = CARTESIAN_POINT ( 'NONE',  ( -0.9999999999999738000, 1.700000000000000000, 1.118033988749970800 ) ) ;
#317 = CARTESIAN_POINT ( 'NONE',  ( 0.2700000000000000200, -0.05000000000000000300, -1.631460183660000200 ) ) ;
#318 = CARTESIAN_POINT ( 'NONE',  ( 0.0000000000000000000, 0.1499999999999999900, 0.0000000000000000000 ) ) ;
#319 = ORIENTED_EDGE ( 'NONE', *, *, #5501, .T. ) ;
#320 = EDGE_CURVE ( 'NONE', #676, #1412, #2508, .T. ) ;
#321 = LINE ( 'NONE', #5063, #4928 ) ;
#322 = CARTESIAN_POINT ( 'NONE',  ( -0.5999999999999999800, 0.05000000000000000300, -1.000000000000000000 ) ) ;
#323 = DIRECTION ( 'NONE',  ( -1.000000000000000000, 0.0000000000000000000, 0.0000000000000000000 ) ) ;
#324 = ORIENTED_EDGE ( 'NONE', *, *, #784, .T. ) ;
#325 = DIRECTION ( 'NONE',  ( 0.0000000000000000000, 0.0000000000000000000, 1.000000000000000000 ) ) ;
#326 = CARTESIAN_POINT ( 'NONE',  ( 0.1804737854124364700, 0.1499999999999999900, -0.1016242667498020000 ) ) ;
#327 = FACE_OUTER_BOUND ( 'NONE', #6154, .T. ) ;
#328 = ORIENTED_EDGE ( 'NONE', *, *, #320, .F. ) ;
#329 = CARTESIAN_POINT ( 'NONE',  ( -0.8672907436906897000, 1.513727374312249000, -0.3000918946179104200 ) ) ;
#330 = CARTESIAN_POINT ( 'NONE',  ( -0.6015903946475281700, 0.7999999999999999300, -0.3393887200737604200 ) ) ;
#331 = FACE_OUTER_BOUND ( 'NONE', #1521, .T. ) ;
#332 = VERTEX_POINT ( 'NONE', #1695 ) ;
#333 = ADVANCED_FACE ( 'NONE', ( #3635 ), #3481, .T. ) ;
#334 = B_SPLINE_CURVE_WITH_KNOTS ( 'NONE', 3,
 ( #1609, #2108, #1203, #4522, #1664, #5011 ),
 .UNSPECIFIED., .F., .F.,
 ( 4, 2, 4 ),
 ( 0.0000000000000000000, 0.2500000000000000000, 0.5000000000000000000 ),
 .UNSPECIFIED. ) ;
#335 = ORIENTED_EDGE ( 'NONE', *, *, #1098, .F. ) ;
#336 = EDGE_CURVE ( 'NONE', #4907, #2371, #4787, .T. ) ;
#337 = CARTESIAN_POINT ( 'NONE',  ( -0.6500000000000001300, 0.8900000000000000100, 1.700000000000000000 ) ) ;
#338 = DIRECTION ( 'NONE',  ( 1.000000000000000000, 0.0000000000000000000, 0.0000000000000000000 ) ) ;
#339 = CARTESIAN_POINT ( 'NONE',  ( -0.5999999999999999800, 0.05000000000000000300, -1.000000000000000000 ) ) ;
#340 = CARTESIAN_POINT ( 'NONE',  ( 1.100000000000000100, 0.8000000000000000400, -1.500000000000000200 ) ) ;
#341 = EDGE_CURVE ( 'NONE', #2173, #6125, #1682, .T. ) ;
#342 = DIRECTION ( 'NONE',  ( -0.0000000000000000000, 1.000000000000000000, -0.0000000000000000000 ) ) ;
#343 = EDGE_LOOP ( 'NONE', ( #2226, #6123, #4503, #3813, #4013, #3655, #1116, #4790 ) ) ;
#344 = ORIENTED_EDGE ( 'NONE', *, *, #3687, .T. ) ;
#345 = ORIENTED_EDGE ( 'NONE', *, *, #4032, .T. ) ;
#346 = CARTESIAN_POINT ( 'NONE',  ( -0.3553713253863999300, 1.430078323545999700, -0.5839360914894998800 ) ) ;
#347 = CARTESIAN_POINT ( 'NONE',  ( 5.410954283830000700, 0.02000000000000000000, 1.700000000000000200 ) ) ;
#348 = CARTESIAN_POINT ( 'NONE',  ( 0.5999999999999999800, -0.1000000000000000100, -1.851460183660000200 ) ) ;
#349 = CARTESIAN_POINT ( 'NONE',  ( 0.5999999999999999800, 0.02000000000000000000, -1.149999999999999900 ) ) ;
#350 = ORIENTED_EDGE ( 'NONE', *, *, #3535, .F. ) ;
#351 = AXIS2_PLACEMENT_3D ( 'NONE', #4885, #4845, #5158 ) ;
#352 = CARTESIAN_POINT ( 'NONE',  ( 1.224646799147353300E-017, 0.1499999999999999900, -0.2000000000000000100 ) ) ;
#353 = CARTESIAN_POINT ( 'NONE',  ( 0.2864623387669923400, 0.6500000000000001300, 0.09132252707972175800 ) ) ;
#354 = ORIENTED_EDGE ( 'NONE', *, *, #1153, .F. ) ;
#355 = ORIENTED_EDGE ( 'NONE', *, *, #5390, .F. ) ;
#356 = DIRECTION ( 'NONE',  ( 1.000000000000000000, 0.0000000000000000000, 0.0000000000000000000 ) ) ;
#357 = LINE ( 'NONE', #4269, #5273 ) ;
#358 = CARTESIAN_POINT ( 'NONE',  ( -1.200000000000000000, 0.0000000000000000000, 1.000000000000000000 ) ) ;
#359 = CARTESIAN_POINT ( 'NONE',  ( 0.2299694505121663600, 0.8000000000000000400, -0.6448130154641890100 ) ) ;
#360 = EDGE_LOOP ( 'NONE', ( #4802, #1024, #2209, #4427 ) ) ;
#361 = EDGE_LOOP ( 'NONE', ( #2850, #1025, #3358, #5900, #655, #120 ) ) ;
#362 = CARTESIAN_POINT ( 'NONE',  ( -0.6049725677421000600, 1.149999999999999900, -0.1583814478701611200 ) ) ;
#363 = VECTOR ( 'NONE', #226, 1000.000000000000000 ) ;
#364 = DIRECTION ( 'NONE',  ( -0.0000000000000000000, -1.000000000000000000, 0.0000000000000000000 ) ) ;
#365 = CARTESIAN_POINT ( 'NONE',  ( -0.2999999998899776600, 1.439558585120840300, -0.6790520214074912100 ) ) ;
#366 = EDGE_CURVE ( 'NONE', #5460, #4266, #616, .T. ) ;
#367 = DIRECTION ( 'NONE',  ( 0.0000000000000000000, 0.0000000000000000000, 1.000000000000000000 ) ) ;
#368 = CARTESIAN_POINT ( 'NONE',  ( 0.2999999999999721800, 1.100000000000000100, -1.367479433117873200 ) ) ;
#369 = VERTEX_POINT ( 'NONE', #579 ) ;
#370 = LINE ( 'NONE', #2972, #3974 ) ;
#371 = CARTESIAN_POINT ( 'NONE',  ( -0.2986561127824000100, 1.431495308077000300, -0.6416771958979000700 ) ) ;
#372 = CARTESIAN_POINT ( 'NONE',  ( 0.5991209928915000000, 1.398397112240999900, 0.3561897341002000000 ) ) ;
#373 = CARTESIAN_POINT ( 'NONE',  ( 0.5681780459441784200, 0.9000000000000000200, 0.4008341793861191500 ) ) ;
#374 = CARTESIAN_POINT ( 'NONE',  ( -0.5999999999999999800, 0.05000000000000000300, 0.0000000000000000000 ) ) ;
#375 = ADVANCED_FACE ( 'NONE', ( #6056 ), #710, .T. ) ;
#377 = ORIENTED_EDGE ( 'NONE', *, *, #2128, .T. ) ;
#376 = CARTESIAN_POINT ( 'NONE',  ( 0.05640688529813939900, 0.1499999999999999700, -0.1995437798101424300 ) ) ;
#378 = CARTESIAN_POINT ( 'NONE',  ( 0.2999999999999999900, 1.572975568586595200, -0.7439231976041976700 ) ) ;
#379 = CARTESIAN_POINT ( 'NONE',  ( 0.2500000000000000000, -1.741415926536000100, -1.671460183660000000 ) ) ;
#380 =( NAMED_UNIT ( * ) PLANE_ANGLE_UNIT ( ) SI_UNIT ( $, .RADIAN. ) );
#381 = EDGE_CURVE ( 'NONE', #4770, #2913, #6132, .T. ) ;
#382 = FACE_OUTER_BOUND ( 'NONE', #1446, .T. ) ;
#383 = DIRECTION ( 'NONE',  ( 1.000000000000000000, -0.0000000000000000000, 0.0000000000000000000 ) ) ;
#384 = CARTESIAN_POINT ( 'NONE',  ( -1.033762249059110500, 1.653794664036922800, -0.2999999999999999900 ) ) ;
#385 = CARTESIAN_POINT ( 'NONE',  ( 0.0000000000000000000, 1.100000000000000100, -0.9738101797978001600 ) ) ;
#386 = LINE ( 'NONE', #3578, #2867 ) ;
#387 = VERTEX_POINT ( 'NONE', #231 ) ;
#388 = CARTESIAN_POINT ( 'NONE',  ( 0.6429146232921999500, 1.428809772933999900, 0.2986843389971999300 ) ) ;
#389 = CARTESIAN_POINT ( 'NONE',  ( 0.07436173621252667500, 0.6499999999999999100, -0.2912736903682448000 ) ) ;
#390 = CARTESIAN_POINT ( 'NONE',  ( 4.653657836759942400E-017, 0.8100000000000000500, -0.7599999999999876900 ) ) ;
#391 = CARTESIAN_POINT ( 'NONE',  ( -0.3021292665241264700, 0.8000000000000001600, 0.6977625521847866700 ) ) ;
#392 = VECTOR ( 'NONE', #5020, 1000.000000000000000 ) ;
#393 = CARTESIAN_POINT ( 'NONE',  ( 0.0000000000000000000, 0.0000000000000000000, 0.02853981633975000200 ) ) ;
#394 = CARTESIAN_POINT ( 'NONE',  ( 0.1339782380279655200, 1.119315285916009600, -1.367479433118000000 ) ) ;
#395 = FACE_OUTER_BOUND ( 'NONE', #1520, .T. ) ;
#396 = EDGE_CURVE ( 'NONE', #4033, #676, #5801, .T. ) ;
#397 = ORIENTED_EDGE ( 'NONE', *, *, #5766, .F. ) ;
#398 = CARTESIAN_POINT ( 'NONE',  ( 1.250000000000000200, 0.02000000000000000000, 1.700000000000000200 ) ) ;
#399 = ADVANCED_FACE ( 'NONE', ( #5090 ), #5913, .F. ) ;
#400 = ORIENTED_EDGE ( 'NONE', *, *, #2375, .T. ) ;
#401 = DIRECTION ( 'NONE',  ( -1.000000000000000000, 0.0000000000000000000, 0.0000000000000000000 ) ) ;
#402 = LINE ( 'NONE', #2357, #247 ) ;
#403 = PLANE ( 'NONE',  #907 ) ;
#404 = CARTESIAN_POINT ( 'NONE',  ( 0.4633975756960150800, 0.7999999999999999300, 0.6112999394516633900 ) ) ;
#405 = ORIENTED_EDGE ( 'NONE', *, *, #3617, .T. ) ;
#406 = EDGE_CURVE ( 'NONE', #4574, #4421, #2387, .T. ) ;
#407 = CARTESIAN_POINT ( 'NONE',  ( 0.2999999999999999900, 1.653794664036922800, 1.033762249059110300 ) ) ;
#408 = LINE ( 'NONE', #3464, #1786 ) ;
#409 = ORIENTED_EDGE ( 'NONE', *, *, #3478, .F. ) ;
#410 = VERTEX_POINT ( 'NONE', #1106 ) ;
#411 = CARTESIAN_POINT ( 'NONE',  ( 0.2500000000000000000, -0.05000000000000000300, -1.741460183660000100 ) ) ;
#412 = ORIENTED_EDGE ( 'NONE', *, *, #4011, .F. ) ;
#413 = ORIENTED_EDGE ( 'NONE', *, *, #5416, .T. ) ;
#414 = ORIENTED_EDGE ( 'NONE', *, *, #6024, .T. ) ;
#415 = CARTESIAN_POINT ( 'NONE',  ( 1.266131686537702800, 1.100000000000000100, 0.6015439523597043700 ) ) ;
#416 = EDGE_LOOP ( 'NONE', ( #2313, #6098, #5622, #498 ) ) ;
#417 = B_SPLINE_CURVE_WITH_KNOTS ( 'NONE', 3,
 ( #5387, #2505, #658, #3942, #1120, #4444, #1589, #4929, #2046, #5406 ),
 .UNSPECIFIED., .F., .F.,
 ( 4, 2, 2, 2, 4 ),
 ( 0.0000000000000000000, 0.2500000000000000000, 0.5000000000000000000, 0.7500000000000000000, 1.000000000000000000 ),
 .UNSPECIFIED. ) ;
#418 = ORIENTED_EDGE ( 'NONE', *, *, #4388, .F. ) ;
#419 = CARTESIAN_POINT ( 'NONE',  ( 0.3000000000024156700, 1.561383992050066100, 0.9846856982542751000 ) ) ;
#420 = CARTESIAN_POINT ( 'NONE',  ( -0.4796188333398750900, 1.700000000003883500, -1.007383371169879000 ) ) ;
#421 = CARTESIAN_POINT ( 'NONE',  ( 3.704388593286589500E-017, 0.9000000000000001300, 0.6049725677420999500 ) ) ;
#422 = EDGE_CURVE ( 'NONE', #2243, #5045, #41, .T. ) ;
#423 = PLANE ( 'NONE',  #1950 ) ;
#424 = DIRECTION ( 'NONE',  ( -1.000000000000000000, 0.0000000000000000000, 0.0000000000000000000 ) ) ;
#425 = VERTEX_POINT ( 'NONE', #1134 ) ;
#426 = EDGE_CURVE ( 'NONE', #5638, #3372, #855, .T. ) ;
#427 = DIRECTION ( 'NONE',  ( 0.0000000000000000000, 0.0000000000000000000, -1.000000000000000000 ) ) ;
#428 = LINE ( 'NONE', #1819, #1662 ) ;
#429 = CARTESIAN_POINT ( 'NONE',  ( 0.6842078896604003600, 0.7999999999999999300, 1.368415779320800100 ) ) ;
#430 = ORIENTED_EDGE ( 'NONE', *, *, #5955, .F. ) ;
#431 = CARTESIAN_POINT ( 'NONE',  ( 0.6790520213273381100, 1.439558585106795400, -0.2999999999372051100 ) ) ;
#432 = PLANE ( 'NONE',  #1679 ) ;
#433 = CARTESIAN_POINT ( 'NONE',  ( 0.7422130362691489200, 0.8099999999999999400, -0.1900721599955952900 ) ) ;
#434 = CARTESIAN_POINT ( 'NONE',  ( -0.3183735634657999800, 1.470474206283000100, 0.5849606355494001400 ) ) ;
#435 = AXIS2_PLACEMENT_3D ( 'NONE', #2835, #34, #3322 ) ;
#436 = VERTEX_POINT ( 'NONE', #1478 ) ;
#437 = ADVANCED_FACE ( 'NONE', ( #4476 ), #1940, .T. ) ;
#438 = AXIS2_PLACEMENT_3D ( 'NONE', #1615, #3993, #1177 ) ;
#439 = FACE_OUTER_BOUND ( 'NONE', #1526, .T. ) ;
#440 = EDGE_CURVE ( 'NONE', #3958, #2419, #2075, .T. ) ;
#441 = ORIENTED_EDGE ( 'NONE', *, *, #5649, .T. ) ;
#442 = CARTESIAN_POINT ( 'NONE',  ( 1.118690852725168400, 1.100000000000000500, -0.8469131502391333800 ) ) ;
#443 = ORIENTED_EDGE ( 'NONE', *, *, #6053, .T. ) ;
#444 = DIRECTION ( 'NONE',  ( -0.0000000000000000000, -1.000000000000000000, -0.0000000000000000000 ) ) ;
#445 = CYLINDRICAL_SURFACE ( 'NONE', #561, 1.399999999999999900 ) ;
#446 = DIRECTION ( 'NONE',  ( 0.0000000000000000000, -1.000000000000000000, 0.0000000000000000000 ) ) ;
#447 = ORIENTED_EDGE ( 'NONE', *, *, #1490, .F. ) ;
#448 = CARTESIAN_POINT ( 'NONE',  ( -0.4405335693662389400, 0.8099999999999999400, -0.6233090288450471300 ) ) ;
#449 = EDGE_CURVE ( 'NONE', #5027, #5321, #4637, .T. ) ;
#450 = CARTESIAN_POINT ( 'NONE',  ( -8.172580936934491800E-015, 1.700000000014006300, -1.100000000018299000 ) ) ;
#451 = CARTESIAN_POINT ( 'NONE',  ( 0.5744029427046567500, 0.8000000000000000400, 0.5004517608268507200 ) ) ;
#452 = CARTESIAN_POINT ( 'NONE',  ( 0.8089488030467924000, 0.8764413300365038200, 1.617897606093584100 ) ) ;
#453 = DIRECTION ( 'NONE',  ( 0.0000000000000000000, 0.0000000000000000000, 1.000000000000000000 ) ) ;
#454 = PLANE ( 'NONE',  #2308 ) ;
#455 = FACE_BOUND ( 'NONE', #2882, .T. ) ;
#456 = ORIENTED_EDGE ( 'NONE', *, *, #3762, .F. ) ;
#457 = CARTESIAN_POINT ( 'NONE',  ( -0.3001765536875999900, 1.533202030043000500, 0.6391631737155000200 ) ) ;
#458 = B_SPLINE_CURVE_WITH_KNOTS ( 'NONE', 3,
 ( #5577, #378, #1306, #4130 ),
 .UNSPECIFIED., .F., .F.,
 ( 4, 4 ),
 ( 0.0000000000000000000, 1.000000000000000000 ),
 .UNSPECIFIED. ) ;
#459 = CARTESIAN_POINT ( 'NONE',  ( -1.300000000000000300, 0.8000000000000002700, -1.300000000000000300 ) ) ;
#460 = DIRECTION ( 'NONE',  ( 0.0000000000000000000, 1.000000000000000000, 0.0000000000000000000 ) ) ;
#461 = FACE_OUTER_BOUND ( 'NONE', #1224, .T. ) ;
#462 = ORIENTED_EDGE ( 'NONE', *, *, #4247, .T. ) ;
#463 = CARTESIAN_POINT ( 'NONE',  ( -0.7422130362691489200, 0.7999999999999999300, -0.1900721599955952100 ) ) ;
#464 = B_SPLINE_CURVE_WITH_KNOTS ( 'NONE', 3,
 ( #1357, #1377, #1827, #5190 ),
 .UNSPECIFIED., .F., .F.,
 ( 4, 4 ),
 ( 0.0000000000000000000, 1.000000000000000000 ),
 .UNSPECIFIED. ) ;
#465 = EDGE_CURVE ( 'NONE', #2684, #4810, #1792, .T. ) ;
#466 = CARTESIAN_POINT ( 'NONE',  ( 0.2999999999986287500, 1.561383992044527200, -0.9846856982387111000 ) ) ;
#467 = CARTESIAN_POINT ( 'NONE',  ( 0.5623619883992999600, 1.518279663893999900, -0.3173132055619999900 ) ) ;
#468 = ADVANCED_FACE ( 'NONE', ( #3190 ), #2122, .T. ) ;
#469 = FACE_OUTER_BOUND ( 'NONE', #1973, .T. ) ;
#470 = CARTESIAN_POINT ( 'NONE',  ( -1.386573416770290300, 1.700000000000000000, 0.6467659811453969600 ) ) ;
#471 = DIRECTION ( 'NONE',  ( 1.000000000000000000, 0.0000000000000000000, 0.0000000000000000000 ) ) ;
#472 = DIRECTION ( 'NONE',  ( 0.0000000000000000000, -1.000000000000000000, 0.0000000000000000000 ) ) ;
#473 = CARTESIAN_POINT ( 'NONE',  ( 0.3000000000006458600, 1.149999999999838500, 0.0000000000000000000 ) ) ;
#474 = AXIS2_PLACEMENT_3D ( 'NONE', #5385, #5734, #5777 ) ;
#475 = CARTESIAN_POINT ( 'NONE',  ( -0.7838367176906000400, 1.500000000000000000, 1.460000000000000000 ) ) ;
#476 = AXIS2_PLACEMENT_3D ( 'NONE', #3280, #478, #3763 ) ;
#477 = VECTOR ( 'NONE', #4839, 1000.000000000000000 ) ;
#478 = DIRECTION ( 'NONE',  ( -1.000000000000000000, -0.0000000000000000000, -0.0000000000000000000 ) ) ;
#479 = CARTESIAN_POINT ( 'NONE',  ( 0.5766281297334999700, 1.700000000000000000, 0.2999999999999999900 ) ) ;
#480 = CARTESIAN_POINT ( 'NONE',  ( 1.386573416770291400, 1.700000000000000200, 0.6467659811453936300 ) ) ;
#481 = VERTEX_POINT ( 'NONE', #1846 ) ;
#482 = CARTESIAN_POINT ( 'NONE',  ( 0.7843973260861398800, 0.8282563434278216200, -1.568794652172279800 ) ) ;
#483 = CARTESIAN_POINT ( 'NONE',  ( 0.1565959976289847100, 0.1500000000000000200, 0.2676680710829438300 ) ) ;
#484 = CARTESIAN_POINT ( 'NONE',  ( -0.6489199635992718400, 1.500351963832976100, 0.2999999990056661000 ) ) ;
#485 = LINE ( 'NONE', #4889, #5379 ) ;
#486 = ORIENTED_EDGE ( 'NONE', *, *, #5809, .T. ) ;
#487 = CARTESIAN_POINT ( 'NONE',  ( -0.2500000000000000000, 0.1385840734641000100, -1.771460183660000100 ) ) ;
#488 = DIRECTION ( 'NONE',  ( -1.000000000000000000, 0.0000000000000000000, -0.0000000000000000000 ) ) ;
#489 = EDGE_CURVE ( 'NONE', #1672, #3059, #4340, .T. ) ;
#490 = LINE ( 'NONE', #2206, #1572 ) ;
#491 = CARTESIAN_POINT ( 'NONE',  ( -0.5999999999999998700, 0.02000000000000000000, 1.680000000000000200 ) ) ;
#492 = CARTESIAN_POINT ( 'NONE',  ( 0.6306584336379998900, 1.551383784550999700, -0.3002140231340000300 ) ) ;
#493 = EDGE_LOOP ( 'NONE', ( #2584, #1040, #1585, #5601, #202, #4914 ) ) ;
#494 = DIRECTION ( 'NONE',  ( 0.0000000000000000000, 0.0000000000000000000, 1.000000000000000000 ) ) ;
#495 = DIRECTION ( 'NONE',  ( 0.0000000000000000000, -0.0000000000000000000, -1.000000000000000000 ) ) ;
#496 = CARTESIAN_POINT ( 'NONE',  ( 0.3000000000006459200, 1.149999999999838500, -0.6000000000012916100 ) ) ;
#497 = FACE_OUTER_BOUND ( 'NONE', #4378, .T. ) ;
#498 = ORIENTED_EDGE ( 'NONE', *, *, #5444, .F. ) ;
#499 = ORIENTED_EDGE ( 'NONE', *, *, #4853, .F. ) ;
#500 = DIRECTION ( 'NONE',  ( -0.0000000000000000000, 0.0000000000000000000, -1.000000000000000000 ) ) ;
#501 = CARTESIAN_POINT ( 'NONE',  ( -0.2999999999999861100, 1.200000000000000000, -1.367479433117936700 ) ) ;
#502 = CARTESIAN_POINT ( 'NONE',  ( -0.6049725677420999500, 0.9000000000000001300, 6.667899467915861100E-017 ) ) ;
#503 = CARTESIAN_POINT ( 'NONE',  ( 1.500000000000000000, 0.8000000000000000400, 1.700000000000000000 ) ) ;
#504 = CARTESIAN_POINT ( 'NONE',  ( 0.7899384841238457100, 1.226613329648787800, 1.155943148271207500 ) ) ;
#505 = ORIENTED_EDGE ( 'NONE', *, *, #2693, .F. ) ;
#506 = ADVANCED_FACE ( 'NONE', ( #4174 ), #2321, .T. ) ;
#507 = B_SPLINE_CURVE_WITH_KNOTS ( 'NONE', 3,
 ( #5305, #1506, #3395, #592 ),
 .UNSPECIFIED., .F., .F.,
 ( 4, 4 ),
 ( 0.0000000000000000000, 1.000000000000000000 ),
 .UNSPECIFIED. ) ;
#508 = CARTESIAN_POINT ( 'NONE',  ( 0.1819152030507588700, 0.6500000000000001300, 0.2395187910599467500 ) ) ;
#509 = ORIENTED_EDGE ( 'NONE', *, *, #5634, .F. ) ;
#510 = ORIENTED_EDGE ( 'NONE', *, *, #2272, .T. ) ;
#511 = CARTESIAN_POINT ( 'NONE',  ( -0.3024647629491506500, 1.521077165436733200, -0.6067543222272616700 ) ) ;
#512 = EDGE_CURVE ( 'NONE', #4432, #1407, #705, .T. ) ;
#513 = COLOUR_RGB ( '',0.7921568627450980000, 0.8196078431372548800, 0.9333333333333333500 ) ;
#514 = VERTEX_POINT ( 'NONE', #2828 ) ;
#515 = CARTESIAN_POINT ( 'NONE',  ( -0.09638341997458715900, 0.9833497400762980500, -1.367479433118000000 ) ) ;
#516 = ORIENTED_EDGE ( 'NONE', *, *, #4544, .F. ) ;
#517 = DIRECTION ( 'NONE',  ( 0.0000000000000000000, 0.0000000000000000000, 1.000000000000000000 ) ) ;
#518 = ORIENTED_EDGE ( 'NONE', *, *, #4265, .T. ) ;
#519 = CARTESIAN_POINT ( 'NONE',  ( 0.0000000000000000000, 1.149999999999999900, 0.0000000000000000000 ) ) ;
#520 = VECTOR ( 'NONE', #4681, 1000.000000000000000 ) ;
#521 = AXIS2_PLACEMENT_3D ( 'NONE', #5474, #5257, #2118 ) ;
#522 = CARTESIAN_POINT ( 'NONE',  ( -1.528788438951438800, 1.700000000000000000, 0.06081104660688770700 ) ) ;
#523 = CARTESIAN_POINT ( 'NONE',  ( -0.3000000000006458100, 1.149999999999838500, -0.6000000000012916100 ) ) ;
#524 = EDGE_LOOP ( 'NONE', ( #3003, #2541, #5448, #3949, #5937 ) ) ;
#525 = VERTEX_POINT ( 'NONE', #2557 ) ;
#526 = CARTESIAN_POINT ( 'NONE',  ( 0.6337405833535756400, 1.530703003447696500, -0.2999999996275749500 ) ) ;
#527 = LINE ( 'NONE', #2516, #2844 ) ;
#528 = CARTESIAN_POINT ( 'NONE',  ( 0.5999999999999999800, 0.05000000000000000300, -1.000000000000000000 ) ) ;
#529 = PLANE ( 'NONE',  #4235 ) ;
#530 = CARTESIAN_POINT ( 'NONE',  ( -0.2500000000000000000, 0.1385840734641000100, -1.671460183660000000 ) ) ;
#531 = AXIS2_PLACEMENT_3D ( 'NONE', #5568, #2674, #6049 ) ;
#532 = ORIENTED_EDGE ( 'NONE', *, *, #5006, .T. ) ;
#533 = DIRECTION ( 'NONE',  ( 0.0000000000000000000, 1.000000000000000000, 0.0000000000000000000 ) ) ;
#534 = EDGE_CURVE ( 'NONE', #3750, #3726, #4551, .T. ) ;
#535 = CARTESIAN_POINT ( 'NONE',  ( -0.6623202189394653500, 0.8100000000000002800, 0.3738742246835473600 ) ) ;
#536 = CARTESIAN_POINT ( 'NONE',  ( -1.200000000000000000, 0.02000000000000000000, 1.680000000000000200 ) ) ;
#537 = ORIENTED_EDGE ( 'NONE', *, *, #82, .F. ) ;
#538 = CARTESIAN_POINT ( 'NONE',  ( 0.6500000000000001300, 0.8000000000000000400, 1.693333333333333400 ) ) ;
#539 = CARTESIAN_POINT ( 'NONE',  ( 0.3082396377072003100, 1.599999999996271300, 1.146970053751685800 ) ) ;
#540 = ADVANCED_FACE ( 'NONE', ( #1641 ), #4015, .T. ) ;
#541 = CARTESIAN_POINT ( 'NONE',  ( -1.508834377020278800, 1.700000000000000600, -0.2535959328988385300 ) ) ;
#542 = CARTESIAN_POINT ( 'NONE',  ( 0.7162466278654599000, 0.8000000000000001600, -0.2554356310462795900 ) ) ;
#543 = EDGE_CURVE ( 'NONE', #3431, #1601, #3425, .T. ) ;
#544 = FACE_OUTER_BOUND ( 'NONE', #3823, .T. ) ;
#545 = ORIENTED_EDGE ( 'NONE', *, *, #4836, .T. ) ;
#546 = B_SPLINE_CURVE_WITH_KNOTS ( 'NONE', 3,
 ( #5586, #5071, #5053, #5679, #5728, #5750, #5969, #6014, #6025, #6046, #6076, #6115, #6167, #6050, #6028, #5994, #5952, #5916, #5885, #5611, #5569, #5546, #5499, #5464, #5423, #5139, #5074, #4953, #4931, #4912 ),
 .UNSPECIFIED., .F., .F.,
 ( 4, 1, 2, 2, 2, 1, 2, 2, 2, 1, 2, 2, 2, 1, 2, 2, 4 ),
 ( 0.0000000000000000000, 0.03124999999999983300, 0.04687499999999982000, 0.06249999999999980600, 0.1249999999999997800, 0.1562499999999997500, 0.1718749999999997500, 0.1874999999999997500, 0.2499999999999997200, 0.2812499999999997200, 0.2968749999999996700, 0.3124999999999996700, 0.3749999999999997800, 0.4062499999999998300, 0.4218749999999998300, 0.4374999999999998900, 0.5000000000000000000 ),
 .UNSPECIFIED. ) ;
#547 = DIRECTION ( 'NONE',  ( 0.0000000000000000000, -1.000000000000000000, 0.0000000000000000000 ) ) ;
#548 = DIRECTION ( 'NONE',  ( 0.0000000000000000000, -1.000000000000000000, 0.0000000000000000000 ) ) ;
#549 = CARTESIAN_POINT ( 'NONE',  ( -0.5999999999999999800, 0.02000000000000000000, -1.000000000000000000 ) ) ;
#550 = VECTOR ( 'NONE', #2047, 1000.000000000000000 ) ;
#551 = CARTESIAN_POINT ( 'NONE',  ( -1.200000000000000000, 0.8000000000000000400, 1.680000000000000200 ) ) ;
#552 = VECTOR ( 'NONE', #1211, 1000.000000000000000 ) ;
#553 = EDGE_CURVE ( 'NONE', #5927, #3256, #408, .T. ) ;
#554 = EDGE_CURVE ( 'NONE', #1876, #5401, #5320, .T. ) ;
#555 = CARTESIAN_POINT ( 'NONE',  ( 0.8531705573916944500, 1.200000000000000000, 1.109999999999992800 ) ) ;
#556 = CIRCLE ( 'NONE', #5892, 0.03000000000000007900 ) ;
#557 = DIRECTION ( 'NONE',  ( -0.0000000000000000000, 0.0000000000000000000, -1.000000000000000000 ) ) ;
#558 = CARTESIAN_POINT ( 'NONE',  ( 1.199999999999999700, 0.02000000000000000000, 1.680000000000000200 ) ) ;
#559 = VERTEX_POINT ( 'NONE', #4492 ) ;
#560 = CARTESIAN_POINT ( 'NONE',  ( 0.9228576348229943200, 1.099999999970750600, 6.781047891416917600E-017 ) ) ;
#561 = AXIS2_PLACEMENT_3D ( 'NONE', #3141, #3161, #2203 ) ;
#562 = CARTESIAN_POINT ( 'NONE',  ( 0.9738101798291155500, 1.200000000039835900, 0.2549429089118424000 ) ) ;
#563 = FACE_OUTER_BOUND ( 'NONE', #1482, .T. ) ;
#564 = CARTESIAN_POINT ( 'NONE',  ( -0.5397728008854113500, 1.149999999999999700, 0.3157876092791422900 ) ) ;
#565 = CARTESIAN_POINT ( 'NONE',  ( 0.1583814478701613100, 1.149999999999999900, 0.6049725677420999500 ) ) ;
#566 = ADVANCED_FACE ( 'NONE', ( #5162 ), #2591, .T. ) ;
#567 = EDGE_LOOP ( 'NONE', ( #3931, #2328, #5459, #3263 ) ) ;
#568 = VECTOR ( 'NONE', #1263, 1000.000000000000000 ) ;
#569 = ORIENTED_EDGE ( 'NONE', *, *, #5995, .F. ) ;
#570 = PLANE ( 'NONE',  #5776 ) ;
#571 = ORIENTED_EDGE ( 'NONE', *, *, #2272, .F. ) ;
#572 = CARTESIAN_POINT ( 'NONE',  ( -0.3000000000002214800, 1.149999999999964200, -2.449293598297418600E-017 ) ) ;
#573 = EDGE_CURVE ( 'NONE', #2237, #5606, #2732, .T. ) ;
#574 = ORIENTED_EDGE ( 'NONE', *, *, #4917, .F. ) ;
#575 = VERTEX_POINT ( 'NONE', #4775 ) ;
#576 = CARTESIAN_POINT ( 'NONE',  ( -0.1941490250885359300, 0.1500000000000000200, -0.05020852085462157400 ) ) ;
#577 = VERTEX_POINT ( 'NONE', #4862 ) ;
#578 = CARTESIAN_POINT ( 'NONE',  ( 0.3197096948484999300, 1.406581436720999700, -0.6149131763295998500 ) ) ;
#579 = CARTESIAN_POINT ( 'NONE',  ( -1.450000000000000000, 0.8000000000000000400, 1.200000000000000000 ) ) ;
#580 = VERTEX_POINT ( 'NONE', #4 ) ;
#581 = CARTESIAN_POINT ( 'NONE',  ( -0.2700000000000000200, 0.0000000000000000000, -1.851460183660000200 ) ) ;
#582 = CARTESIAN_POINT ( 'NONE',  ( 0.6218334208566103100, 1.526134712050838600, -0.2999999997543713000 ) ) ;
#583 = B_SPLINE_CURVE_WITH_KNOTS ( 'NONE', 3,
 ( #2721, #3216, #407, #3691 ),
 .UNSPECIFIED., .F., .F.,
 ( 4, 4 ),
 ( 0.0000000000000000000, 1.000000000000000000 ),
 .UNSPECIFIED. ) ;
#584 = CARTESIAN_POINT ( 'NONE',  ( 0.2000000000000000100, 0.1499999999999999900, 1.714505518806295000E-017 ) ) ;
#585 = EDGE_LOOP ( 'NONE', ( #3572, #6057, #2446, #884 ) ) ;
#586 = CARTESIAN_POINT ( 'NONE',  ( -0.5803225640282000400, 1.480317998873000000, 0.3181600179733000100 ) ) ;
#587 = DIRECTION ( 'NONE',  ( 0.0000000000000000000, 0.0000000000000000000, -1.000000000000000000 ) ) ;
#588 = LINE ( 'NONE', #6160, #129 ) ;
#589 = VERTEX_POINT ( 'NONE', #4884 ) ;
#590 = EDGE_CURVE ( 'NONE', #3489, #4016, #252, .T. ) ;
#591 = VERTEX_POINT ( 'NONE', #5834 ) ;
#592 = CARTESIAN_POINT ( 'NONE',  ( 1.200000000000000000, 0.7991607978309981400, 1.699999999999999500 ) ) ;
#593 = VECTOR ( 'NONE', #1020, 1000.000000000000000 ) ;
#594 = ORIENTED_EDGE ( 'NONE', *, *, #5958, .T. ) ;
#595 = AXIS2_PLACEMENT_3D ( 'NONE', #491, #4737, #517 ) ;
#596 = ORIENTED_EDGE ( 'NONE', *, *, #255, .T. ) ;
#597 = CARTESIAN_POINT ( 'NONE',  ( 0.3000637230449999500, 1.454164185044999800, -0.6758614101390000300 ) ) ;
#598 = AXIS2_PLACEMENT_3D ( 'NONE', #3694, #6060, #4214 ) ;
#599 = CIRCLE ( 'NONE', #4808, 0.6890731128805782600 ) ;
#600 = CARTESIAN_POINT ( 'NONE',  ( 0.7838367176906000400, 1.500000000000000000, 1.360000000000000100 ) ) ;
#601 = ORIENTED_EDGE ( 'NONE', *, *, #859, .T. ) ;
#602 = CARTESIAN_POINT ( 'NONE',  ( 0.6067543212235326800, 1.521077165119218800, -0.3024647633415894500 ) ) ;
#603 = ORIENTED_EDGE ( 'NONE', *, *, #145, .F. ) ;
#604 = CARTESIAN_POINT ( 'NONE',  ( 0.07981485436525000100, 1.199840342104000000, 1.954900118456311500E-017 ) ) ;
#605 = CARTESIAN_POINT ( 'NONE',  ( 0.5500000000000000400, 3.916119999999999400, 1.600000000000000100 ) ) ;
#606 = CARTESIAN_POINT ( 'NONE',  ( -0.6361645579025999600, 1.539620569979000000, 0.3001890750798000300 ) ) ;
#607 = CARTESIAN_POINT ( 'NONE',  ( 0.3000000006508827800, 1.500351967188383600, -0.6489199567596404300 ) ) ;
#608 =( GEOMETRIC_REPRESENTATION_CONTEXT ( 3 ) GLOBAL_UNCERTAINTY_ASSIGNED_CONTEXT ( ( #731 ) ) GLOBAL_UNIT_ASSIGNED_CONTEXT ( ( #2711, #6095, #3207 ) ) REPRESENTATION_CONTEXT ( 'NONE', 'WORKASPACE' ) );
#609 = EDGE_CURVE ( 'NONE', #5039, #481, #5012, .T. ) ;
#610 = CIRCLE ( 'NONE', #3086, 0.6890731128805782600 ) ;
#611 = ORIENTED_EDGE ( 'NONE', *, *, #3078, .F. ) ;
#612 = CARTESIAN_POINT ( 'NONE',  ( 0.0000000000000000000, -0.05000000000000000300, -1.851460183660000000 ) ) ;
#613 = CARTESIAN_POINT ( 'NONE',  ( 0.1339782380279999900, 1.119315285916000000, -0.9738101797978001600 ) ) ;
#614 = VECTOR ( 'NONE', #2071, 1000.000000000000000 ) ;
#615 = VERTEX_POINT ( 'NONE', #3275 ) ;
#616 = B_SPLINE_CURVE_WITH_KNOTS ( 'NONE', 3,
 ( #1718, #1584, #1398, #450 ),
 .UNSPECIFIED., .F., .F.,
 ( 4, 4 ),
 ( 0.0000000000000000000, 0.5000000000000000000 ),
 .UNSPECIFIED. ) ;
#617 = DIRECTION ( 'NONE',  ( 0.0000000000000000000, 1.000000000000000000, 0.0000000000000000000 ) ) ;
#618 = EDGE_CURVE ( 'NONE', #3802, #2393, #2326, .T. ) ;
#619 = CARTESIAN_POINT ( 'NONE',  ( -0.6923796404673260300, 0.8999999999446119900, -0.1812645656851177600 ) ) ;
#620 = CARTESIAN_POINT ( 'NONE',  ( -0.2999999999999999900, 0.1499999999999999900, 3.306546357697853100E-017 ) ) ;
#621 = CARTESIAN_POINT ( 'NONE',  ( 0.5751513698154324700, 1.512413741473694900, -0.3184293563789675800 ) ) ;
#622 = VECTOR ( 'NONE', #1628, 1000.000000000000000 ) ;
#623 = DIRECTION ( 'NONE',  ( -0.0000000000000000000, -0.0000000000000000000, -1.000000000000000000 ) ) ;
#624 = VECTOR ( 'NONE', #1920, 1000.000000000000000 ) ;
#625 = CARTESIAN_POINT ( 'NONE',  ( 0.3000000000038566300, 1.200000000015934100, -0.9264481994693101200 ) ) ;
#626 = EDGE_LOOP ( 'NONE', ( #1027, #786, #2757, #752 ) ) ;
#627 = DIRECTION ( 'NONE',  ( -1.000000000000000000, -0.0000000000000000000, -0.0000000000000000000 ) ) ;
#628 = CARTESIAN_POINT ( 'NONE',  ( 0.7838367176906001500, 1.100000000000000100, 1.186179938779914600 ) ) ;
#629 = FACE_OUTER_BOUND ( 'NONE', #1711, .T. ) ;
#630 = DIRECTION ( 'NONE',  ( 0.0000000000000000000, 0.0000000000000000000, -1.000000000000000000 ) ) ;
#631 = ORIENTED_EDGE ( 'NONE', *, *, #3824, .T. ) ;
#632 = CARTESIAN_POINT ( 'NONE',  ( 1.350000000000000100, 0.8100000000000000500, -0.1200000000000000200 ) ) ;
#633 = CARTESIAN_POINT ( 'NONE',  ( 0.5918697444674498900, 1.416935847595316900, -0.3528625246568332100 ) ) ;
#634 = LINE ( 'NONE', #1928, #4093 ) ;
#635 = CARTESIAN_POINT ( 'NONE',  ( 0.5589875524136234100, 1.508986332454534300, -0.3323984216978077600 ) ) ;
#636 = ORIENTED_EDGE ( 'NONE', *, *, #5206, .T. ) ;
#637 = AXIS2_PLACEMENT_3D ( 'NONE', #1686, #5035, #2146 ) ;
#638 = CARTESIAN_POINT ( 'NONE',  ( -0.5533702934665827300, 1.496859463623929400, -0.3507246230271132100 ) ) ;
#639 = EDGE_CURVE ( 'NONE', #810, #2413, #1246, .T. ) ;
#640 = CIRCLE ( 'NONE', #2800, 0.6890731133353256200 ) ;
#641 = CARTESIAN_POINT ( 'NONE',  ( 0.7838367176906001500, 1.499999999999999800, 1.486179938779914400 ) ) ;
#642 = VERTEX_POINT ( 'NONE', #3049 ) ;
#643 = VERTEX_POINT ( 'NONE', #3072 ) ;
#644 = VERTEX_POINT ( 'NONE', #2912 ) ;
#645 = DIRECTION ( 'NONE',  ( 0.0000000000000000000, 0.0000000000000000000, 1.000000000000000000 ) ) ;
#646 = CARTESIAN_POINT ( 'NONE',  ( 1.500000000000000000, 0.0000000000000000000, -1.100000000000000100 ) ) ;
#647 = EDGE_CURVE ( 'NONE', #6051, #5398, #6136, .T. ) ;
#648 = ORIENTED_EDGE ( 'NONE', *, *, #406, .T. ) ;
#649 = VERTEX_POINT ( 'NONE', #3466 ) ;
#650 = CYLINDRICAL_SURFACE ( 'NONE', #4851, 0.2000000000000000100 ) ;
#651 = VERTEX_POINT ( 'NONE', #5797 ) ;
#652 = CARTESIAN_POINT ( 'NONE',  ( -0.2600000000000000100, -0.05000000000000000300, -1.631460183660000200 ) ) ;
#653 = CARTESIAN_POINT ( 'NONE',  ( -0.6177597428057060000, 0.8999999999446118800, -0.3614129348478079000 ) ) ;
#654 = B_SPLINE_CURVE_WITH_KNOTS ( 'NONE', 3,
 ( #2790, #5693, #3284, #483, #3769, #957 ),
 .UNSPECIFIED., .F., .F.,
 ( 4, 2, 4 ),
 ( 0.0000000000000000000, 0.2500000000000000600, 0.5000000000000000000 ),
 .UNSPECIFIED. ) ;
#655 = ORIENTED_EDGE ( 'NONE', *, *, #5465, .T. ) ;
#656 = ORIENTED_EDGE ( 'NONE', *, *, #4765, .T. ) ;
#657 = LINE ( 'NONE', #3184, #1101 ) ;
#658 = CARTESIAN_POINT ( 'NONE',  ( 0.1559248668172167300, 0.8777584632514047200, -1.367479433118000000 ) ) ;
#659 = CARTESIAN_POINT ( 'NONE',  ( -1.350000000000000100, 0.8000000000000000400, 1.100000000000000100 ) ) ;
#660 = ORIENTED_EDGE ( 'NONE', *, *, #5426, .T. ) ;
#661 = DIRECTION ( 'NONE',  ( -0.0000000000000000000, 0.0000000000000000000, -1.000000000000000000 ) ) ;
#662 = VERTEX_POINT ( 'NONE', #3112 ) ;
#663 = VECTOR ( 'NONE', #5380, 1000.000000000000000 ) ;
#664 = EDGE_CURVE ( 'NONE', #2914, #3802, #3879, .T. ) ;
#665 = CARTESIAN_POINT ( 'NONE',  ( -0.3000000000026191200, 1.700000000010851300, 1.058300524439611300 ) ) ;
#666 = EDGE_CURVE ( 'NONE', #4110, #3728, #3553, .T. ) ;
#667 = PLANE ( 'NONE',  #2724 ) ;
#668 = CARTESIAN_POINT ( 'NONE',  ( -0.3024647639256095600, 1.521077163935030200, 0.6067543184768328100 ) ) ;
#669 = ORIENTED_EDGE ( 'NONE', *, *, #1784, .T. ) ;
#670 = LINE ( 'NONE', #4321, #5730 ) ;
#671 = CARTESIAN_POINT ( 'NONE',  ( 0.1023689270621825900, 0.1499999999999999900, -0.1812184457248170700 ) ) ;
#672 = CARTESIAN_POINT ( 'NONE',  ( 0.0000000000000000000, 1.416935847316835900, 0.0000000000000000000 ) ) ;
#673 = AXIS2_PLACEMENT_3D ( 'NONE', #1317, #1497, #1335 ) ;
#674 = CARTESIAN_POINT ( 'NONE',  ( -0.5500000000000000400, 0.0000000000000000000, 1.600000000000000100 ) ) ;
#675 = CARTESIAN_POINT ( 'NONE',  ( -0.3614129352741170000, 0.8999999999446116600, -0.6177597425562987300 ) ) ;
#676 = VERTEX_POINT ( 'NONE', #5512 ) ;
#677 = DIRECTION ( 'NONE',  ( -1.000000000000000000, -0.0000000000000000000, 0.0000000000000000000 ) ) ;
#678 = CARTESIAN_POINT ( 'NONE',  ( -1.350000000000000500, 0.8100000000000001600, -0.2967145867644261900 ) ) ;
#679 = CARTESIAN_POINT ( 'NONE',  ( 0.5474792456280190800, 1.508986332753474500, -0.3503804728533401200 ) ) ;
#680 = VECTOR ( 'NONE', #2643, 1000.000000000000000 ) ;
#681 = ORIENTED_EDGE ( 'NONE', *, *, #4559, .T. ) ;
#682 = EDGE_CURVE ( 'NONE', #5460, #133, #5670, .T. ) ;
#683 = DIRECTION ( 'NONE',  ( 0.0000000000000000000, -0.0000000000000000000, -1.000000000000000000 ) ) ;
#684 = CARTESIAN_POINT ( 'NONE',  ( -0.6790520212323885000, 1.439558585075217900, 0.2999999999970413000 ) ) ;
#685 = CARTESIAN_POINT ( 'NONE',  ( 0.0000000000000000000, 1.745000000000000300, 0.0000000000000000000 ) ) ;
#686 = FACE_OUTER_BOUND ( 'NONE', #4738, .T. ) ;
#687 = ORIENTED_EDGE ( 'NONE', *, *, #1187, .T. ) ;
#688 = ADVANCED_FACE ( 'NONE', ( #2303 ), #2148, .F. ) ;
#689 = CARTESIAN_POINT ( 'NONE',  ( 1.200000000000000000, 0.8000000000000000400, 1.680000000000000200 ) ) ;
#690 = CARTESIAN_POINT ( 'NONE',  ( 0.3966269526436723100, 0.7999999999999999300, 0.5611314983283536300 ) ) ;
#691 = CARTESIAN_POINT ( 'NONE',  ( -0.1812645661629215300, 0.8999999999446116600, -0.6923796403422368700 ) ) ;
#692 = LINE ( 'NONE', #726, #5585 ) ;
#693 = ORIENTED_EDGE ( 'NONE', *, *, #4901, .F. ) ;
#694 = CIRCLE ( 'NONE', #3302, 0.9738101798291153300 ) ;
#695 = CARTESIAN_POINT ( 'NONE',  ( 0.3533596438850285000, 0.8100000000000001600, -1.434863113502226500 ) ) ;
#696 = CARTESIAN_POINT ( 'NONE',  ( 0.8854431781248136600, 1.629407900820872600, 0.2999999999999999900 ) ) ;
#697 = DIRECTION ( 'NONE',  ( -1.000000000000000000, -0.0000000000000000000, -0.0000000000000000000 ) ) ;
#698 = EDGE_CURVE ( 'NONE', #5475, #5638, #3235, .T. ) ;
#699 = ORIENTED_EDGE ( 'NONE', *, *, #3966, .T. ) ;
#700 = LINE ( 'NONE', #1625, #5600 ) ;
#702 = DIRECTION ( 'NONE',  ( 0.0000000000000000000, 0.0000000000000000000, 1.000000000000000000 ) ) ;
#701 = DIRECTION ( 'NONE',  ( 0.0000000000000000000, 0.0000000000000000000, 1.000000000000000000 ) ) ;
#703 = ORIENTED_EDGE ( 'NONE', *, *, #3348, .F. ) ;
#704 = CARTESIAN_POINT ( 'NONE',  ( -0.5999999999999999800, 0.8000000000000000400, 1.700000000000000000 ) ) ;
#705 = LINE ( 'NONE', #4083, #568 ) ;
#706 = EDGE_LOOP ( 'NONE', ( #2315, #6145, #4975, #724 ) ) ;
#707 = PLANE ( 'NONE',  #438 ) ;
#708 = CARTESIAN_POINT ( 'NONE',  ( -0.5171099832119613300, 0.7999999999999999300, 0.4505584704547373500 ) ) ;
#709 = VERTEX_POINT ( 'NONE', #5201 ) ;
#710 = PLANE ( 'NONE',  #1450 ) ;
#711 = CARTESIAN_POINT ( 'NONE',  ( 0.0000000000000000000, 0.1000000000000000100, 0.0000000000000000000 ) ) ;
#712 = EDGE_LOOP ( 'NONE', ( #4719, #1814, #901, #412 ) ) ;
#713 = ORIENTED_EDGE ( 'NONE', *, *, #199, .T. ) ;
#714 = AXIS2_PLACEMENT_3D ( 'NONE', #5627, #2291, #5651 ) ;
#715 = ORIENTED_EDGE ( 'NONE', *, *, #5742, .F. ) ;
#716 = CARTESIAN_POINT ( 'NONE',  ( -1.350000000000000100, 0.8000000000000000400, 0.0000000000000000000 ) ) ;
#717 = ADVANCED_FACE ( 'NONE', ( #5982 ), #5367, .T. ) ;
#718 = CARTESIAN_POINT ( 'NONE',  ( 1.130174648463077300E-016, 1.099999999837564200, -0.9228576347481976000 ) ) ;
#719 = ORIENTED_EDGE ( 'NONE', *, *, #3985, .T. ) ;
#720 = CARTESIAN_POINT ( 'NONE',  ( -0.9076022680176957200, 1.200000000039835600, -0.4077104556744643400 ) ) ;
#721 = EDGE_CURVE ( 'NONE', #2301, #1452, #2126, .T. ) ;
#722 = CARTESIAN_POINT ( 'NONE',  ( -0.5979388825239000400, 1.442861549952000100, -0.3189622407975000200 ) ) ;
#723 = B_SPLINE_CURVE_WITH_KNOTS ( 'NONE', 3,
 ( #316, #51, #470, #522, #541, #779, #802, #821, #840, #860 ),
 .UNSPECIFIED., .F., .F.,
 ( 4, 2, 2, 2, 4 ),
 ( 0.0000000000000000000, 0.1250000000000000300, 0.2500000000000000000, 0.3750000000000001100, 0.5000000000000000000 ),
 .UNSPECIFIED. ) ;
#724 = ORIENTED_EDGE ( 'NONE', *, *, #3148, .T. ) ;
#725 = ORIENTED_EDGE ( 'NONE', *, *, #1654, .F. ) ;
#726 = CARTESIAN_POINT ( 'NONE',  ( -0.5999999999999999800, 0.05000000000000000300, 0.0000000000000000000 ) ) ;
#727 = CARTESIAN_POINT ( 'NONE',  ( 0.3323984257774256800, 1.508986333150305500, -0.5589875517416599300 ) ) ;
#728 = LINE ( 'NONE', #379, #5625 ) ;
#729 = EDGE_CURVE ( 'NONE', #1533, #1958, #1216, .T. ) ;
#730 = B_SPLINE_CURVE_WITH_KNOTS ( 'NONE', 3,
 ( #5310, #5516, #5682, #5731, #5771, #5817 ),
 .UNSPECIFIED., .F., .F.,
 ( 4, 2, 4 ),
 ( 0.0000000000000000000, 0.5000000000000000000, 1.000000000000000000 ),
 .UNSPECIFIED. ) ;
#731 = UNCERTAINTY_MEASURE_WITH_UNIT (LENGTH_MEASURE( 1.000000000000000100E-005 ), #2711, 'distance_accuracy_value', 'NONE');
#732 = EDGE_LOOP ( 'NONE', ( #5579, #4962, #5727, #197, #3814, #167, #6003, #2902, #5685, #737, #5996, #257 ) ) ;
#733 = CARTESIAN_POINT ( 'NONE',  ( -0.7838367176906000400, 1.600000000000000100, 1.183820061220084900 ) ) ;
#734 = ORIENTED_EDGE ( 'NONE', *, *, #573, .F. ) ;
#735 = VECTOR ( 'NONE', #1938, 1000.000000000000000 ) ;
#736 = CARTESIAN_POINT ( 'NONE',  ( 1.348415384692301500, 1.600000000000000300, -0.6734302954511381900 ) ) ;
#737 = ORIENTED_EDGE ( 'NONE', *, *, #5100, .T. ) ;
#738 = VERTEX_POINT ( 'NONE', #4846 ) ;
#739 = CARTESIAN_POINT ( 'NONE',  ( 0.2999999999999999900, 1.200000000000000000, -0.9264481994573999800 ) ) ;
#740 = VECTOR ( 'NONE', #1248, 1000.000000000000000 ) ;
#741 = DIRECTION ( 'NONE',  ( 0.0000000000000000000, 0.0000000000000000000, -1.000000000000000000 ) ) ;
#742 = VERTEX_POINT ( 'NONE', #4673 ) ;
#743 = CARTESIAN_POINT ( 'NONE',  ( -0.6483691150104998700, 1.513469746157000100, -0.3001404293845998900 ) ) ;
#744 = CARTESIAN_POINT ( 'NONE',  ( -1.200000000000000000, 0.0000000000000000000, 0.0000000000000000000 ) ) ;
#745 = EDGE_CURVE ( 'NONE', #1925, #2403, #1068, .T. ) ;
#746 = ORIENTED_EDGE ( 'NONE', *, *, #3236, .T. ) ;
#747 = EDGE_CURVE ( 'NONE', #4064, #1672, #3417, .T. ) ;
#748 = CARTESIAN_POINT ( 'NONE',  ( 0.0000000000000000000, 1.200000000000000000, 0.0000000000000000000 ) ) ;
#749 = ADVANCED_FACE ( 'NONE', ( #5843 ), #2407, .T. ) ;
#750 = CARTESIAN_POINT ( 'NONE',  ( -0.2999999998899776600, 1.439558585120840300, -0.6790520214074912100 ) ) ;
#751 = VECTOR ( 'NONE', #683, 1000.000000000000000 ) ;
#752 = ORIENTED_EDGE ( 'NONE', *, *, #2147, .T. ) ;
#753 = AXIS2_PLACEMENT_3D ( 'NONE', #2767, #3254, #453 ) ;
#754 = DIRECTION ( 'NONE',  ( 1.000000000000000000, -0.0000000000000000000, 0.0000000000000000000 ) ) ;
#755 = CARTESIAN_POINT ( 'NONE',  ( -7.963403178040349200E-011, 0.8999999999723058400, -0.6923796403942167300 ) ) ;
#756 = EDGE_CURVE ( 'NONE', #4900, #4349, #4553, .T. ) ;
#757 = CARTESIAN_POINT ( 'NONE',  ( 1.204494750745571200, 1.600000000000000100, 0.9062527702388871700 ) ) ;
#758 = LINE ( 'NONE', #4856, #5660 ) ;
#759 = ORIENTED_EDGE ( 'NONE', *, *, #278, .F. ) ;
#760 = CARTESIAN_POINT ( 'NONE',  ( 0.3000000000019771300, 1.700000000002731800, -1.058300524432975300 ) ) ;
#761 = CARTESIAN_POINT ( 'NONE',  ( 0.7233143873051196500, 0.8099999999999999400, 0.2345328161370478500 ) ) ;
#762 = VECTOR ( 'NONE', #4760, 1000.000000000000000 ) ;
#763 = B_SPLINE_CURVE_WITH_KNOTS ( 'NONE', 3,
 ( #2475, #5844, #2940, #144, #3428, #625 ),
 .UNSPECIFIED., .F., .F.,
 ( 4, 2, 4 ),
 ( 0.0000000000000000000, 0.5000000000000000000, 1.000000000000000000 ),
 .UNSPECIFIED. ) ;
#764 = EDGE_CURVE ( 'NONE', #4266, #2413, #2436, .T. ) ;
#765 = CARTESIAN_POINT ( 'NONE',  ( -0.6923796403815998300, 0.8999999999667671600, 3.185360720447597500E-010 ) ) ;
#766 = CARTESIAN_POINT ( 'NONE',  ( 1.100000000000000100, 0.0000000000000000000, -1.500000000000000200 ) ) ;
#767 = SURFACE_STYLE_USAGE ( .BOTH. , #3562 ) ;
#768 = LINE ( 'NONE', #3146, #1070 ) ;
#769 = CARTESIAN_POINT ( 'NONE',  ( 0.0000000000000000000, 0.0000000000000000000, -1.851460183660000000 ) ) ;
#770 = CARTESIAN_POINT ( 'NONE',  ( 0.2638847934222025600, 0.6499999999999999100, 0.1486401844462419100 ) ) ;
#771 = VERTEX_POINT ( 'NONE', #3547 ) ;
#772 = CARTESIAN_POINT ( 'NONE',  ( -1.028988640878961900, 1.599999999996271500, 0.5930719647724703700 ) ) ;
#773 = CARTESIAN_POINT ( 'NONE',  ( 0.5999999999999999800, 0.0000000000000000000, 1.700000000000000000 ) ) ;
#774 = VECTOR ( 'NONE', #3511, 1000.000000000000000 ) ;
#775 = DIRECTION ( 'NONE',  ( -0.0000000000000000000, 1.000000000000000000, -0.0000000000000000000 ) ) ;
#776 = EDGE_LOOP ( 'NONE', ( #4241, #1390, #4485, #5977 ) ) ;
#777 = CARTESIAN_POINT ( 'NONE',  ( -0.5999999999999999800, -0.1000000000000000200, -1.149999999999999900 ) ) ;
#778 = ADVANCED_FACE ( 'NONE', ( #781 ), #1860, .F. ) ;
#779 = CARTESIAN_POINT ( 'NONE',  ( -1.293682699867895000, 1.700000000000000400, -0.8168703364203638900 ) ) ;
#780 = DIRECTION ( 'NONE',  ( 0.0000000000000000000, 1.000000000000000000, -0.0000000000000000000 ) ) ;
#781 = FACE_OUTER_BOUND ( 'NONE', #4170, .T. ) ;
#782 = CARTESIAN_POINT ( 'NONE',  ( -1.250000000000000200, 0.0000000000000000000, 1.680000000000000200 ) ) ;
#783 = DIRECTION ( 'NONE',  ( 1.000000000000000000, 0.0000000000000000000, 0.0000000000000000000 ) ) ;
#784 = EDGE_CURVE ( 'NONE', #965, #3486, #1079, .T. ) ;
#785 = CARTESIAN_POINT ( 'NONE',  ( -1.058300524439611500, 1.700000000010851300, 0.3000000000026184500 ) ) ;
#786 = ORIENTED_EDGE ( 'NONE', *, *, #126, .F. ) ;
#787 = DIRECTION ( 'NONE',  ( 1.000000000000000000, 0.0000000000000000000, 0.0000000000000000000 ) ) ;
#788 = FACE_OUTER_BOUND ( 'NONE', #1655, .T. ) ;
#789 = ORIENTED_EDGE ( 'NONE', *, *, #3860, .F. ) ;
#790 = CARTESIAN_POINT ( 'NONE',  ( -0.07436173621252667500, 0.6499999999999999100, 0.2912736903682448000 ) ) ;
#791 = DIRECTION ( 'NONE',  ( 0.0000000000000000000, -0.0000000000000000000, -1.000000000000000000 ) ) ;
#792 = AXIS2_PLACEMENT_3D ( 'NONE', #5560, #2199, #5086 ) ;
#793 = ORIENTED_EDGE ( 'NONE', *, *, #3661, .F. ) ;
#794 = PLANE ( 'NONE',  #5077 ) ;
#795 = ORIENTED_EDGE ( 'NONE', *, *, #1842, .F. ) ;
#796 = EDGE_LOOP ( 'NONE', ( #6157, #3147, #3816, #4955 ) ) ;
#797 = ORIENTED_EDGE ( 'NONE', *, *, #4208, .F. ) ;
#798 = PLANE ( 'NONE',  #5175 ) ;
#799 = FACE_OUTER_BOUND ( 'NONE', #416, .T. ) ;
#800 = CARTESIAN_POINT ( 'NONE',  ( 0.5918697438658553400, 1.416935847445431200, 0.3528625248721811200 ) ) ;
#801 = B_SPLINE_CURVE_WITH_KNOTS ( 'NONE', 3,
 ( #3032, #2992, #3515, #720, #4003, #1183 ),
 .UNSPECIFIED., .F., .F.,
 ( 4, 2, 4 ),
 ( 0.0000000000000000000, 0.5000000000000001100, 1.000000000000000000 ),
 .UNSPECIFIED. ) ;
#802 = CARTESIAN_POINT ( 'NONE',  ( -1.098950926499194800, 1.700000000000000200, -1.064518170632876600 ) ) ;
#803 = EDGE_CURVE ( 'NONE', #1407, #84, #723, .T. ) ;
#804 = DIRECTION ( 'NONE',  ( 1.000000000000000000, 0.0000000000000000000, 0.0000000000000000000 ) ) ;
#805 = VERTEX_POINT ( 'NONE', #23 ) ;
#806 = DIRECTION ( 'NONE',  ( -1.000000000000000000, -0.0000000000000000000, -0.0000000000000000000 ) ) ;
#807 = ORIENTED_EDGE ( 'NONE', *, *, #2846, .T. ) ;
#808 = LINE ( 'NONE', #317, #3298 ) ;
#809 = CARTESIAN_POINT ( 'NONE',  ( 0.6500000000000003600, 0.02000000000000000000, 1.680000000000000200 ) ) ;
#810 = VERTEX_POINT ( 'NONE', #945 ) ;
#811 = CARTESIAN_POINT ( 'NONE',  ( 0.2500000000000000000, 0.0000000000000000000, 0.02853981633975000200 ) ) ;
#812 = ORIENTED_EDGE ( 'NONE', *, *, #237, .T. ) ;
#813 = ADVANCED_FACE ( 'NONE', ( #5689 ), #423, .F. ) ;
#814 = LINE ( 'NONE', #5873, #4289 ) ;
#815 = DIRECTION ( 'NONE',  ( -0.7071067811865474600, 0.0000000000000000000, 0.7071067811865474600 ) ) ;
#816 = CARTESIAN_POINT ( 'NONE',  ( -0.7654301834446393100, 1.473118905362104300, -0.3001292295360185600 ) ) ;
#817 = ORIENTED_EDGE ( 'NONE', *, *, #3166, .T. ) ;
#818 = FACE_OUTER_BOUND ( 'NONE', #1510, .T. ) ;
#819 = CARTESIAN_POINT ( 'NONE',  ( -0.4505584704547381200, 0.8000000000000000400, -0.5171099832119582200 ) ) ;
#820 = EDGE_CURVE ( 'NONE', #5991, #4860, #3107, .T. ) ;
#821 = CARTESIAN_POINT ( 'NONE',  ( -0.6023134844673081500, 1.700000000000000400, -1.406453177638649500 ) ) ;
#822 = DIRECTION ( 'NONE',  ( 1.000000000000000000, -0.0000000000000000000, 0.0000000000000000000 ) ) ;
#823 = CARTESIAN_POINT ( 'NONE',  ( 1.224646799147353300E-017, 0.1499999999999999900, -0.2000000000000000100 ) ) ;
#824 = DIRECTION ( 'NONE',  ( 0.0000000000000000000, 1.000000000000000000, 0.0000000000000000000 ) ) ;
#825 = AXIS2_PLACEMENT_3D ( 'NONE', #1677, #3310, #1903 ) ;
#826 = CARTESIAN_POINT ( 'NONE',  ( -0.3536598227850000200, 1.492467155762000000, -0.5537915717418000500 ) ) ;
#827 = DIRECTION ( 'NONE',  ( -1.000000000000000000, 0.0000000000000000000, 0.0000000000000000000 ) ) ;
#828 = CARTESIAN_POINT ( 'NONE',  ( 7.963372722499701700E-011, 0.8999999999723059500, 0.6923796403942167300 ) ) ;
#829 = DIRECTION ( 'NONE',  ( 0.0000000000000000000, 0.0000000000000000000, -1.000000000000000000 ) ) ;
#830 = FACE_OUTER_BOUND ( 'NONE', #3182, .T. ) ;
#831 = DIRECTION ( 'NONE',  ( -0.7071067811865475700, 0.0000000000000000000, -0.7071067811865475700 ) ) ;
#832 = AXIS2_PLACEMENT_3D ( 'NONE', #318, #2657, #6027 ) ;
#833 = VECTOR ( 'NONE', #1121, 1000.000000000000000 ) ;
#834 = ORIENTED_EDGE ( 'NONE', *, *, #4327, .F. ) ;
#835 = CARTESIAN_POINT ( 'NONE',  ( 0.7651328307590327100, 1.472981284385923400, 0.2999999994667328900 ) ) ;
#836 = EDGE_CURVE ( 'NONE', #5250, #142, #3266, .T. ) ;
#837 = CARTESIAN_POINT ( 'NONE',  ( 0.4172041491366951800, 0.8000000000000001600, -0.5503071746511430900 ) ) ;
#838 = ADVANCED_FACE ( 'NONE', ( #1716 ), #1475, .F. ) ;
#839 = FACE_OUTER_BOUND ( 'NONE', #5715, .T. ) ;
#840 = CARTESIAN_POINT ( 'NONE',  ( -0.3014831246703597000, 1.700000000000000200, -1.500000000000000200 ) ) ;
#841 = CARTESIAN_POINT ( 'NONE',  ( -0.3528625246544221400, 1.416935847553724800, -0.5918697443422203900 ) ) ;
#842 = CARTESIAN_POINT ( 'NONE',  ( 0.0000000000000000000, 1.508986332709128000, 0.0000000000000000000 ) ) ;
#843 = ORIENTED_EDGE ( 'NONE', *, *, #4449, .T. ) ;
#844 = EDGE_CURVE ( 'NONE', #3041, #6171, #5520, .T. ) ;
#845 = FACE_OUTER_BOUND ( 'NONE', #1002, .T. ) ;
#846 = CARTESIAN_POINT ( 'NONE',  ( -0.2980414738688000300, 1.489109782871000300, -0.6150276228758999600 ) ) ;
#847 = CARTESIAN_POINT ( 'NONE',  ( 0.5645850573467999800, 1.513589565610000000, 0.3174190708566999600 ) ) ;
#848 = CARTESIAN_POINT ( 'NONE',  ( 0.6252447865224914900, 0.9000000000000002400, 0.2985070991136121700 ) ) ;
#849 = ORIENTED_EDGE ( 'NONE', *, *, #4379, .F. ) ;
#850 = CARTESIAN_POINT ( 'NONE',  ( -0.2700000000000000200, 0.0000000000000000000, -1.626224195904017100 ) ) ;
#851 = LINE ( 'NONE', #1807, #4470 ) ;
#852 = ORIENTED_EDGE ( 'NONE', *, *, #2816, .F. ) ;
#853 = CARTESIAN_POINT ( 'NONE',  ( 0.09638341997457999800, 0.9833497400763000500, -1.367479433118000000 ) ) ;
#854 = CARTESIAN_POINT ( 'NONE',  ( 0.3000000000038566300, 1.200000000015934100, -0.9264481994693101200 ) ) ;
#855 = LINE ( 'NONE', #1013, #5773 ) ;
#856 = EDGE_LOOP ( 'NONE', ( #5595, #2840, #4572, #3028 ) ) ;
#857 = DIRECTION ( 'NONE',  ( 0.0000000000000000000, -0.0000000000000000000, -1.000000000000000000 ) ) ;
#858 = EDGE_LOOP ( 'NONE', ( #4567, #2156, #1052, #5466 ) ) ;
#859 = EDGE_CURVE ( 'NONE', #4907, #369, #634, .T. ) ;
#860 = CARTESIAN_POINT ( 'NONE',  ( -3.422764523591694200E-014, 1.700000000000000000, -1.500000000000000000 ) ) ;
#861 = CARTESIAN_POINT ( 'NONE',  ( 8.105225362979153100E-015, 1.700000000014006300, 1.100000000018299000 ) ) ;
#862 = EDGE_CURVE ( 'NONE', #5322, #2098, #490, .T. ) ;
#863 = DIRECTION ( 'NONE',  ( 1.000000000000000000, -0.0000000000000000000, -0.0000000000000000000 ) ) ;
#864 = EDGE_LOOP ( 'NONE', ( #5362, #4092, #891, #123 ) ) ;
#865 = VERTEX_POINT ( 'NONE', #2145 ) ;
#866 = ORIENTED_EDGE ( 'NONE', *, *, #2881, .T. ) ;
#867 = ORIENTED_EDGE ( 'NONE', *, *, #5038, .T. ) ;
#868 = CARTESIAN_POINT ( 'NONE',  ( 0.6301561347854000000, 1.552456887105000200, 0.3002162981220999900 ) ) ;
#869 = CARTESIAN_POINT ( 'NONE',  ( 0.1486401844462406400, 0.6500000000000000200, -0.2638847934222027800 ) ) ;
#870 = CARTESIAN_POINT ( 'NONE',  ( -0.2999999994538087300, 1.439558585352968000, 0.6790520221337353900 ) ) ;
#871 = CARTESIAN_POINT ( 'NONE',  ( -0.09629463829295763200, 0.8000000000000002700, 0.7599327859096054500 ) ) ;
#872 = ORIENTED_EDGE ( 'NONE', *, *, #5304, .F. ) ;
#873 = AXIS2_PLACEMENT_3D ( 'NONE', #612, #1080, #4389 ) ;
#874 = ADVANCED_FACE ( 'NONE', ( #327 ), #2169, .F. ) ;
#875 = AXIS2_PLACEMENT_3D ( 'NONE', #6072, #3665, #857 ) ;
#876 = CARTESIAN_POINT ( 'NONE',  ( 0.2500000000000000000, 0.02000000000000001100, -1.671460183660000000 ) ) ;
#877 = EDGE_LOOP ( 'NONE', ( #2229, #2984, #2596, #1290, #3757, #2022, #4341, #5676 ) ) ;
#878 = ORIENTED_EDGE ( 'NONE', *, *, #1965, .T. ) ;
#879 = CARTESIAN_POINT ( 'NONE',  ( 0.6640187660639976800, 1.469968613201396000, -0.2999999986754279300 ) ) ;
#880 = CIRCLE ( 'NONE', #3981, 0.04999999999999991300 ) ;
#881 =( BOUNDED_SURFACE ( )  B_SPLINE_SURFACE ( 3, 3, ( 
 ( #4477, #4952, #1624, #4974, #2088, #5442, #2562 ),
 ( #5936, #3033, #235, #3516, #722, #4004, #1184 ),
 ( #4502, #1642, #4992, #2109, #5463, #2583, #5951 ),
 ( #3057, #253, #3536, #743, #4031, #1204, #4524 ) ),
 .UNSPECIFIED., .F., .F., .F. ) 
 B_SPLINE_SURFACE_WITH_KNOTS ( ( 4, 4 ),
 ( 4, 1, 1, 1, 4 ),
 ( 0.0000000000000000000, 1.000000000000000000 ),
 ( 0.5662026641854000000, 0.5663789969707999600, 0.5700393289538000500, 0.5739641779347000000, 0.5775645429081000000 ),
 .UNSPECIFIED. ) 
 GEOMETRIC_REPRESENTATION_ITEM ( )  RATIONAL_B_SPLINE_SURFACE ( (
 ( 1.087292532940999900, 1.087292532940999900, 1.087292532940999900, 1.087292532940999900, 1.087292532940999900, 1.087292532940999900, 1.087292532940999900),
 ( 0.9709024890198000300, 0.9709024890198000300, 0.9709024890198000300, 0.9709024890198000300, 0.9709024890198000300, 0.9709024890198000300, 0.9709024890198000300),
 ( 0.9709024890198000300, 0.9709024890198000300, 0.9709024890198000300, 0.9709024890198000300, 0.9709024890198000300, 0.9709024890198000300, 0.9709024890198000300),
 ( 1.087292532940999900, 1.087292532940999900, 1.087292532940999900, 1.087292532940999900, 1.087292532940999900, 1.087292532940999900, 1.087292532940999900) ) ) 
 REPRESENTATION_ITEM ( '' )  SURFACE ( )  );
#882 = CARTESIAN_POINT ( 'NONE',  ( 0.0000000000000000000, 0.8764413300365039300, 0.0000000000000000000 ) ) ;
#883 = DIRECTION ( 'NONE',  ( 1.000000000000000000, 0.0000000000000000000, 0.0000000000000000000 ) ) ;
#884 = ORIENTED_EDGE ( 'NONE', *, *, #1314, .T. ) ;
#885 = ORIENTED_EDGE ( 'NONE', *, *, #5898, .F. ) ;
#886 = CARTESIAN_POINT ( 'NONE',  ( -1.350000000000000100, 0.8000000000000000400, 1.208115067359000000E-014 ) ) ;
#887 = LINE ( 'NONE', #4323, #593 ) ;
#888 = CARTESIAN_POINT ( 'NONE',  ( 0.6500000000000001300, -0.09999999999999993600, 1.800000000000000300 ) ) ;
#889 = EDGE_CURVE ( 'NONE', #1730, #2598, #5136, .T. ) ;
#890 = CARTESIAN_POINT ( 'NONE',  ( -0.8392575980928497200, 1.100000000000000300, 1.122550930184462700 ) ) ;
#891 = ORIENTED_EDGE ( 'NONE', *, *, #4140, .T. ) ;
#892 = FACE_OUTER_BOUND ( 'NONE', #5050, .T. ) ;
#893 = CARTESIAN_POINT ( 'NONE',  ( 0.7838367176906001500, 1.500000000000000000, 1.332735025818181800 ) ) ;
#894 = CARTESIAN_POINT ( 'NONE',  ( 0.1192268059147381100, 0.8100000000000001600, -0.7533887009300248600 ) ) ;
#895 = CARTESIAN_POINT ( 'NONE',  ( 0.3528625245654851700, 1.416935847626257500, 0.5918697446014255000 ) ) ;
#896 = ORIENTED_EDGE ( 'NONE', *, *, #1264, .F. ) ;
#897 = CARTESIAN_POINT ( 'NONE',  ( 1.380232922281167800, 1.100000000000000800, 0.2731393463877971900 ) ) ;
#898 = CARTESIAN_POINT ( 'NONE',  ( 0.2999999999999999900, 0.1499999999999999900, -2.571758278209441600E-017 ) ) ;
#899 = EDGE_CURVE ( 'NONE', #2310, #4199, #2686, .T. ) ;
#900 = LINE ( 'NONE', #2998, #3238 ) ;
#901 = ORIENTED_EDGE ( 'NONE', *, *, #4176, .F. ) ;
#902 = CARTESIAN_POINT ( 'NONE',  ( 0.3000000000002214800, 1.149999999999964200, 0.0000000000000000000 ) ) ;
#903 = ADVANCED_FACE ( 'NONE', ( #5240 ), #1434, .F. ) ;
#904 = CARTESIAN_POINT ( 'NONE',  ( -1.450000000000000000, 0.0000000000000000000, 1.200000000000000000 ) ) ;
#905 = CARTESIAN_POINT ( 'NONE',  ( -0.7838367176906017000, 1.100000000000000100, 1.160000000000002800 ) ) ;
#906 = FACE_OUTER_BOUND ( 'NONE', #1267, .T. ) ;
#907 = AXIS2_PLACEMENT_3D ( 'NONE', #296, #172, #5654 ) ;
#908 = CARTESIAN_POINT ( 'NONE',  ( -0.6842078896603996900, 0.7999999999999999300, 1.368415779320800100 ) ) ;
#909 = CARTESIAN_POINT ( 'NONE',  ( 1.250000000000000000, 0.0000000000000000000, 1.700000000000000000 ) ) ;
#910 = CARTESIAN_POINT ( 'NONE',  ( 0.0000000000000000000, -0.1000000000000000100, -1.851460183660000000 ) ) ;
#911 = CARTESIAN_POINT ( 'NONE',  ( 0.7600000000000000100, 0.8100000000000001600, 1.238260924382924300E-014 ) ) ;
#912 = CARTESIAN_POINT ( 'NONE',  ( -0.3195408381548000000, 1.414866739374000000, 0.6110421120749000000 ) ) ;
#913 = B_SPLINE_CURVE_WITH_KNOTS ( 'NONE', 3,
 ( #3833, #3468, #3872, #3891, #3910, #3924 ),
 .UNSPECIFIED., .F., .F.,
 ( 4, 2, 4 ),
 ( 0.0000000000000000000, 0.5000000000000000000, 1.000000000000000000 ),
 .UNSPECIFIED. ) ;
#914 = FACE_OUTER_BOUND ( 'NONE', #706, .T. ) ;
#915 = CARTESIAN_POINT ( 'NONE',  ( 0.9056926338453508100, 1.099999999999999900, -1.076605688044647700 ) ) ;
#916 = CARTESIAN_POINT ( 'NONE',  ( -0.1192268059147381100, 0.8000000000000000400, -0.7533887009300247500 ) ) ;
#917 = FACE_OUTER_BOUND ( 'NONE', #3363, .T. ) ;
#918 = EDGE_CURVE ( 'NONE', #5189, #2237, #5383, .T. ) ;
#919 = ORIENTED_EDGE ( 'NONE', *, *, #4559, .F. ) ;
#920 = CARTESIAN_POINT ( 'NONE',  ( 0.5831463895579001000, 1.431722802449999900, -0.3553282136602999900 ) ) ;
#921 = CARTESIAN_POINT ( 'NONE',  ( -0.3279366275122870800, 0.8100000000000001600, -0.6861288132144497400 ) ) ;
#922 = CARTESIAN_POINT ( 'NONE',  ( 0.2400000000000000200, 1.090000000000000100, -1.973810179798000100 ) ) ;
#923 = CIRCLE ( 'NONE', #3739, 0.2000000000000000900 ) ;
#924 = CARTESIAN_POINT ( 'NONE',  ( 1.450000000000000000, 0.0000000000000000000, 1.399999999999999900 ) ) ;
#925 = DIRECTION ( 'NONE',  ( 0.0000000000000000000, 0.0000000000000000000, 1.000000000000000000 ) ) ;
#926 = ORIENTED_EDGE ( 'NONE', *, *, #543, .T. ) ;
#927 = EDGE_CURVE ( 'NONE', #2931, #1485, #2808, .T. ) ;
#928 = CARTESIAN_POINT ( 'NONE',  ( -0.8089488030467922900, 0.8764413300365039300, 1.981353124650673700E-016 ) ) ;
#929 = CARTESIAN_POINT ( 'NONE',  ( 0.0000000000000000000, 1.215000000000000100, -0.6049725677420999500 ) ) ;
#930 = DIRECTION ( 'NONE',  ( -0.0000000000000000000, 1.000000000000000000, 0.0000000000000000000 ) ) ;
#931 = CARTESIAN_POINT ( 'NONE',  ( -0.6842078896604000300, 0.7999999999999999300, -1.368415779320800100 ) ) ;
#932 = CARTESIAN_POINT ( 'NONE',  ( -0.3000804366839999700, 1.470112764445999900, 0.6684903874005001500 ) ) ;
#933 = ADVANCED_FACE ( 'NONE', ( #2520 ), #4116, .T. ) ;
#934 = ORIENTED_EDGE ( 'NONE', *, *, #5390, .T. ) ;
#935 = CARTESIAN_POINT ( 'NONE',  ( 0.6923796403839332900, 0.8999999999446117700, -0.1812645660036536500 ) ) ;
#936 = CIRCLE ( 'NONE', #1253, 0.1299999999999998900 ) ;
#937 = ORIENTED_EDGE ( 'NONE', *, *, #4445, .F. ) ;
#938 = CARTESIAN_POINT ( 'NONE',  ( -7.408777186573179000E-017, 0.9000000000000001300, -0.6049725677420999500 ) ) ;
#939 = ORIENTED_EDGE ( 'NONE', *, *, #3902, .T. ) ;
#940 = CARTESIAN_POINT ( 'NONE',  ( -0.7600000000000000100, 0.8000000000000000400, 1.212548288771632000E-014 ) ) ;
#941 = EDGE_LOOP ( 'NONE', ( #3629, #3212, #4575, #1880, #3549, #148, #1941, #5425, #5451, #3326, #319, #2493, #3498 ) ) ;
#942 = VERTEX_POINT ( 'NONE', #4629 ) ;
#943 = CARTESIAN_POINT ( 'NONE',  ( 0.6413133012414999900, 1.432285052321000000, -0.2986478123845999800 ) ) ;
#944 = AXIS2_PLACEMENT_3D ( 'NONE', #4380, #2458, #2497 ) ;
#945 = CARTESIAN_POINT ( 'NONE',  ( 1.058300524439611500, 1.700000000010851300, -0.3000000000026190100 ) ) ;
#946 = DIRECTION ( 'NONE',  ( -0.2665025992375039700, 0.9638341997458143000, 0.0000000000000000000 ) ) ;
#947 = ORIENTED_EDGE ( 'NONE', *, *, #205, .F. ) ;
#948 = CARTESIAN_POINT ( 'NONE',  ( -0.3000000000000000400, 0.1499999999999999700, -0.07853981633974474500 ) ) ;
#949 = ORIENTED_EDGE ( 'NONE', *, *, #764, .F. ) ;
#950 = CARTESIAN_POINT ( 'NONE',  ( -0.9176501921145433500, 1.100000000000000300, 1.061053559402855200 ) ) ;
#951 = CYLINDRICAL_SURFACE ( 'NONE', #3224, 1.350000000000000100 ) ;
#952 = DIRECTION ( 'NONE',  ( -1.000000000000000000, 0.0000000000000000000, 0.0000000000000000000 ) ) ;
#953 = ORIENTED_EDGE ( 'NONE', *, *, #1654, .T. ) ;
#954 = CARTESIAN_POINT ( 'NONE',  ( -0.8531705573916942300, 1.200000000000000000, 1.109999999999993000 ) ) ;
#955 = CARTESIAN_POINT ( 'NONE',  ( 0.9999999999999872300, 1.700000000000000000, 1.118033988749985100 ) ) ;
#956 = CARTESIAN_POINT ( 'NONE',  ( -0.8089488030467922900, 0.8764413300365039300, 0.0000000000000000000 ) ) ;
#957 = CARTESIAN_POINT ( 'NONE',  ( 1.836970198721029400E-017, 0.1499999999999999900, 0.2999999999999999300 ) ) ;
#958 = AXIS2_PLACEMENT_3D ( 'NONE', #4371, #1519, #4850 ) ;
#959 = EDGE_LOOP ( 'NONE', ( #4947, #5159, #1160, #3606 ) ) ;
#960 = VECTOR ( 'NONE', #2638, 1000.000000000000000 ) ;
#961 = B_SPLINE_CURVE_WITH_KNOTS ( 'NONE', 3,
 ( #3918, #628, #4899, #2019, #5378, #2495 ),
 .UNSPECIFIED., .F., .F.,
 ( 4, 2, 4 ),
 ( 0.0000000000000000000, 0.5000000000000000000, 1.000000000000000000 ),
 .UNSPECIFIED. ) ;
#962 = CARTESIAN_POINT ( 'NONE',  ( -0.03779986335639010100, 0.6500000000000001300, -0.2999331296860781600 ) ) ;
#963 = EDGE_CURVE ( 'NONE', #436, #3958, #2656, .T. ) ;
#964 = ORIENTED_EDGE ( 'NONE', *, *, #4140, .F. ) ;
#965 = VERTEX_POINT ( 'NONE', #4227 ) ;
#966 = CYLINDRICAL_SURFACE ( 'NONE', #4692, 1.399999999999999900 ) ;
#967 = CARTESIAN_POINT ( 'NONE',  ( -1.350000000000000100, 0.8000000000000000400, -0.1200000000000000100 ) ) ;
#968 = CARTESIAN_POINT ( 'NONE',  ( -0.1927668399492000200, 0.9566994801524999500, -1.367479433118000000 ) ) ;
#969 = ADVANCED_FACE ( 'NONE', ( #4934 ), #6048, .F. ) ;
#970 = ORIENTED_EDGE ( 'NONE', *, *, #1820, .F. ) ;
#971 = DIRECTION ( 'NONE',  ( -0.0000000000000000000, 1.000000000000000000, -0.0000000000000000000 ) ) ;
#972 = EDGE_CURVE ( 'NONE', #332, #4927, #1135, .T. ) ;
#973 = LINE ( 'NONE', #32, #3149 ) ;
#974 = DIRECTION ( 'NONE',  ( 0.0000000000000000000, 0.0000000000000000000, 1.000000000000000000 ) ) ;
#975 = CARTESIAN_POINT ( 'NONE',  ( 0.6233090288450258100, 0.8000000000000000400, 0.4405335693663033300 ) ) ;
#976 = CARTESIAN_POINT ( 'NONE',  ( 0.5474792456280190800, 1.508986332753474500, -0.3503804728533401200 ) ) ;
#977 = CARTESIAN_POINT ( 'NONE',  ( 0.0000000000000000000, 1.099999999837564200, 0.9228576347481976000 ) ) ;
#978 = CARTESIAN_POINT ( 'NONE',  ( 1.058300524439611500, 1.700000000010851300, -0.3000000000026190100 ) ) ;
#979 = CARTESIAN_POINT ( 'NONE',  ( 0.7838367176906021500, 1.250000000000000000, 1.160000000000003000 ) ) ;
#980 = CARTESIAN_POINT ( 'NONE',  ( 1.137140274918049500, 1.599999999999999900, -0.3103781493265283500 ) ) ;
#981 = ORIENTED_EDGE ( 'NONE', *, *, #2756, .T. ) ;
#982 = CARTESIAN_POINT ( 'NONE',  ( -0.04398165083052184300, 0.9103043497700564800, -1.367479433118000000 ) ) ;
#983 = EDGE_CURVE ( 'NONE', #1485, #649, #225, .T. ) ;
#984 = DIRECTION ( 'NONE',  ( 0.0000000000000000000, -0.0000000000000000000, 1.000000000000000000 ) ) ;
#985 = EDGE_CURVE ( 'NONE', #4432, #2389, #546, .T. ) ;
#986 = CARTESIAN_POINT ( 'NONE',  ( 1.500000000000000000, 0.0000000000000000000, 1.200000000000000000 ) ) ;
#987 = DIRECTION ( 'NONE',  ( 0.0000000000000000000, -1.000000000000000000, 0.0000000000000000000 ) ) ;
#988 = LINE ( 'NONE', #3404, #2053 ) ;
#989 = CARTESIAN_POINT ( 'NONE',  ( 0.0000000000000000000, 1.561383992054743400, 0.0000000000000000000 ) ) ;
#990 = CARTESIAN_POINT ( 'NONE',  ( -0.07853981633974491100, 0.1500000000000000200, -0.2999999999999999300 ) ) ;
#991 = CARTESIAN_POINT ( 'NONE',  ( 0.6623202189394679100, 0.8000000000000002700, 0.3738742246835448100 ) ) ;
#992 = AXIS2_PLACEMENT_3D ( 'NONE', #6117, #5658, #6169 ) ;
#993 = CARTESIAN_POINT ( 'NONE',  ( 0.7600000000000000100, 0.8100000000000001600, 1.238260924382924300E-014 ) ) ;
#994 =( BOUNDED_CURVE ( )  B_SPLINE_CURVE ( 3, ( #3048, #5946, #1196, #4515, #1658, #5003, #2121 ),
 .UNSPECIFIED., .F., .T. ) 
 B_SPLINE_CURVE_WITH_KNOTS ( ( 4, 1, 1, 1, 4 ),
 ( 0.0000000000000000000, 0.05095045667316010200, 0.4814824599474333300, 0.8755694753370415500, 1.000000000000000000 ),
 .UNSPECIFIED. ) 
 CURVE ( )  GEOMETRIC_REPRESENTATION_ITEM ( )  RATIONAL_B_SPLINE_CURVE ( ( 1.077293650344436100, 1.077293650344436100, 1.077293650344436100, 1.077293650344436100, 1.077293650344436100, 1.077293650344436100, 1.077293650344436100 ) ) 
 REPRESENTATION_ITEM ( '' )  );
#995 = FACE_OUTER_BOUND ( 'NONE', #1893, .T. ) ;
#996 = CARTESIAN_POINT ( 'NONE',  ( 0.0000000000000000000, 0.8000000000000000400, 0.0000000000000000000 ) ) ;
#997 = CARTESIAN_POINT ( 'NONE',  ( -0.2303616580024712400, 1.092665025992008100, -0.9738101797978002700 ) ) ;
#998 = ORIENTED_EDGE ( 'NONE', *, *, #618, .F. ) ;
#999 = ADVANCED_FACE ( 'NONE', ( #175 ), #4542, .F. ) ;
#1000 = CARTESIAN_POINT ( 'NONE',  ( -0.2982447075265607400, 0.6500000000000001300, -0.03767958810132156900 ) ) ;
#1001 = VECTOR ( 'NONE', #132, 1000.000000000000000 ) ;
#1002 = EDGE_LOOP ( 'NONE', ( #734, #228, #47, #211 ) ) ;
#1003 = CARTESIAN_POINT ( 'NONE',  ( -0.6977456269420214700, 0.8100000000000001600, 0.3021719340848883500 ) ) ;
#1004 = CARTESIAN_POINT ( 'NONE',  ( -0.5999999999999998700, 0.0000000000000000000, -1.500000000000000000 ) ) ;
#1005 = CARTESIAN_POINT ( 'NONE',  ( 0.9846856982453949800, 1.561383992050845400, -0.3000000000000476200 ) ) ;
#1006 = EDGE_CURVE ( 'NONE', #2466, #4873, #4780, .T. ) ;
#1007 = FACE_OUTER_BOUND ( 'NONE', #1885, .T. ) ;
#1008 = ORIENTED_EDGE ( 'NONE', *, *, #4915, .T. ) ;
#1009 = CARTESIAN_POINT ( 'NONE',  ( -1.442169004011202400E-016, 1.599999999998135800, 1.177620359604657900 ) ) ;
#1010 = VERTEX_POINT ( 'NONE', #5635 ) ;
#1011 = CARTESIAN_POINT ( 'NONE',  ( -0.2700000000000000200, -0.1000000000000000100, 0.02853981633973999900 ) ) ;
#1012 = CARTESIAN_POINT ( 'NONE',  ( 0.6112999394517110200, 0.8000000000000001600, -0.4633975756959644600 ) ) ;
#1013 = CARTESIAN_POINT ( 'NONE',  ( 0.2999999999999999900, 1.200000000000000000, -0.9738101797978001600 ) ) ;
#1014 = CARTESIAN_POINT ( 'NONE',  ( -0.7838367176906000400, 1.550000000000000300, 1.210000000000000000 ) ) ;
#1015 = VECTOR ( 'NONE', #1635, 1000.000000000000000 ) ;
#1016 = ORIENTED_EDGE ( 'NONE', *, *, #5809, .F. ) ;
#1017 = ORIENTED_EDGE ( 'NONE', *, *, #3359, .F. ) ;
#1018 = CARTESIAN_POINT ( 'NONE',  ( 0.5999999999999999800, 0.05000000000000000300, -1.500000000000000000 ) ) ;
#1019 = CARTESIAN_POINT ( 'NONE',  ( -1.200000000000000000, 0.7991607978309981400, 1.699999999999999500 ) ) ;
#1020 = DIRECTION ( 'NONE',  ( 0.0000000000000000000, 1.000000000000000000, 0.0000000000000000000 ) ) ;
#1021 = VERTEX_POINT ( 'NONE', #4159 ) ;
#1022 = DIRECTION ( 'NONE',  ( 0.0000000000000000000, 0.0000000000000000000, -1.000000000000000000 ) ) ;
#1023 = ORIENTED_EDGE ( 'NONE', *, *, #1681, .T. ) ;
#1024 = ORIENTED_EDGE ( 'NONE', *, *, #1998, .T. ) ;
#1025 = ORIENTED_EDGE ( 'NONE', *, *, #3772, .F. ) ;
#1026 = EDGE_CURVE ( 'NONE', #5288, #2534, #2379, .T. ) ;
#1027 = ORIENTED_EDGE ( 'NONE', *, *, #4822, .F. ) ;
#1028 = CARTESIAN_POINT ( 'NONE',  ( -1.250000000000000000, 0.0000000000000000000, 0.0000000000000000000 ) ) ;
#1029 = CARTESIAN_POINT ( 'NONE',  ( 0.6458032900220095400, 1.700000000003884000, 0.9098316285998420100 ) ) ;
#1030 = CARTESIAN_POINT ( 'NONE',  ( 7.408777186573179000E-017, 1.215000000000000100, 0.6049725677420999500 ) ) ;
#1031 = ORIENTED_EDGE ( 'NONE', *, *, #4752, .F. ) ;
#1032 = PRODUCT ( '35WR100KLFTR', '35WR100KLFTR', '', ( #4173 ) ) ;
#1033 = VERTEX_POINT ( 'NONE', #3517 ) ;
#1034 = DIRECTION ( 'NONE',  ( -1.000000000000000000, -0.0000000000000000000, -0.0000000000000000000 ) ) ;
#1035 = ADVANCED_FACE ( 'NONE', ( #1007 ), #3555, .T. ) ;
#1036 = FACE_OUTER_BOUND ( 'NONE', #3639, .T. ) ;
#1037 = CARTESIAN_POINT ( 'NONE',  ( 0.3531616844358999600, 1.509724639392999900, -0.5453921109763999500 ) ) ;
#1038 = CARTESIAN_POINT ( 'NONE',  ( -0.2676680710829438800, 0.1499999999999999900, -0.1565959976289846600 ) ) ;
#1039 = CARTESIAN_POINT ( 'NONE',  ( -0.3000000000006458600, 1.149999999999838500, -3.673940397449969100E-017 ) ) ;
#1040 = ORIENTED_EDGE ( 'NONE', *, *, #1225, .F. ) ;
#1041 = ORIENTED_EDGE ( 'NONE', *, *, #5485, .F. ) ;
#1042 = VECTOR ( 'NONE', #5664, 1000.000000000000000 ) ;
#1043 = B_SPLINE_CURVE_WITH_KNOTS ( 'NONE', 3,
 ( #3873, #95, #4368, #1516 ),
 .UNSPECIFIED., .F., .F.,
 ( 4, 4 ),
 ( 0.0000000000000000000, 1.000000000000000000 ),
 .UNSPECIFIED. ) ;
#1044 = CARTESIAN_POINT ( 'NONE',  ( 0.6500000000000001300, -0.09999999999999996400, 1.680000000000000200 ) ) ;
#1045 = DIRECTION ( 'NONE',  ( 1.000000000000000000, 0.0000000000000000000, 0.0000000000000000000 ) ) ;
#1046 = CARTESIAN_POINT ( 'NONE',  ( -0.6049725677420999500, 1.149999999999999900, 6.667899467915861100E-017 ) ) ;
#1047 = CARTESIAN_POINT ( 'NONE',  ( -0.5999999999999999800, 0.0000000000000000000, 0.0000000000000000000 ) ) ;
#1048 = ORIENTED_EDGE ( 'NONE', *, *, #5886, .T. ) ;
#1049 = VECTOR ( 'NONE', #4990, 1000.000000000000000 ) ;
#1050 = EDGE_CURVE ( 'NONE', #1883, #5172, #3154, .T. ) ;
#1051 = DIRECTION ( 'NONE',  ( 1.000000000000000000, 0.0000000000000000000, -0.0000000000000000000 ) ) ;
#1052 = ORIENTED_EDGE ( 'NONE', *, *, #82, .T. ) ;
#1053 = CARTESIAN_POINT ( 'NONE',  ( -0.1750961828573536800, 0.1500000000000000200, -0.1003434842832363900 ) ) ;
#1054 = CARTESIAN_POINT ( 'NONE',  ( 0.2975490773255000100, 1.534231328434999800, -0.5940037698765999700 ) ) ;
#1055 = EDGE_CURVE ( 'NONE', #1375, #6152, #3475, .T. ) ;
#1056 = DIRECTION ( 'NONE',  ( 1.000000000000000000, 0.0000000000000000000, 0.0000000000000000000 ) ) ;
#1057 = CARTESIAN_POINT ( 'NONE',  ( -0.1565959976289847400, 0.1499999999999999900, -0.2676680710829437700 ) ) ;
#1058 = VECTOR ( 'NONE', #2958, 1000.000000000000000 ) ;
#1059 = VERTEX_POINT ( 'NONE', #2699 ) ;
#1060 = CARTESIAN_POINT ( 'NONE',  ( -0.5623619890339000000, 1.518279661295999900, 0.3173132055728999900 ) ) ;
#1061 = CARTESIAN_POINT ( 'NONE',  ( -0.5999999999999999800, -0.1000000000000000100, -0.9114601836603001300 ) ) ;
#1062 = LINE ( 'NONE', #1004, #3531 ) ;
#1063 = ORIENTED_EDGE ( 'NONE', *, *, #5701, .T. ) ;
#1064 = LINE ( 'NONE', #1404, #4699 ) ;
#1065 = EDGE_CURVE ( 'NONE', #2083, #3256, #3342, .T. ) ;
#1066 = CARTESIAN_POINT ( 'NONE',  ( 0.2999999999988575700, 1.439558585074948400, -0.6790520212250901200 ) ) ;
#1067 = EDGE_CURVE ( 'NONE', #1452, #5475, #33, .T. ) ;
#1068 = B_SPLINE_CURVE_WITH_KNOTS ( 'NONE', 3,
 ( #4777, #4518, #4437, #4586, #4713, #4361 ),
 .UNSPECIFIED., .F., .F.,
 ( 4, 2, 4 ),
 ( 0.0000000000000000000, 0.5000000000000000000, 1.000000000000000000 ),
 .UNSPECIFIED. ) ;
#1069 = CARTESIAN_POINT ( 'NONE',  ( 0.3000505929792000000, 1.439519714554000000, -0.6826166618089999400 ) ) ;
#1070 = VECTOR ( 'NONE', #3167, 1000.000000000000000 ) ;
#1071 = CARTESIAN_POINT ( 'NONE',  ( -3.673940397442058900E-017, 0.1499999999999999900, -0.2999999999999999300 ) ) ;
#1072 = EDGE_LOOP ( 'NONE', ( #2792, #4179, #4965, #1620, #4661, #817, #1453, #194, #2647 ) ) ;
#1073 = DIRECTION ( 'NONE',  ( -1.000000000000000000, 0.0000000000000000000, 0.0000000000000000000 ) ) ;
#1074 = AXIS2_PLACEMENT_3D ( 'NONE', #1195, #3047, #3152 ) ;
#1075 = CARTESIAN_POINT ( 'NONE',  ( -0.1806186265694414400, 1.186941683428969400, 0.3612372531388827200 ) ) ;
#1076 = FACE_OUTER_BOUND ( 'NONE', #360, .T. ) ;
#1077 = EDGE_CURVE ( 'NONE', #965, #3560, #851, .T. ) ;
#1078 = ORIENTED_EDGE ( 'NONE', *, *, #1144, .T. ) ;
#1079 = LINE ( 'NONE', #337, #4408 ) ;
#1080 = DIRECTION ( 'NONE',  ( 0.0000000000000000000, 0.0000000000000000000, 1.000000000000000000 ) ) ;
#1081 = ORIENTED_EDGE ( 'NONE', *, *, #698, .F. ) ;
#1082 = CARTESIAN_POINT ( 'NONE',  ( 0.1988298050177071700, 0.1499999999999999900, 0.02566887355049672600 ) ) ;
#1083 = EDGE_CURVE ( 'NONE', #3477, #662, #5942, .T. ) ;
#1084 = VERTEX_POINT ( 'NONE', #1252 ) ;
#1085 = ORIENTED_EDGE ( 'NONE', *, *, #721, .F. ) ;
#1086 = DIRECTION ( 'NONE',  ( 0.0000000000000000000, 0.0000000000000000000, -1.000000000000000000 ) ) ;
#1087 = VERTEX_POINT ( 'NONE', #1205 ) ;
#1088 = CARTESIAN_POINT ( 'NONE',  ( 0.0000000000000000000, 1.700000000028012400, 0.0000000000000000000 ) ) ;
#1089 = DIRECTION ( 'NONE',  ( 1.000000000000000000, 0.0000000000000000000, 0.0000000000000000000 ) ) ;
#1090 = ORIENTED_EDGE ( 'NONE', *, *, #3672, .T. ) ;
#1091 = ORIENTED_EDGE ( 'NONE', *, *, #4265, .F. ) ;
#1092 = DIRECTION ( 'NONE',  ( 0.0000000000000000000, 0.0000000000000000000, 1.000000000000000000 ) ) ;
#1093 = ORIENTED_EDGE ( 'NONE', *, *, #1626, .F. ) ;
#1094 = CARTESIAN_POINT ( 'NONE',  ( 0.6337405826563289300, 1.530703003235164900, 0.2999999999503525900 ) ) ;
#1095 = VECTOR ( 'NONE', #1907, 1000.000000000000000 ) ;
#1096 = ORIENTED_EDGE ( 'NONE', *, *, #3684, .T. ) ;
#1097 = CARTESIAN_POINT ( 'NONE',  ( -1.200000000000000000, 0.02000000000000000000, 1.680000000000000200 ) ) ;
#1098 = EDGE_CURVE ( 'NONE', #2684, #3897, #5908, .T. ) ;
#1099 = ORIENTED_EDGE ( 'NONE', *, *, #288, .F. ) ;
#1100 = CARTESIAN_POINT ( 'NONE',  ( -1.450000000000000000, 0.0000000000000000000, 1.399999999999999900 ) ) ;
#1101 = VECTOR ( 'NONE', #4157, 1000.000000000000000 ) ;
#1102 = DIRECTION ( 'NONE',  ( 0.0000000000000000000, 0.0000000000000000000, -1.000000000000000000 ) ) ;
#1103 = EDGE_LOOP ( 'NONE', ( #1649, #4405, #4372, #2670, #5169, #1041 ) ) ;
#1104 = DIRECTION ( 'NONE',  ( -1.000000000000000000, 0.0000000000000000000, -0.0000000000000000000 ) ) ;
#1105 = ORIENTED_EDGE ( 'NONE', *, *, #1187, .F. ) ;
#1106 = CARTESIAN_POINT ( 'NONE',  ( -0.3000000000038554600, 1.200000000015934100, -0.9264481994693066800 ) ) ;
#1107 = LINE ( 'NONE', #4334, #3589 ) ;
#1108 = B_SPLINE_CURVE_WITH_KNOTS ( 'NONE', 3,
 ( #259, #5957, #1210, #4528, #1671, #5017 ),
 .UNSPECIFIED., .F., .F.,
 ( 4, 2, 4 ),
 ( 0.0000000000000000000, 0.5000000000000000000, 1.000000000000000000 ),
 .UNSPECIFIED. ) ;
#1109 = CARTESIAN_POINT ( 'NONE',  ( 0.0000000000000000000, 1.700000000028012400, 0.0000000000000000000 ) ) ;
#1110 = VERTEX_POINT ( 'NONE', #1227 ) ;
#1111 = CARTESIAN_POINT ( 'NONE',  ( -0.5474792456178281300, 1.508986332787305400, -0.3503804727975972100 ) ) ;
#1112 = DIRECTION ( 'NONE',  ( 1.000000000000000000, 0.0000000000000000000, 0.0000000000000000000 ) ) ;
#1113 = EDGE_CURVE ( 'NONE', #738, #5909, #700, .T. ) ;
#1114 = ORIENTED_EDGE ( 'NONE', *, *, #3378, .F. ) ;
#1115 = CARTESIAN_POINT ( 'NONE',  ( -0.5999999999999999800, 0.0000000000000000000, -1.031678404338003800 ) ) ;
#1116 = ORIENTED_EDGE ( 'NONE', *, *, #2423, .F. ) ;
#1117 = CARTESIAN_POINT ( 'NONE',  ( 0.2999999999999999900, 1.200000000000000000, -0.9264481994573999800 ) ) ;
#1118 = VECTOR ( 'NONE', #2836, 1000.000000000000000 ) ;
#1119 = DIRECTION ( 'NONE',  ( 0.0000000000000000000, -0.0000000000000000000, 1.000000000000000000 ) ) ;
#1120 = CARTESIAN_POINT ( 'NONE',  ( 0.04398165083048014700, 0.8103043497700476200, -1.367479433118000200 ) ) ;
#1121 = DIRECTION ( 'NONE',  ( 0.0000000000000000000, -1.000000000000000000, -0.0000000000000000000 ) ) ;
#1122 = EDGE_CURVE ( 'NONE', #5549, #5846, #3186, .T. ) ;
#1123 = VECTOR ( 'NONE', #2981, 999.9999999999998900 ) ;
#1124 = CARTESIAN_POINT ( 'NONE',  ( -0.2999999999999999900, 1.607589328045833100, 1.009223973657239900 ) ) ;
#1125 = VERTEX_POINT ( 'NONE', #368 ) ;
#1126 = CARTESIAN_POINT ( 'NONE',  ( 0.2999999999954481300, 1.439558585071054600, 0.6790520212385332500 ) ) ;
#1127 = CARTESIAN_POINT ( 'NONE',  ( -0.2999999998571950500, 1.530703003293021100, 0.6337405828477753500 ) ) ;
#1128 = B_SPLINE_CURVE_WITH_KNOTS ( 'NONE', 3,
 ( #6133, #3724, #916, #4220, #1388, #4712, #1840, #5199, #2314, #5671, #2773, #6158, #3265, #463, #3751, #940 ),
 .UNSPECIFIED., .F., .F.,
 ( 4, 1, 2, 2, 2, 1, 2, 2, 4 ),
 ( 0.5000000000000000000, 0.5625000000000000000, 0.5937500000000000000, 0.6250000000000000000, 0.7500000000000000000, 0.8125000000000000000, 0.8437500000000000000, 0.8750000000000000000, 1.000000000000000000 ),
 .UNSPECIFIED. ) ;
#1129 = LINE ( 'NONE', #2139, #2211 ) ;
#1130 = DIRECTION ( 'NONE',  ( -1.000000000000000000, -0.0000000000000000000, -0.0000000000000000000 ) ) ;
#1131 = CARTESIAN_POINT ( 'NONE',  ( -0.2516403852415670100, -0.1000000000000000100, -1.616816964860702300 ) ) ;
#1132 = ORIENTED_EDGE ( 'NONE', *, *, #5214, .F. ) ;
#1133 = DIRECTION ( 'NONE',  ( 0.0000000000000000000, 0.0000000000000000000, -1.000000000000000000 ) ) ;
#1134 = CARTESIAN_POINT ( 'NONE',  ( -1.500000000000000200, 0.0000000000000000000, -1.100000000000000100 ) ) ;
#1135 = LINE ( 'NONE', #5034, #3628 ) ;
#1136 = VERTEX_POINT ( 'NONE', #340 ) ;
#1137 = AXIS2_PLACEMENT_3D ( 'NONE', #1884, #5237, #2354 ) ;
#1138 = CARTESIAN_POINT ( 'NONE',  ( -1.500000000000000000, 0.0000000000000000000, 1.200000000000000000 ) ) ;
#1139 = ORIENTED_EDGE ( 'NONE', *, *, #5657, .T. ) ;
#1140 = AXIS2_PLACEMENT_3D ( 'NONE', #989, #4295, #1451 ) ;
#1141 = CARTESIAN_POINT ( 'NONE',  ( 0.2676680710829436000, 0.1499999999999999900, -0.1565959976289850200 ) ) ;
#1142 = ADVANCED_FACE ( 'NONE', ( #1936 ), #403, .F. ) ;
#1143 = DIRECTION ( 'NONE',  ( 1.000000000000000000, 0.0000000000000000000, 0.0000000000000000000 ) ) ;
#1144 = EDGE_CURVE ( 'NONE', #1021, #4151, #1783, .T. ) ;
#1145 = VECTOR ( 'NONE', #2336, 1000.000000000000000 ) ;
#1146 = DIRECTION ( 'NONE',  ( 0.0000000000000000000, 0.0000000000000000000, 1.000000000000000000 ) ) ;
#1147 = ORIENTED_EDGE ( 'NONE', *, *, #5616, .F. ) ;
#1148 = ORIENTED_EDGE ( 'NONE', *, *, #1370, .F. ) ;
#1149 = ORIENTED_EDGE ( 'NONE', *, *, #3919, .F. ) ;
#1150 = CARTESIAN_POINT ( 'NONE',  ( -0.6112864800559981700, 1.416935847582163200, 0.3202940946308329200 ) ) ;
#1151 = CARTESIAN_POINT ( 'NONE',  ( 0.9846856982453949800, 1.561383992050845400, -0.3000000000000476200 ) ) ;
#1152 = ORIENTED_EDGE ( 'NONE', *, *, #2208, .T. ) ;
#1153 = EDGE_CURVE ( 'NONE', #3023, #4825, #4333, .T. ) ;
#1154 = ORIENTED_EDGE ( 'NONE', *, *, #5752, .T. ) ;
#1155 = CARTESIAN_POINT ( 'NONE',  ( 0.5999999999999999800, 0.02000000000000000000, -1.000000000000000000 ) ) ;
#1156 = CARTESIAN_POINT ( 'NONE',  ( -0.2500000000000000000, 0.0000000000000000000, -1.651460183660000200 ) ) ;
#1157 = ORIENTED_EDGE ( 'NONE', *, *, #2094, .F. ) ;
#1158 = CARTESIAN_POINT ( 'NONE',  ( 0.2952457867721148300, 0.7999999999999999300, 0.6176950514121847300 ) ) ;
#1159 = EDGE_LOOP ( 'NONE', ( #4554, #970, #1588, #254 ) ) ;
#1160 = ORIENTED_EDGE ( 'NONE', *, *, #2491, .T. ) ;
#1161 = VECTOR ( 'NONE', #2026, 1000.000000000000000 ) ;
#1162 = CARTESIAN_POINT ( 'NONE',  ( -0.9999999999999738000, 1.600000000000000100, 1.118033988749970800 ) ) ;
#1163 = CARTESIAN_POINT ( 'NONE',  ( 0.8296380719661353700, 0.8100000000000001600, -1.199550237237542800 ) ) ;
#1164 = VERTEX_POINT ( 'NONE', #466 ) ;
#1165 = ORIENTED_EDGE ( 'NONE', *, *, #2164, .T. ) ;
#1166 = B_SPLINE_CURVE_WITH_KNOTS ( 'NONE', 3,
 ( #2512, #178, #3950, #1126 ),
 .UNSPECIFIED., .F., .F.,
 ( 4, 4 ),
 ( 0.0000000000000000000, 1.000000000000000000 ),
 .UNSPECIFIED. ) ;
#1167 = CYLINDRICAL_SURFACE ( 'NONE', #1382, 0.1000000000000000100 ) ;
#1168 = EDGE_CURVE ( 'NONE', #2914, #3973, #2886, .T. ) ;
#1169 = CARTESIAN_POINT ( 'NONE',  ( -0.3503804725142869400, 1.508986332919447900, 0.5474792463155544500 ) ) ;
#1170 = EDGE_CURVE ( 'NONE', #4543, #3489, #3025, .T. ) ;
#1171 = CARTESIAN_POINT ( 'NONE',  ( 0.6500000000000001300, 0.8000000000000000400, 1.680000000000000200 ) ) ;
#1172 = VERTEX_POINT ( 'NONE', #6162 ) ;
#1173 = ADVANCED_FACE ( 'NONE', ( #563 ), #1508, .F. ) ;
#1174 = LINE ( 'NONE', #716, #3514 ) ;
#1175 = B_SPLINE_CURVE_WITH_KNOTS ( 'NONE', 3,
 ( #620, #948, #1038, #1057, #990, #1071 ),
 .UNSPECIFIED., .F., .F.,
 ( 4, 2, 4 ),
 ( 0.0000000000000000000, 0.2500000000000000000, 0.5000000000000000000 ),
 .UNSPECIFIED. ) ;
#1176 = B_SPLINE_CURVE_WITH_KNOTS ( 'NONE', 3,
 ( #3822, #538, #4310, #1472 ),
 .UNSPECIFIED., .F., .F.,
 ( 4, 4 ),
 ( 0.0000000000000000000, 1.000000000000000000 ),
 .UNSPECIFIED. ) ;
#1177 = DIRECTION ( 'NONE',  ( -1.000000000000000000, 0.0000000000000000000, -0.0000000000000000000 ) ) ;
#1178 = CARTESIAN_POINT ( 'NONE',  ( -0.5962559105629035000, 0.8000000000000001600, 0.3366096862633096700 ) ) ;
#1179 = DIRECTION ( 'NONE',  ( 0.0000000000000000000, 0.0000000000000000000, -1.000000000000000000 ) ) ;
#1180 = VERTEX_POINT ( 'NONE', #2381 ) ;
#1181 = CARTESIAN_POINT ( 'NONE',  ( 0.2921873360207203300, 1.600000000000000100, -1.471787941030542300 ) ) ;
#1182 = DIRECTION ( 'NONE',  ( -0.0000000000000000000, 0.0000000000000000000, -1.000000000000000000 ) ) ;
#1183 = CARTESIAN_POINT ( 'NONE',  ( -0.9738101798165893500, 1.200000000023901300, -8.067512848135768400E-017 ) ) ;
#1184 = CARTESIAN_POINT ( 'NONE',  ( -0.6150675714477000800, 1.406250983707000300, -0.3197164300486001200 ) ) ;
#1185 = LINE ( 'NONE', #2492, #1058 ) ;
#1186 = ORIENTED_EDGE ( 'NONE', *, *, #5485, .T. ) ;
#1187 = EDGE_CURVE ( 'NONE', #649, #2456, #402, .T. ) ;
#1189 = CARTESIAN_POINT ( 'NONE',  ( -0.6458032900220109800, 1.700000000003883300, 0.9098316285998411200 ) ) ;
#1188 = DIRECTION ( 'NONE',  ( 1.000000000000000000, -0.0000000000000000000, 0.0000000000000000000 ) ) ;
#1190 = DIRECTION ( 'NONE',  ( 0.0000000000000000000, -1.000000000000000000, 0.0000000000000000000 ) ) ;
#1191 = DIRECTION ( 'NONE',  ( 0.0000000000000000000, 1.841344137202552000E-016, 1.000000000000000000 ) ) ;
#1192 = VECTOR ( 'NONE', #444, 1000.000000000000000 ) ;
#1193 = CARTESIAN_POINT ( 'NONE',  ( -1.300000000000000300, 0.4000000000000000200, -1.300000000000000300 ) ) ;
#1194 = CARTESIAN_POINT ( 'NONE',  ( 0.2411207403754155600, 0.6500000000000001300, 0.1830390760798501800 ) ) ;
#1195 = CARTESIAN_POINT ( 'NONE',  ( -0.5999999999999999800, 0.02000000000000000000, -1.000000000000000000 ) ) ;
#1196 = CARTESIAN_POINT ( 'NONE',  ( -0.3508422510326018600, 1.492677760589869300, -0.5553990362173993900 ) ) ;
#1197 = CARTESIAN_POINT ( 'NONE',  ( -1.200000000000000000, 0.6800000000000000500, 1.680000000000000200 ) ) ;
#1198 = VECTOR ( 'NONE', #3743, 1000.000000000000000 ) ;
#1199 = CARTESIAN_POINT ( 'NONE',  ( 1.459374669965800600, 1.599999999999999600, -0.3605936273259395300 ) ) ;
#1200 = DIRECTION ( 'NONE',  ( 1.000000000000000000, -0.0000000000000000000, 0.0000000000000000000 ) ) ;
#1201 = ADVANCED_FACE ( 'NONE', ( #2728 ), #103, .F. ) ;
#1202 = VECTOR ( 'NONE', #5185, 1000.000000000000000 ) ;
#1203 = CARTESIAN_POINT ( 'NONE',  ( -0.8233984100015849800, 1.100000000008094500, -0.4817193733217527400 ) ) ;
#1204 = CARTESIAN_POINT ( 'NONE',  ( -0.6771096903626998600, 1.451458752472000000, -0.3000612438593000000 ) ) ;
#1205 = CARTESIAN_POINT ( 'NONE',  ( -0.7838367176906017000, 1.100000000000000100, 1.160000000000002800 ) ) ;
#1206 = EDGE_CURVE ( 'NONE', #1939, #5231, #1363, .T. ) ;
#1207 = ORIENTED_EDGE ( 'NONE', *, *, #320, .T. ) ;
#1208 = B_SPLINE_CURVE_WITH_KNOTS ( 'NONE', 3,
 ( #4599, #5079, #2195, #5553 ),
 .UNSPECIFIED., .F., .F.,
 ( 4, 4 ),
 ( 0.0000000000000000000, 1.000000000000000000 ),
 .UNSPECIFIED. ) ;
#1209 = CYLINDRICAL_SURFACE ( 'NONE', #3414, 0.02000000000000005200 ) ;
#1210 = CARTESIAN_POINT ( 'NONE',  ( -1.000000000000000000, 1.689222690360981700, 1.512198665876328500 ) ) ;
#1211 = DIRECTION ( 'NONE',  ( -0.0000000000000000000, 0.0000000000000000000, -1.000000000000000000 ) ) ;
#1212 = ORIENTED_EDGE ( 'NONE', *, *, #4505, .F. ) ;
#1213 = CARTESIAN_POINT ( 'NONE',  ( -0.2400000000000000500, 1.200000000000000000, -1.367479433118000000 ) ) ;
#1214 = AXIS2_PLACEMENT_3D ( 'NONE', #4756, #4771, #5219 ) ;
#1215 = AXIS2_PLACEMENT_3D ( 'NONE', #3153, #6034, #4601 ) ;
#1216 = CIRCLE ( 'NONE', #5589, 0.8089488030467922900 ) ;
#1217 = ORIENTED_EDGE ( 'NONE', *, *, #117, .F. ) ;
#1218 = CARTESIAN_POINT ( 'NONE',  ( 0.7838367176906000400, 0.0000000000000000000, 0.0000000000000000000 ) ) ;
#1219 = CARTESIAN_POINT ( 'NONE',  ( 0.9999999999999872300, 1.600000000000000100, 1.118033988749985100 ) ) ;
#1220 = ORIENTED_EDGE ( 'NONE', *, *, #1206, .F. ) ;
#1221 = ORIENTED_EDGE ( 'NONE', *, *, #4752, .T. ) ;
#1222 = ORIENTED_EDGE ( 'NONE', *, *, #1569, .T. ) ;
#1223 = DIRECTION ( 'NONE',  ( 0.0000000000000000000, 1.000000000000000000, 0.0000000000000000000 ) ) ;
#1224 = EDGE_LOOP ( 'NONE', ( #1660, #4679, #6181, #2187 ) ) ;
#1225 = EDGE_CURVE ( 'NONE', #5460, #644, #1361, .T. ) ;
#1226 = CARTESIAN_POINT ( 'NONE',  ( 0.6682090325754008700, 0.8099999999999999400, 0.3770173721499579500 ) ) ;
#1227 = CARTESIAN_POINT ( 'NONE',  ( 1.200000000000000000, 0.7991607978309981400, 1.699999999999999500 ) ) ;
#1228 = ORIENTED_EDGE ( 'NONE', *, *, #3793, .F. ) ;
#1229 = ORIENTED_EDGE ( 'NONE', *, *, #381, .T. ) ;
#1231 = CARTESIAN_POINT ( 'NONE',  ( -0.7366546101032581700, 0.8000000000000002700, 0.1887110101151280300 ) ) ;
#1230 = PLANE ( 'NONE',  #5687 ) ;
#1232 = CARTESIAN_POINT ( 'NONE',  ( 5.410954283830000700, 0.02000000000000000000, 1.700000000000000200 ) ) ;
#1233 =( NAMED_UNIT ( * ) PLANE_ANGLE_UNIT ( ) SI_UNIT ( $, .RADIAN. ) );
#1234 = LINE ( 'NONE', #18, #6001 ) ;
#1235 = ADVANCED_FACE ( 'NONE', ( #4008 ), #2449, .T. ) ;
#1236 = EDGE_CURVE ( 'NONE', #1180, #5561, #5157, .T. ) ;
#1237 = CARTESIAN_POINT ( 'NONE',  ( -0.2700000000000000700, -0.1000000000000000100, -1.631460183660000200 ) ) ;
#1238 = CARTESIAN_POINT ( 'NONE',  ( 1.102394487763702600, 1.599999999999999600, -0.4146160391692825800 ) ) ;
#1239 = ORIENTED_EDGE ( 'NONE', *, *, #4735, .F. ) ;
#1240 = ORIENTED_EDGE ( 'NONE', *, *, #5582, .T. ) ;
#1241 = CARTESIAN_POINT ( 'NONE',  ( -0.9417039545157898100, 1.599999999996271100, 0.7237027293760427400 ) ) ;
#1242 = CARTESIAN_POINT ( 'NONE',  ( 0.0000000000000000000, 0.0000000000000000000, 1.680000000000000200 ) ) ;
#1243 = LINE ( 'NONE', #3577, #3440 ) ;
#1244 = CARTESIAN_POINT ( 'NONE',  ( -0.7838367176906050300, 1.205000000000000100, 1.160000000000008100 ) ) ;
#1245 = VERTEX_POINT ( 'NONE', #4291 ) ;
#1246 = B_SPLINE_CURVE_WITH_KNOTS ( 'NONE', 3,
 ( #5265, #5152, #4946, #5384, #3179, #3091 ),
 .UNSPECIFIED., .F., .F.,
 ( 4, 2, 4 ),
 ( 0.0000000000000000000, 0.5000000000000000000, 1.000000000000000000 ),
 .UNSPECIFIED. ) ;
#1247 = VERTEX_POINT ( 'NONE', #421 ) ;
#1248 = DIRECTION ( 'NONE',  ( 0.0000000000000000000, -0.0000000000000000000, -1.000000000000000000 ) ) ;
#1249 = LINE ( 'NONE', #2293, #6173 ) ;
#1250 = CARTESIAN_POINT ( 'NONE',  ( -1.450000000000000000, 0.0000000000000000000, 1.399999999999999900 ) ) ;
#1251 = CARTESIAN_POINT ( 'NONE',  ( 0.0000000000000000000, 0.8000000000000000400, 1.224647799146999900E-014 ) ) ;
#1252 = CARTESIAN_POINT ( 'NONE',  ( 0.2999999999988575700, 1.439558585074948400, -0.6790520212250901200 ) ) ;
#1253 = AXIS2_PLACEMENT_3D ( 'NONE', #1155, #1130, #1102 ) ;
#1254 = ORIENTED_EDGE ( 'NONE', *, *, #3380, .F. ) ;
#1255 = CARTESIAN_POINT ( 'NONE',  ( -0.1486401844462406400, 0.6500000000000000200, 0.2638847934222027800 ) ) ;
#1256 = DIRECTION ( 'NONE',  ( -1.000000000000000000, -0.0000000000000000000, -0.0000000000000000000 ) ) ;
#1257 = CARTESIAN_POINT ( 'NONE',  ( 0.2500000000000000000, 0.0000000000000000000, -1.651460183660000200 ) ) ;
#1258 = LINE ( 'NONE', #4163, #2633 ) ;
#1259 = ORIENTED_EDGE ( 'NONE', *, *, #6166, .F. ) ;
#1260 = AXIS2_PLACEMENT_3D ( 'NONE', #1047, #5805, #2901 ) ;
#1261 = DIRECTION ( 'NONE',  ( 0.0000000000000000000, 1.000000000000000000, -0.0000000000000000000 ) ) ;
#1262 = AXIS2_PLACEMENT_3D ( 'NONE', #1250, #4569, #1704 ) ;
#1263 = DIRECTION ( 'NONE',  ( -0.0000000000000000000, 1.000000000000000000, -0.0000000000000000000 ) ) ;
#1264 = EDGE_CURVE ( 'NONE', #4349, #436, #5315, .T. ) ;
#1265 = DIRECTION ( 'NONE',  ( 0.0000000000000000000, -0.0000000000000000000, -1.000000000000000000 ) ) ;
#1266 = FACE_OUTER_BOUND ( 'NONE', #2530, .T. ) ;
#1267 = EDGE_LOOP ( 'NONE', ( #3080, #3817, #2260, #418 ) ) ;
#1268 = DIRECTION ( 'NONE',  ( 0.0000000000000000000, 1.000000000000000000, 0.0000000000000000000 ) ) ;
#1269 = CARTESIAN_POINT ( 'NONE',  ( 0.5844250106253934300, 1.432477276610776300, 0.3524637260813747200 ) ) ;
#1270 = ADVANCED_FACE ( 'NONE', ( #3874 ), #3546, .F. ) ;
#1271 = DIRECTION ( 'NONE',  ( 0.0000000000000000000, 0.0000000000000000000, -1.000000000000000000 ) ) ;
#1272 = CARTESIAN_POINT ( 'NONE',  ( 0.0000000000000000000, 0.8000000000000000400, 1.680000000000000200 ) ) ;
#1273 = CARTESIAN_POINT ( 'NONE',  ( 0.7838367176906000400, 1.200000000000000000, 1.260000000000000000 ) ) ;
#1274 = LINE ( 'NONE', #3345, #4762 ) ;
#1275 = EDGE_CURVE ( 'NONE', #1084, #1164, #3527, .T. ) ;
#1276 = DIRECTION ( 'NONE',  ( 0.0000000000000000000, 0.0000000000000000000, 1.000000000000000000 ) ) ;
#1277 = FACE_OUTER_BOUND ( 'NONE', #5098, .T. ) ;
#1278 = ORIENTED_EDGE ( 'NONE', *, *, #2295, .T. ) ;
#1279 = CARTESIAN_POINT ( 'NONE',  ( -0.2999999999999999900, 1.700000000000000000, 0.5766281297334999700 ) ) ;
#1280 = LINE ( 'NONE', #4583, #5078 ) ;
#1281 = CARTESIAN_POINT ( 'NONE',  ( -0.3366096862633106100, 0.8000000000000002700, -0.5962559105628991700 ) ) ;
#1282 = ORIENTED_EDGE ( 'NONE', *, *, #1767, .F. ) ;
#1283 = CARTESIAN_POINT ( 'NONE',  ( -1.113545850615516500, 1.700000000028012400, -0.1051128078718128300 ) ) ;
#1284 = B_SPLINE_CURVE_WITH_KNOTS ( 'NONE', 3,
 ( #1909, #21, #2382, #5747, #2847, #49, #3333, #539, #3826, #1009 ),
 .UNSPECIFIED., .F., .F.,
 ( 4, 2, 2, 2, 4 ),
 ( 0.0000000000000000000, 0.1250000000000000000, 0.2500000000000000000, 0.3750000000000000000, 0.5000000000000000000 ),
 .UNSPECIFIED. ) ;
#1285 = EDGE_CURVE ( 'NONE', #738, #642, #4677, .T. ) ;
#1286 = DIRECTION ( 'NONE',  ( -1.000000000000000000, 0.0000000000000000000, -0.0000000000000000000 ) ) ;
#1287 = VECTOR ( 'NONE', #4005, 1000.000000000000000 ) ;
#1288 = CARTESIAN_POINT ( 'NONE',  ( -1.500000000000000000, 0.0000000000000000000, 1.700000000000000000 ) ) ;
#1289 = CARTESIAN_POINT ( 'NONE',  ( 0.2700000000000000700, 0.0000000000000000000, -1.631460183660000200 ) ) ;
#1290 = ORIENTED_EDGE ( 'NONE', *, *, #5465, .F. ) ;
#1291 = EDGE_CURVE ( 'NONE', #1059, #3125, #256, .T. ) ;
#1292 = CARTESIAN_POINT ( 'NONE',  ( -1.352386679302589400, 1.100000000000000500, 0.3738734781497034000 ) ) ;
#1293 = VERTEX_POINT ( 'NONE', #9 ) ;
#1294 = CARTESIAN_POINT ( 'NONE',  ( -0.3531616853335999800, 1.509724606317000200, -0.5453921286283000000 ) ) ;
#1295 = VECTOR ( 'NONE', #3791, 1000.000000000000000 ) ;
#1296 = VERTEX_POINT ( 'NONE', #993 ) ;
#1297 = CARTESIAN_POINT ( 'NONE',  ( 0.2999999999999999900, 1.100000000000000100, -0.9738101797978001600 ) ) ;
#1298 = CARTESIAN_POINT ( 'NONE',  ( -3.673940397442058900E-017, 0.6500000000000001300, -0.2999999999999999300 ) ) ;
#1299 = CARTESIAN_POINT ( 'NONE',  ( -0.3000000000006651800, 1.561383992048451600, 0.9846856982372748100 ) ) ;
#1300 = AXIS2_PLACEMENT_3D ( 'NONE', #5683, #5708, #427 ) ;
#1301 = ADVANCED_FACE ( 'NONE', ( #1076 ), #1209, .T. ) ;
#1302 = ORIENTED_EDGE ( 'NONE', *, *, #4683, .T. ) ;
#1303 = PLANE ( 'NONE',  #2496 ) ;
#1304 = DIRECTION ( 'NONE',  ( 0.0000000000000000000, -1.000000000000000000, 0.0000000000000000000 ) ) ;
#1305 = ORIENTED_EDGE ( 'NONE', *, *, #1507, .F. ) ;
#1306 = CARTESIAN_POINT ( 'NONE',  ( 0.2999999999999999900, 1.629407900795928600, -0.8854431780583311700 ) ) ;
#1307 = ORIENTED_EDGE ( 'NONE', *, *, #5634, .T. ) ;
#1308 = VERTEX_POINT ( 'NONE', #560 ) ;
#1309 = CARTESIAN_POINT ( 'NONE',  ( 0.9846856982372749200, 1.561383992048451600, 0.3000000000006650100 ) ) ;
#1310 = CARTESIAN_POINT ( 'NONE',  ( 0.5611314983283587400, 0.8000000000000000400, -0.3966269526436712600 ) ) ;
#1311 = DIRECTION ( 'NONE',  ( 0.0000000000000000000, 1.000000000000000000, 0.0000000000000000000 ) ) ;
#1312 = CARTESIAN_POINT ( 'NONE',  ( -0.2500000000000000000, 0.0000000000000000000, 0.02853981633975000200 ) ) ;
#1313 = CARTESIAN_POINT ( 'NONE',  ( -1.058300524439611500, 1.700000000010851300, -0.3000000000026191200 ) ) ;
#1314 = EDGE_CURVE ( 'NONE', #3559, #4907, #2298, .T. ) ;
#1315 = ORIENTED_EDGE ( 'NONE', *, *, #4073, .F. ) ;
#1316 = CARTESIAN_POINT ( 'NONE',  ( 0.2700000000000000700, 0.0000000000000000000, -1.626224195904017300 ) ) ;
#1317 = CARTESIAN_POINT ( 'NONE',  ( 0.0000000000000000000, 0.05000000000000000300, 0.0000000000000000000 ) ) ;
#1318 = ORIENTED_EDGE ( 'NONE', *, *, #1168, .T. ) ;
#1319 = VECTOR ( 'NONE', #617, 1000.000000000000000 ) ;
#1320 = CARTESIAN_POINT ( 'NONE',  ( -0.2975717359215000500, 1.532166544165000300, -0.5949680359826000600 ) ) ;
#1321 = EDGE_LOOP ( 'NONE', ( #2153, #3625, #6008, #5620, #636 ) ) ;
#1322 = CARTESIAN_POINT ( 'NONE',  ( 0.5868149074497000000, 1.466535747375000000, 0.3184585541562000000 ) ) ;
#1323 = CARTESIAN_POINT ( 'NONE',  ( 0.6761752566928862500, 0.9000000000000002400, 0.1728197229352895200 ) ) ;
#1324 = CARTESIAN_POINT ( 'NONE',  ( -0.2547640122440170700, -0.0000000000000000000, -1.621460183659999800 ) ) ;
#1325 = ORIENTED_EDGE ( 'NONE', *, *, #46, .F. ) ;
#1326 = LINE ( 'NONE', #1811, #5877 ) ;
#1327 = CARTESIAN_POINT ( 'NONE',  ( 0.6923796403815998300, 0.8999999999667671600, 1.274145339362647500E-010 ) ) ;
#1328 = CARTESIAN_POINT ( 'NONE',  ( 0.6337405833535756400, 1.530703003447696500, -0.2999999996275749500 ) ) ;
#1329 = EDGE_LOOP ( 'NONE', ( #1779, #2680, #2018, #3630 ) ) ;
#1330 = LINE ( 'NONE', #3030, #6093 ) ;
#1331 = EDGE_CURVE ( 'NONE', #5462, #1514, #4200, .T. ) ;
#1332 = ADVANCED_FACE ( 'NONE', ( #6128 ), #5839, .F. ) ;
#1333 = ORIENTED_EDGE ( 'NONE', *, *, #5917, .T. ) ;
#1334 = DIRECTION ( 'NONE',  ( -0.0000000000000000000, 0.0000000000000000000, 1.000000000000000000 ) ) ;
#1335 = DIRECTION ( 'NONE',  ( 0.0000000000000000000, 0.0000000000000000000, 1.000000000000000000 ) ) ;
#1336 = CARTESIAN_POINT ( 'NONE',  ( -0.3527958699266920400, 1.419537998906663400, 0.5906235339898930900 ) ) ;
#1337 = CARTESIAN_POINT ( 'NONE',  ( 0.6403387044547000900, 1.530685031068000000, 0.3001717119317999800 ) ) ;
#1338 = CARTESIAN_POINT ( 'NONE',  ( 0.2266785134940190500, 0.6500000000000001300, -0.1976376813462411800 ) ) ;
#1339 = CARTESIAN_POINT ( 'NONE',  ( 0.5545045523120779600, 1.494522861575750000, -0.3507906106628730900 ) ) ;
#1340 = CONICAL_SURFACE ( 'NONE', #598, 0.6890731128805782600, 0.4014257279663837100 ) ;
#1341 = CARTESIAN_POINT ( 'NONE',  ( 0.7838367176906000400, 1.600000000000000100, 0.0000000000000000000 ) ) ;
#1342 = CARTESIAN_POINT ( 'NONE',  ( -3.673940397442058900E-017, 0.6500000000000001300, -0.2999999999999999300 ) ) ;
#1343 = CARTESIAN_POINT ( 'NONE',  ( 0.2999999999999999900, 1.200000000000000000, -1.367479433118000000 ) ) ;
#1344 = AXIS2_PLACEMENT_3D ( 'NONE', #4222, #2316, #5674 ) ;
#1345 = LINE ( 'NONE', #339, #1494 ) ;
#1346 = DIRECTION ( 'NONE',  ( -1.000000000000000000, 0.0000000000000000000, 0.0000000000000000000 ) ) ;
#1347 = EDGE_CURVE ( 'NONE', #1495, #245, #3069, .T. ) ;
#1348 = APPLICATION_CONTEXT ( 'automotive_design' ) ;
#1349 = DIRECTION ( 'NONE',  ( 0.0000000000000000000, 0.0000000000000000000, 1.000000000000000000 ) ) ;
#1350 = FACE_OUTER_BOUND ( 'NONE', #2459, .T. ) ;
#1351 = CARTESIAN_POINT ( 'NONE',  ( 0.5999999999999999800, 0.0000000000000000000, 0.0000000000000000000 ) ) ;
#1352 = CARTESIAN_POINT ( 'NONE',  ( 0.2652359877559828900, -0.0000000000000000000, -1.621460183659999800 ) ) ;
#1353 = CARTESIAN_POINT ( 'NONE',  ( -1.167534209155143500, 1.100000000000000300, 0.7851827129697788200 ) ) ;
#1354 = EDGE_CURVE ( 'NONE', #771, #4126, #1984, .T. ) ;
#1355 = CONICAL_SURFACE ( 'NONE', #992, 0.6890731128805782600, 0.4014257279663837100 ) ;
#1356 = CARTESIAN_POINT ( 'NONE',  ( -0.5999999999999998700, 0.02000000000000000000, 1.700000000000000200 ) ) ;
#1357 = CARTESIAN_POINT ( 'NONE',  ( 0.9846856982453949800, 1.561383992050845400, -0.3000000000000476200 ) ) ;
#1358 = EDGE_LOOP ( 'NONE', ( #5033, #669, #4950, #3643, #1278, #953, #4026 ) ) ;
#1359 = CARTESIAN_POINT ( 'NONE',  ( 0.2344583899992586400, 0.8100000000000000500, -0.7233437934696607100 ) ) ;
#1360 = ADVANCED_FACE ( 'NONE', ( #3710 ), #2542, .F. ) ;
#1361 = B_SPLINE_CURVE_WITH_KNOTS ( 'NONE', 3,
 ( #3776, #4267, #5269, #5607 ),
 .UNSPECIFIED., .F., .F.,
 ( 4, 4 ),
 ( 0.0000000000000000000, 1.000000000000000000 ),
 .UNSPECIFIED. ) ;
#1362 = DIRECTION ( 'NONE',  ( 1.000000000000000000, 0.0000000000000000000, 0.0000000000000000000 ) ) ;
#1363 = CIRCLE ( 'NONE', #1214, 0.1200000000000000900 ) ;
#1364 = ORIENTED_EDGE ( 'NONE', *, *, #2977, .T. ) ;
#1365 = CARTESIAN_POINT ( 'NONE',  ( 1.398780469636296400, 1.099999999999999900, 0.06737126535365423100 ) ) ;
#1366 = B_SPLINE_CURVE_WITH_KNOTS ( 'NONE', 3,
 ( #4818, #1943, #2421, #5786, #2884, #85 ),
 .UNSPECIFIED., .F., .F.,
 ( 4, 2, 4 ),
 ( 0.5000000000000000000, 0.7500000000000000000, 1.000000000000000000 ),
 .UNSPECIFIED. ) ;
#1367 = CARTESIAN_POINT ( 'NONE',  ( -1.349999999999999900, 0.8000000000000000400, 1.100000000000000100 ) ) ;
#1368 = VECTOR ( 'NONE', #4537, 1000.000000000000000 ) ;
#1369 = ORIENTED_EDGE ( 'NONE', *, *, #5054, .F. ) ;
#1370 = EDGE_CURVE ( 'NONE', #369, #4421, #923, .T. ) ;
#1371 = CARTESIAN_POINT ( 'NONE',  ( -1.056181682024526900, 1.100000000000000100, 0.9195986375580051900 ) ) ;
#1372 = ORIENTED_EDGE ( 'NONE', *, *, #5501, .F. ) ;
#1373 = ORIENTED_EDGE ( 'NONE', *, *, #1168, .F. ) ;
#1374 = ORIENTED_EDGE ( 'NONE', *, *, #5154, .F. ) ;
#1375 = VERTEX_POINT ( 'NONE', #2896 ) ;
#1376 = CARTESIAN_POINT ( 'NONE',  ( 0.7382871643913756500, 0.7999999999999999300, -9.041410127234739400E-017 ) ) ;
#1377 = CARTESIAN_POINT ( 'NONE',  ( 1.009223973657240100, 1.607589328045833100, -0.2999999999999999900 ) ) ;
#1378 = DIRECTION ( 'NONE',  ( 1.000000000000000000, 0.0000000000000000000, -0.0000000000000000000 ) ) ;
#1379 = CARTESIAN_POINT ( 'NONE',  ( -0.7600000000000000100, 0.8100000000000001600, 1.216271215040832200E-014 ) ) ;
#1380 = CARTESIAN_POINT ( 'NONE',  ( -0.2975490781221999900, 1.534231327217999900, 0.5940037697430000700 ) ) ;
#1381 = AXIS2_PLACEMENT_3D ( 'NONE', #2329, #2787, #6175 ) ;
#1382 = AXIS2_PLACEMENT_3D ( 'NONE', #3219, #3693, #6085 ) ;
#1383 = CARTESIAN_POINT ( 'NONE',  ( -0.3000000000000000400, 0.6500000000000001300, -0.01898481357484984100 ) ) ;
#1384 = EDGE_LOOP ( 'NONE', ( #1152, #3618, #2028, #5173 ) ) ;
#1385 = EDGE_CURVE ( 'NONE', #3945, #2634, #4709, .T. ) ;
#1386 = CARTESIAN_POINT ( 'NONE',  ( 0.6418767318754596800, 1.100000000000000300, -1.244658853148149700 ) ) ;
#1387 = LINE ( 'NONE', #967, #2472 ) ;
#1388 = CARTESIAN_POINT ( 'NONE',  ( -0.2344583899992586100, 0.8000000000000001600, -0.7233437934696609300 ) ) ;
#1389 = CARTESIAN_POINT ( 'NONE',  ( 0.0000000000000000000, 0.1000000000000000100, 0.2000000000000000100 ) ) ;
#1390 = ORIENTED_EDGE ( 'NONE', *, *, #1385, .F. ) ;
#1391 = VERTEX_POINT ( 'NONE', #2932 ) ;
#1392 = CARTESIAN_POINT ( 'NONE',  ( 0.5528956246291001400, 1.494311218495000000, -0.3536072259468999700 ) ) ;
#1393 = ADVANCED_FACE ( 'NONE', ( #3410 ), #4402, .F. ) ;
#1394 = CIRCLE ( 'NONE', #4890, 0.03000000000000007900 ) ;
#1395 = DIRECTION ( 'NONE',  ( 1.000000000000000000, -0.0000000000000000000, 0.0000000000000000000 ) ) ;
#1396 = CARTESIAN_POINT ( 'NONE',  ( -0.1902428302385849900, 0.8100000000000001600, -0.7421453352981256500 ) ) ;
#1397 = EDGE_CURVE ( 'NONE', #1706, #1033, #3261, .T. ) ;
#1398 = CARTESIAN_POINT ( 'NONE',  ( -0.1025050415749886700, 1.700000000000000000, -1.100162427446228300 ) ) ;
#1399 = CARTESIAN_POINT ( 'NONE',  ( -0.9889346962637150000, 1.099999999999999900, 0.9915705395337937000 ) ) ;
#1400 = EDGE_LOOP ( 'NONE', ( #1761, #5778, #2841, #1220, #2221, #6020, #4271, #2895 ) ) ;
#1401 = ORIENTED_EDGE ( 'NONE', *, *, #199, .F. ) ;
#1402 = CARTESIAN_POINT ( 'NONE',  ( 0.6049725677421001800, 0.9000000000000002400, -0.1583814478701613400 ) ) ;
#1403 = FACE_OUTER_BOUND ( 'NONE', #5133, .T. ) ;
#1404 = CARTESIAN_POINT ( 'NONE',  ( 0.2999999999999999900, 1.200000000000000000, -0.9264481994573999800 ) ) ;
#1405 = CARTESIAN_POINT ( 'NONE',  ( -0.3000505917697000000, 1.439519715291000000, 0.6826166612920000500 ) ) ;
#1406 = UNCERTAINTY_MEASURE_WITH_UNIT (LENGTH_MEASURE( 1.000000000000000100E-005 ), #4060, 'distance_accuracy_value', 'NONE');
#1407 = VERTEX_POINT ( 'NONE', #3761 ) ;
#1408 = DIRECTION ( 'NONE',  ( 0.0000000000000000000, 0.0000000000000000000, 1.000000000000000000 ) ) ;
#1409 = DIRECTION ( 'NONE',  ( 5.559780123680248800E-017, 0.8910065241805952300, -0.4539904997548014900 ) ) ;
#1410 = EDGE_CURVE ( 'NONE', #5338, #865, #913, .T. ) ;
#1411 = LINE ( 'NONE', #3584, #3917 ) ;
#1412 = VERTEX_POINT ( 'NONE', #3939 ) ;
#1413 = DIRECTION ( 'NONE',  ( -0.2665025992376345300, 0.9638341997457782200, 0.0000000000000000000 ) ) ;
#1414 = CARTESIAN_POINT ( 'NONE',  ( 0.6137939942497999700, 1.491766949915000100, -0.2980127631539000200 ) ) ;
#1415 = CARTESIAN_POINT ( 'NONE',  ( -0.5533887777609113300, 1.496821711994126900, 0.3507257519479256000 ) ) ;
#1416 = CARTESIAN_POINT ( 'NONE',  ( -1.034878123502603200, 1.100000000000000500, 0.9434739376016526600 ) ) ;
#1417 = VECTOR ( 'NONE', #2553, 1000.000000000000000 ) ;
#1418 = CARTESIAN_POINT ( 'NONE',  ( 0.3512914613343224300, 1.476506168122160500, -0.5632302026986539800 ) ) ;
#1419 = PLANE ( 'NONE',  #1678 ) ;
#1420 = CARTESIAN_POINT ( 'NONE',  ( 0.8089488030467920600, 0.8764413300365038200, -1.617897606093584100 ) ) ;
#1421 = ADVANCED_FACE ( 'NONE', ( #2141 ), #3980, .T. ) ;
#1422 = LINE ( 'NONE', #3081, #5369 ) ;
#1423 = CARTESIAN_POINT ( 'NONE',  ( -0.6842078896604000300, 0.9399999999999999500, 0.0000000000000000000 ) ) ;
#1424 = LINE ( 'NONE', #1545, #315 ) ;
#1425 = CARTESIAN_POINT ( 'NONE',  ( -0.2500000000000000000, 0.0000000000000000000, -1.631460183660000200 ) ) ;
#1426 = EDGE_CURVE ( 'NONE', #525, #481, #3101, .T. ) ;
#1427 = VERTEX_POINT ( 'NONE', #4365 ) ;
#1428 = CARTESIAN_POINT ( 'NONE',  ( -1.200000000000000000, -0.1000000000000000100, 1.000000000000000000 ) ) ;
#1429 = DIRECTION ( 'NONE',  ( -1.000000000000000000, -0.0000000000000000000, 0.0000000000000000000 ) ) ;
#1430 = VECTOR ( 'NONE', #2223, 1000.000000000000000 ) ;
#1431 = CARTESIAN_POINT ( 'NONE',  ( -1.385556267242093100, 1.100000000000000300, 0.2036410097755801100 ) ) ;
#1432 = EDGE_LOOP ( 'NONE', ( #885, #687, #5277, #5414 ) ) ;
#1433 = DIRECTION ( 'NONE',  ( 0.0000000000000000000, 0.0000000000000000000, 1.000000000000000000 ) ) ;
#1434 = CYLINDRICAL_SURFACE ( 'NONE', #3866, 0.2999999999999999900 ) ;
#1435 = DIRECTION ( 'NONE',  ( 1.000000000000000000, 0.0000000000000000000, -0.0000000000000000000 ) ) ;
#1436 = DIRECTION ( 'NONE',  ( 0.0000000000000000000, 1.000000000000000000, -9.206720686012761300E-017 ) ) ;
#1437 = CARTESIAN_POINT ( 'NONE',  ( 9.307315673519884700E-017, 0.8000000000000000400, -0.7599999999999878000 ) ) ;
#1438 = ORIENTED_EDGE ( 'NONE', *, *, #5958, .F. ) ;
#1439 = VECTOR ( 'NONE', #15, 1000.000000000000000 ) ;
#1440 = ORIENTED_EDGE ( 'NONE', *, *, #3930, .F. ) ;
#1441 = EDGE_CURVE ( 'NONE', #260, #4286, #5681, .T. ) ;
#1442 = ORIENTED_EDGE ( 'NONE', *, *, #1490, .T. ) ;
#1443 = CARTESIAN_POINT ( 'NONE',  ( 0.08424957634148212700, 0.9394664402457639800, -1.367479433118000200 ) ) ;
#1444 = DIRECTION ( 'NONE',  ( 0.0000000000000000000, 1.000000000000000000, 0.0000000000000000000 ) ) ;
#1445 = VERTEX_POINT ( 'NONE', #4439 ) ;
#1446 = EDGE_LOOP ( 'NONE', ( #1751, #6067, #4799, #6038, #5711 ) ) ;
#1447 = DIRECTION ( 'NONE',  ( 1.000000000000000000, 0.0000000000000000000, 0.0000000000000000000 ) ) ;
#1448 = ADVANCED_FACE ( 'NONE', ( #629 ), #2952, .T. ) ;
#1449 = ORIENTED_EDGE ( 'NONE', *, *, #489, .F. ) ;
#1450 = AXIS2_PLACEMENT_3D ( 'NONE', #1992, #2362, #2443 ) ;
#1451 = DIRECTION ( 'NONE',  ( 1.000000000000000000, 0.0000000000000000000, -1.776356839400250500E-015 ) ) ;
#1452 = VERTEX_POINT ( 'NONE', #4908 ) ;
#1453 = ORIENTED_EDGE ( 'NONE', *, *, #278, .T. ) ;
#1454 = CARTESIAN_POINT ( 'NONE',  ( -1.373792721579005800, 1.100000000000000100, 0.2721367945628625500 ) ) ;
#1455 = ORIENTED_EDGE ( 'NONE', *, *, #422, .F. ) ;
#1456 = VERTEX_POINT ( 'NONE', #4497 ) ;
#1457 = DIRECTION ( 'NONE',  ( 0.0000000000000000000, 1.000000000000000000, 0.0000000000000000000 ) ) ;
#1458 = CARTESIAN_POINT ( 'NONE',  ( -0.7439231976605318300, 1.572975568606715300, -0.2999999999999999900 ) ) ;
#1459 = ORIENTED_EDGE ( 'NONE', *, *, #6053, .F. ) ;
#1460 = CARTESIAN_POINT ( 'NONE',  ( -1.500000000000000000, 0.0000000000000000000, -1.100000000000000100 ) ) ;
#1461 = CARTESIAN_POINT ( 'NONE',  ( -0.2500000000000000000, -0.04263839905159388900, -1.758527412093177300 ) ) ;
#1462 = AXIS2_PLACEMENT_3D ( 'NONE', #1288, #367, #3640 ) ;
#1463 = ORIENTED_EDGE ( 'NONE', *, *, #972, .F. ) ;
#1464 = AXIS2_PLACEMENT_3D ( 'NONE', #1866, #2361, #5729 ) ;
#1465 = LINE ( 'NONE', #24, #204 ) ;
#1466 = EDGE_CURVE ( 'NONE', #4668, #589, #5511, .T. ) ;
#1467 = ORIENTED_EDGE ( 'NONE', *, *, #4158, .T. ) ;
#1468 = VERTEX_POINT ( 'NONE', #5334 ) ;
#1469 = CARTESIAN_POINT ( 'NONE',  ( -0.7600000000000003400, 0.8100000000000005000, 0.09682150023995030100 ) ) ;
#1470 = DIRECTION ( 'NONE',  ( -0.0000000000000000000, -1.000000000000000000, -0.0000000000000000000 ) ) ;
#1471 = LINE ( 'NONE', #2099, #3968 ) ;
#1472 = CARTESIAN_POINT ( 'NONE',  ( 0.6500000000000001300, 0.8000000000000000400, 1.680000000000000200 ) ) ;
#1473 = DIRECTION ( 'NONE',  ( 0.0000000000000000000, 0.0000000000000000000, 1.000000000000000000 ) ) ;
#1474 = EDGE_LOOP ( 'NONE', ( #2158, #3424, #3519, #1806, #4100 ) ) ;
#1475 = PLANE ( 'NONE',  #2571 ) ;
#1476 = CARTESIAN_POINT ( 'NONE',  ( 0.4405335693662389400, 0.7999999999999999300, -0.6233090288450471300 ) ) ;
#1477 = EDGE_CURVE ( 'NONE', #3104, #642, #485, .T. ) ;
#1478 = CARTESIAN_POINT ( 'NONE',  ( -0.5999999999999998700, 0.0000000000000000000, -1.500000000000000200 ) ) ;
#1479 = LINE ( 'NONE', #3455, #214 ) ;
#1480 = CARTESIAN_POINT ( 'NONE',  ( -1.239279143310137300, 1.099999999999999900, 0.6659926121871502200 ) ) ;
#1481 = B_SPLINE_CURVE_WITH_KNOTS ( 'NONE', 3,
 ( #6113, #420, #5655, #2758, #6138, #3246 ),
 .UNSPECIFIED., .F., .F.,
 ( 4, 2, 4 ),
 ( 0.0000000000000000000, 0.5000000000000000000, 1.000000000000000000 ),
 .UNSPECIFIED. ) ;
#1482 = EDGE_LOOP ( 'NONE', ( #1580, #5443, #1467, #795 ) ) ;
#1483 = DIRECTION ( 'NONE',  ( 0.0000000000000000000, 1.000000000000000000, 0.0000000000000000000 ) ) ;
#1484 = CARTESIAN_POINT ( 'NONE',  ( 0.3184293600287621000, 1.512413740563445700, 0.5751513664260824400 ) ) ;
#1485 = VERTEX_POINT ( 'NONE', #5313 ) ;
#1486 = ADVANCED_FACE ( 'NONE', ( #1708 ), #5710, .T. ) ;
#1487 = VECTOR ( 'NONE', #3789, 1000.000000000000000 ) ;
#1488 = DIRECTION ( 'NONE',  ( 0.0000000000000000000, -0.0000000000000000000, 1.000000000000000000 ) ) ;
#1489 = CARTESIAN_POINT ( 'NONE',  ( 1.007383371169878300, 1.700000000003883700, 0.4796188333398754300 ) ) ;
#1490 = EDGE_CURVE ( 'NONE', #2456, #2931, #5972, .T. ) ;
#1491 = DIRECTION ( 'NONE',  ( 1.000000000000000000, -0.0000000000000000000, -0.0000000000000000000 ) ) ;
#1492 = EDGE_CURVE ( 'NONE', #4842, #4348, #4084, .T. ) ;
#1493 = CARTESIAN_POINT ( 'NONE',  ( -0.2000000000000000700, 0.1499999999999999900, -0.01302264114964368300 ) ) ;
#1494 = VECTOR ( 'NONE', #3145, 1000.000000000000000 ) ;
#1495 = VERTEX_POINT ( 'NONE', #5669 ) ;
#1496 = CARTESIAN_POINT ( 'NONE',  ( 0.3551224969293000400, 1.439528738892000200, -0.5793952959709999200 ) ) ;
#1497 = DIRECTION ( 'NONE',  ( 0.0000000000000000000, 1.000000000000000000, 0.0000000000000000000 ) ) ;
#1498 = AXIS2_PLACEMENT_3D ( 'NONE', #1100, #4876, #3430 ) ;
#1499 = AXIS2_PLACEMENT_3D ( 'NONE', #886, #4177, #1349 ) ;
#1500 = VECTOR ( 'NONE', #4101, 1000.000000000000000 ) ;
#1501 = CARTESIAN_POINT ( 'NONE',  ( 0.0000000000000000000, -1.741415926536000100, -1.671460183660000000 ) ) ;
#1502 = CARTESIAN_POINT ( 'NONE',  ( 0.0000000000000000000, 0.0000000000000000000, 1.200000000000000000 ) ) ;
#1503 = CARTESIAN_POINT ( 'NONE',  ( -0.5991210095837999900, 1.398397070743000200, 0.3561897342407000000 ) ) ;
#1504 = FACE_OUTER_BOUND ( 'NONE', #712, .T. ) ;
#1505 = VERTEX_POINT ( 'NONE', #6155 ) ;
#1506 = CARTESIAN_POINT ( 'NONE',  ( 1.200000000000000000, 0.8000000000000000400, 1.686666666666666500 ) ) ;
#1507 = EDGE_CURVE ( 'NONE', #1125, #514, #4866, .T. ) ;
#1508 = CYLINDRICAL_SURFACE ( 'NONE', #1825, 0.02000000000000005200 ) ;
#1509 = CARTESIAN_POINT ( 'NONE',  ( -0.1213001124971643800, 0.1500000000000000500, -0.1611661028053759100 ) ) ;
#1510 = EDGE_LOOP ( 'NONE', ( #1081, #5629, #1839, #6063 ) ) ;
#1511 =( BOUNDED_SURFACE ( )  B_SPLINE_SURFACE ( 3, 3, ( 
 ( #1503, #4344, #1960, #5317, #2434, #5804 ),
 ( #2899, #96, #3391, #586, #3875, #1060 ),
 ( #4369, #1517, #4849, #1982, #5339, #2450 ),
 ( #5822, #2917, #116, #3403, #606, #3894 ) ),
 .UNSPECIFIED., .F., .F., .F. ) 
 B_SPLINE_SURFACE_WITH_KNOTS ( ( 4, 4 ),
 ( 4, 1, 1, 4 ),
 ( 0.0000000000000000000, 1.000000000000000000 ),
 ( 0.3658283382006000100, 0.3695033505438999900, 0.3733126476052000000, 0.3771902149053000300 ),
 .UNSPECIFIED. ) 
 GEOMETRIC_REPRESENTATION_ITEM ( )  RATIONAL_B_SPLINE_SURFACE ( (
 ( 1.087292534269000100, 1.087292534269000100, 1.087292534269000100, 1.087292534269000100, 1.087292534269000100, 1.087292534269000100),
 ( 0.9709024885771000400, 0.9709024885771000400, 0.9709024885771000400, 0.9709024885771000400, 0.9709024885771000400, 0.9709024885771000400),
 ( 0.9709024885771000400, 0.9709024885771000400, 0.9709024885771000400, 0.9709024885771000400, 0.9709024885771000400, 0.9709024885771000400),
 ( 1.087292534269000100, 1.087292534269000100, 1.087292534269000100, 1.087292534269000100, 1.087292534269000100, 1.087292534269000100) ) ) 
 REPRESENTATION_ITEM ( '' )  SURFACE ( )  );
#1512 = CARTESIAN_POINT ( 'NONE',  ( 0.2979191393655999400, 1.500391368093000100, -0.6097839100852998600 ) ) ;
#1513 = VECTOR ( 'NONE', #4435, 1000.000000000000000 ) ;
#1514 = VERTEX_POINT ( 'NONE', #938 ) ;
#1515 = ORIENTED_EDGE ( 'NONE', *, *, #2881, .F. ) ;
#1516 = CARTESIAN_POINT ( 'NONE',  ( -1.200000000000000000, 0.8000000000000000400, 1.680000000000000200 ) ) ;
#1517 = CARTESIAN_POINT ( 'NONE',  ( -0.6406346441910000200, 1.433757909676999900, 0.2986323324954999700 ) ) ;
#1518 = EDGE_LOOP ( 'NONE', ( #4649, #2084, #4621, #5545 ) ) ;
#1519 = DIRECTION ( 'NONE',  ( 0.0000000000000000000, 1.000000000000000000, 0.0000000000000000000 ) ) ;
#1520 = EDGE_LOOP ( 'NONE', ( #4166, #207, #5702, #6052, #4281, #2783 ) ) ;
#1521 = EDGE_LOOP ( 'NONE', ( #660, #5260, #5243, #3439, #3239, #5252, #596, #1090 ) ) ;
#1522 = ORIENTED_EDGE ( 'NONE', *, *, #3762, .T. ) ;
#1523 = EDGE_CURVE ( 'NONE', #5084, #1785, #1855, .T. ) ;
#1524 = CARTESIAN_POINT ( 'NONE',  ( 0.2999999999954481300, 1.439558585071054600, 0.6790520212385332500 ) ) ;
#1525 = DIRECTION ( 'NONE',  ( -0.0000000000000000000, 0.0000000000000000000, 1.000000000000000000 ) ) ;
#1526 = EDGE_LOOP ( 'NONE', ( #1894, #4025, #5860, #2626 ) ) ;
#1527 = CARTESIAN_POINT ( 'NONE',  ( -3.422764523591694200E-014, 1.700000000000000000, -1.500000000000000000 ) ) ;
#1528 = DIRECTION ( 'NONE',  ( -0.2665025992380606900, -0.9638341997456604200, 0.0000000000000000000 ) ) ;
#1529 = VECTOR ( 'NONE', #4714, 1000.000000000000000 ) ;
#1530 = AXIS2_PLACEMENT_3D ( 'NONE', #2823, #3755, #2798 ) ;
#1531 = AXIS2_PLACEMENT_3D ( 'NONE', #4125, #5596, #2704 ) ;
#1532 = CARTESIAN_POINT ( 'NONE',  ( 0.2999999999999999900, 1.200000000000000000, -1.367479433118000000 ) ) ;
#1533 = VERTEX_POINT ( 'NONE', #4171 ) ;
#1534 = ORIENTED_EDGE ( 'NONE', *, *, #3557, .F. ) ;
#1535 = CARTESIAN_POINT ( 'NONE',  ( 0.5397728008854112400, 0.9000000000000003600, -0.3157876092791428400 ) ) ;
#1536 = FACE_OUTER_BOUND ( 'NONE', #361, .T. ) ;
#1537 = CARTESIAN_POINT ( 'NONE',  ( 0.1806186265694414200, 1.186941683428969400, 4.423880457893150000E-017 ) ) ;
#1538 = CARTESIAN_POINT ( 'NONE',  ( -0.2500000000000000000, 0.02000000000000001400, -1.671460183660000000 ) ) ;
#1539 = ORIENTED_EDGE ( 'NONE', *, *, #2582, .F. ) ;
#1540 = AXIS2_PLACEMENT_3D ( 'NONE', #6070, #3681, #883 ) ;
#1541 = ORIENTED_EDGE ( 'NONE', *, *, #6016, .F. ) ;
#1542 = LINE ( 'NONE', #2695, #5200 ) ;
#1543 = EDGE_CURVE ( 'NONE', #4879, #559, #2613, .T. ) ;
#1544 = B_SPLINE_CURVE_WITH_KNOTS ( 'NONE', 3,
 ( #2248, #879, #4646, #1328 ),
 .UNSPECIFIED., .F., .F.,
 ( 4, 4 ),
 ( 0.0000000000000000000, 1.000000000000000000 ),
 .UNSPECIFIED. ) ;
#1545 = CARTESIAN_POINT ( 'NONE',  ( 0.0000000000000000000, 1.745000000000000300, -1.500000000000000000 ) ) ;
#1546 = CARTESIAN_POINT ( 'NONE',  ( 0.1913883988900523000, 0.1500000000000000200, 0.06025667072694365600 ) ) ;
#1547 = ORIENTED_EDGE ( 'NONE', *, *, #5888, .T. ) ;
#1548 = CARTESIAN_POINT ( 'NONE',  ( 2.449293598294706500E-017, 0.05000000000000000300, -0.2000000000000000100 ) ) ;
#1549 = DIRECTION ( 'NONE',  ( 0.0000000000000000000, -1.000000000000000000, 0.0000000000000000000 ) ) ;
#1550 = EDGE_CURVE ( 'NONE', #2598, #1059, #1544, .T. ) ;
#1551 =( BOUNDED_SURFACE ( )  B_SPLINE_SURFACE ( 3, 3, ( 
 ( #2213, #5103, #5572, #2681, #6058, #3171, #372 ),
 ( #3647, #847, #4143, #1322, #4639, #1769, #5126 ),
 ( #2239, #5593, #2703, #6084, #3192, #388, #3674 ),
 ( #868, #4164, #1337, #4664, #1788, #5144, #2262 ) ),
 .UNSPECIFIED., .F., .F., .F. ) 
 B_SPLINE_SURFACE_WITH_KNOTS ( ( 4, 4 ),
 ( 4, 1, 1, 1, 4 ),
 ( 0.0000000000000000000, 1.000000000000000000 ),
 ( 0.5662033126346000000, 0.5676326625622000200, 0.5713501439461999800, 0.5753860777114000500, 0.5775651732772000300 ),
 .UNSPECIFIED. ) 
 GEOMETRIC_REPRESENTATION_ITEM ( )  RATIONAL_B_SPLINE_SURFACE ( (
 ( 1.087292529366999900, 1.087292529366999900, 1.087292529366999900, 1.087292529366999900, 1.087292529366999900, 1.087292529366999900, 1.087292529366999900),
 ( 0.9709024902110999800, 0.9709024902110999800, 0.9709024902110999800, 0.9709024902110999800, 0.9709024902110999800, 0.9709024902110999800, 0.9709024902110999800),
 ( 0.9709024902110999800, 0.9709024902110999800, 0.9709024902110999800, 0.9709024902110999800, 0.9709024902110999800, 0.9709024902110999800, 0.9709024902110999800),
 ( 1.087292529366999900, 1.087292529366999900, 1.087292529366999900, 1.087292529366999900, 1.087292529366999900, 1.087292529366999900, 1.087292529366999900) ) ) 
 REPRESENTATION_ITEM ( '' )  SURFACE ( )  );
#1552 = VECTOR ( 'NONE', #3558, 1000.000000000000000 ) ;
#1553 = VERTEX_POINT ( 'NONE', #3202 ) ;
#1554 = CARTESIAN_POINT ( 'NONE',  ( 0.6049725677420999500, 0.9000000000000001300, -5.186144030601225300E-017 ) ) ;
#1555 = CARTESIAN_POINT ( 'NONE',  ( 0.6489199646029849600, 1.500351968323959900, 0.2999999987087985700 ) ) ;
#1556 = LINE ( 'NONE', #2052, #4069 ) ;
#1557 = EDGE_LOOP ( 'NONE', ( #5391, #2620, #6064, #3287 ) ) ;
#1558 = CARTESIAN_POINT ( 'NONE',  ( 0.3000000000002214800, 1.149999999999964200, 0.0000000000000000000 ) ) ;
#1559 = CARTESIAN_POINT ( 'NONE',  ( 0.2500000000000000000, 0.0000000000000000000, -1.631460183660000200 ) ) ;
#1560 = FACE_OUTER_BOUND ( 'NONE', #4277, .T. ) ;
#1561 = AXIS2_PLACEMENT_3D ( 'NONE', #2074, #1694, #1656 ) ;
#1562 = CARTESIAN_POINT ( 'NONE',  ( -0.2500000000000000000, 0.0000000000000000000, -1.651460183660000200 ) ) ;
#1563 = DIRECTION ( 'NONE',  ( 0.2665025992380606900, -0.9638341997456604200, 0.0000000000000000000 ) ) ;
#1564 = VECTOR ( 'NONE', #2906, 1000.000000000000000 ) ;
#1565 = ORIENTED_EDGE ( 'NONE', *, *, #3846, .F. ) ;
#1566 = CARTESIAN_POINT ( 'NONE',  ( 0.3157876092791416800, 0.8999999999999999100, -0.5397728008854119100 ) ) ;
#1567 = AXIS2_PLACEMENT_3D ( 'NONE', #5497, #2624, #5992 ) ;
#1568 = VECTOR ( 'NONE', #3679, 1000.000000000000000 ) ;
#1569 = EDGE_CURVE ( 'NONE', #1172, #2729, #4249, .T. ) ;
#1570 = CARTESIAN_POINT ( 'NONE',  ( 0.7838367176906000400, 1.547801334123671800, 1.549222690360981400 ) ) ;
#1571 = VERTEX_POINT ( 'NONE', #3656 ) ;
#1572 = VECTOR ( 'NONE', #2257, 1000.000000000000200 ) ;
#1573 = CARTESIAN_POINT ( 'NONE',  ( -0.8233984100015850900, 1.100000000008094500, 0.4817193733217522400 ) ) ;
#1574 = DIRECTION ( 'NONE',  ( 0.0000000000000000000, 1.000000000000000000, 0.0000000000000000000 ) ) ;
#1575 = ORIENTED_EDGE ( 'NONE', *, *, #3919, .T. ) ;
#1576 = CARTESIAN_POINT ( 'NONE',  ( -1.350000000000000100, 0.8100000000000000500, 0.0000000000000000000 ) ) ;
#1577 = B_SPLINE_CURVE_WITH_KNOTS ( 'NONE', 3,
 ( #125, #5827, #1082, #4390, #1546, #4877, #2001, #5363, #2478, #5847, #2942, #147 ),
 .UNSPECIFIED., .F., .F.,
 ( 4, 2, 2, 2, 2, 4 ),
 ( 0.0000000000000000000, 0.06249999999999998600, 0.1249999999999999700, 0.2499999999999999400, 0.3749999999999999400, 0.5000000000000000000 ),
 .UNSPECIFIED. ) ;
#1578 = EDGE_CURVE ( 'NONE', #387, #4879, #5235, .T. ) ;
#1579 = VECTOR ( 'NONE', #1304, 1000.000000000000000 ) ;
#1580 = ORIENTED_EDGE ( 'NONE', *, *, #2655, .T. ) ;
#1581 = CARTESIAN_POINT ( 'NONE',  ( 0.0000000000000000000, 0.8000000000000000400, 1.680000000000000200 ) ) ;
#1582 = DIRECTION ( 'NONE',  ( -0.0000000000000000000, -1.000000000000000000, -0.0000000000000000000 ) ) ;
#1583 = ORIENTED_EDGE ( 'NONE', *, *, #145, .T. ) ;
#1584 = CARTESIAN_POINT ( 'NONE',  ( -0.2013654315076865400, 1.700000000000000000, -1.086260796451465400 ) ) ;
#1585 = ORIENTED_EDGE ( 'NONE', *, *, #4693, .T. ) ;
#1586 = CARTESIAN_POINT ( 'NONE',  ( 0.1583814478701610900, 0.9000000000000001300, -0.6049725677420998400 ) ) ;
#1587 = ORIENTED_EDGE ( 'NONE', *, *, #5582, .F. ) ;
#1588 = ORIENTED_EDGE ( 'NONE', *, *, #1965, .F. ) ;
#1589 = CARTESIAN_POINT ( 'NONE',  ( -0.08548855171423071200, 0.8241600184380981600, -1.367479433118000200 ) ) ;
#1590 = CARTESIAN_POINT ( 'NONE',  ( 0.2547640122440170700, -0.0000000000000000000, -1.621460183660000000 ) ) ;
#1591 = ORIENTED_EDGE ( 'NONE', *, *, #4573, .F. ) ;
#1592 = EDGE_CURVE ( 'NONE', #4556, #2413, #458, .T. ) ;
#1593 = VERTEX_POINT ( 'NONE', #3631 ) ;
#1594 = CARTESIAN_POINT ( 'NONE',  ( -0.1061304530626532200, 1.100000000000000100, -0.9892265222122571500 ) ) ;
#1595 = EDGE_CURVE ( 'NONE', #4307, #1887, #2802, .T. ) ;
#1596 = ORIENTED_EDGE ( 'NONE', *, *, #3148, .F. ) ;
#1597 = DIRECTION ( 'NONE',  ( 1.000000000000000000, -0.0000000000000000000, 0.0000000000000000000 ) ) ;
#1598 = DIRECTION ( 'NONE',  ( 0.0000000000000000000, 0.0000000000000000000, 1.000000000000000000 ) ) ;
#1599 = ADVANCED_FACE ( 'NONE', ( #2650 ), #2515, .T. ) ;
#1600 = DIRECTION ( 'NONE',  ( 1.000000000000000000, 0.0000000000000000000, 0.0000000000000000000 ) ) ;
#1601 = VERTEX_POINT ( 'NONE', #4607 ) ;
#1602 = AXIS2_PLACEMENT_3D ( 'NONE', #6170, #6142, #6118 ) ;
#1603 = ORIENTED_EDGE ( 'NONE', *, *, #4625, .F. ) ;
#1604 = CARTESIAN_POINT ( 'NONE',  ( 0.6842078896604000300, 0.8000000000000000400, -5.027478012143845300E-017 ) ) ;
#1605 = LINE ( 'NONE', #4490, #5117 ) ;
#1606 = ORIENTED_EDGE ( 'NONE', *, *, #3583, .T. ) ;
#1607 = CARTESIAN_POINT ( 'NONE',  ( 0.2999999999999999900, 0.1499999999999999900, -2.571758278209441600E-017 ) ) ;
#1608 = FACE_OUTER_BOUND ( 'NONE', #4175, .T. ) ;
#1609 = CARTESIAN_POINT ( 'NONE',  ( -0.9228576348229943200, 1.099999999970750600, -9.041397188395218900E-017 ) ) ;
#1610 = ORIENTED_EDGE ( 'NONE', *, *, #1065, .T. ) ;
#1611 = EDGE_CURVE ( 'NONE', #1456, #4854, #5591, .T. ) ;
#1612 = CARTESIAN_POINT ( 'NONE',  ( 0.2999999999999985500, 1.100000000000000100, -0.9264481994573958700 ) ) ;
#1613 = CARTESIAN_POINT ( 'NONE',  ( -0.2400000000000000200, 1.100000000000000100, 0.0000000000000000000 ) ) ;
#1614 = CARTESIAN_POINT ( 'NONE',  ( -0.5999999999999999800, 0.8000000000000000400, 1.550000000000000300 ) ) ;
#1615 = CARTESIAN_POINT ( 'NONE',  ( 0.5999999999999999800, 0.0000000000000000000, 1.550000000000000300 ) ) ;
#1616 = CYLINDRICAL_SURFACE ( 'NONE', #1215, 0.009999999999999998500 ) ;
#1617 = CARTESIAN_POINT ( 'NONE',  ( 0.1713053717698939700, 0.8000000000000002700, 0.6681270267634343800 ) ) ;
#1618 = DIRECTION ( 'NONE',  ( 0.0000000000000000000, 0.0000000000000000000, -1.000000000000000000 ) ) ;
#1619 = CIRCLE ( 'NONE', #531, 0.02000000000000005200 ) ;
#1620 = ORIENTED_EDGE ( 'NONE', *, *, #985, .T. ) ;
#1621 = DIRECTION ( 'NONE',  ( -1.000000000000000000, 0.0000000000000000000, 0.0000000000000000000 ) ) ;
#1622 = ADVANCED_FACE ( 'NONE', ( #170 ), #4065, .F. ) ;
#1623 = CARTESIAN_POINT ( 'NONE',  ( 1.179611624278248200, 0.8100000000000001600, -0.7998856235007143500 ) ) ;
#1624 = CARTESIAN_POINT ( 'NONE',  ( -0.5517594928107999500, 1.496646492525000000, -0.3535400093835999700 ) ) ;
#1625 = CARTESIAN_POINT ( 'NONE',  ( 0.0000000000000000000, 1.600000000000000100, 1.560000000000000300 ) ) ;
#1626 = EDGE_CURVE ( 'NONE', #4886, #5991, #1280, .T. ) ;
#1628 = DIRECTION ( 'NONE',  ( 0.0000000000000000000, 1.000000000000000000, 0.0000000000000000000 ) ) ;
#1627 = CARTESIAN_POINT ( 'NONE',  ( 0.5999999999999999800, 0.0000000000000000000, 1.600000000000000100 ) ) ;
#1629 = DIRECTION ( 'NONE',  ( 0.0000000000000000000, -1.000000000000000000, 0.0000000000000000000 ) ) ;
#1630 = PLANE ( 'NONE',  #3523 ) ;
#1631 = VECTOR ( 'NONE', #4863, 1000.000000000000000 ) ;
#1632 = CARTESIAN_POINT ( 'NONE',  ( -0.7838367176906000400, 1.576179938779915100, 1.159999999999999900 ) ) ;
#1633 = ORIENTED_EDGE ( 'NONE', *, *, #1285, .T. ) ;
#1634 = CARTESIAN_POINT ( 'NONE',  ( -0.6281619249075965900, 0.8000000000000000400, 0.2720329641399286700 ) ) ;
#1635 = DIRECTION ( 'NONE',  ( 0.0000000000000000000, 1.000000000000000000, 0.0000000000000000000 ) ) ;
#1636 = VECTOR ( 'NONE', #1413, 1000.000000000000100 ) ;
#1637 = CARTESIAN_POINT ( 'NONE',  ( 0.3982395553484787700, 1.599999999999999600, -1.446674869125532200 ) ) ;
#1638 = ORIENTED_EDGE ( 'NONE', *, *, #1314, .F. ) ;
#1639 = CARTESIAN_POINT ( 'NONE',  ( 1.250000000000000000, 0.8000000000000000400, 1.700000000000000000 ) ) ;
#1640 = EDGE_CURVE ( 'NONE', #5614, #5409, #321, .T. ) ;
#1641 = FACE_OUTER_BOUND ( 'NONE', #959, .T. ) ;
#1642 = CARTESIAN_POINT ( 'NONE',  ( -0.5942755616263001300, 1.533649337892000200, -0.2975554644608000000 ) ) ;
#1643 = ORIENTED_EDGE ( 'NONE', *, *, #4625, .T. ) ;
#1644 = ORIENTED_EDGE ( 'NONE', *, *, #2602, .T. ) ;
#1645 = B_SPLINE_CURVE_WITH_KNOTS ( 'NONE', 3,
 ( #3810, #1458, #5283, #2390 ),
 .UNSPECIFIED., .F., .F.,
 ( 4, 4 ),
 ( 0.0000000000000000000, 1.000000000000000000 ),
 .UNSPECIFIED. ) ;
#1647 = CARTESIAN_POINT ( 'NONE',  ( -0.3000000000026191200, 1.700000000010851300, 1.058300524439611300 ) ) ;
#1646 = CARTESIAN_POINT ( 'NONE',  ( -0.6192853702388161400, 1.420504936567048100, -0.3194273382922505100 ) ) ;
#1648 = EDGE_LOOP ( 'NONE', ( #3221, #233, #4038, #1606 ) ) ;
#1649 = ORIENTED_EDGE ( 'NONE', *, *, #4591, .T. ) ;
#1650 = CARTESIAN_POINT ( 'NONE',  ( 0.7838367176906000400, 1.600000000000000100, 1.560000000000000300 ) ) ;
#1651 = CARTESIAN_POINT ( 'NONE',  ( 0.3024647650067118800, 1.521077162682628900, -0.6067543151326656400 ) ) ;
#1652 = ORIENTED_EDGE ( 'NONE', *, *, #126, .T. ) ;
#1653 = ADVANCED_FACE ( 'NONE', ( #3621 ), #6040, .T. ) ;
#1654 = EDGE_CURVE ( 'NONE', #3062, #1601, #4474, .T. ) ;
#1655 = EDGE_LOOP ( 'NONE', ( #4744, #4345, #2973, #5356 ) ) ;
#1656 = DIRECTION ( 'NONE',  ( -1.000000000000000000, 0.0000000000000000000, -0.0000000000000000000 ) ) ;
#1657 = CARTESIAN_POINT ( 'NONE',  ( 1.250000000000000000, 0.0000000000000000000, 1.399999999999999900 ) ) ;
#1658 = CARTESIAN_POINT ( 'NONE',  ( -0.3523538659100364800, 1.436694125099952100, -0.5824010177798615300 ) ) ;
#1659 = CARTESIAN_POINT ( 'NONE',  ( 0.5999999999999999800, -0.1000000000000000100, -0.9114601836603001300 ) ) ;
#1660 = ORIENTED_EDGE ( 'NONE', *, *, #803, .T. ) ;
#1661 = CARTESIAN_POINT ( 'NONE',  ( 1.489708464149352500, 1.599999999999999900, -0.1793284227877048600 ) ) ;
#1662 = VECTOR ( 'NONE', #3245, 1000.000000000000000 ) ;
#1663 = CARTESIAN_POINT ( 'NONE',  ( 1.350000000000000100, 0.8000000000000000400, 1.100000000000000100 ) ) ;
#1664 = CARTESIAN_POINT ( 'NONE',  ( -0.2416035638255967000, 1.100000000008094500, -0.9228576348350869800 ) ) ;
#1665 = ORIENTED_EDGE ( 'NONE', *, *, #1942, .T. ) ;
#1666 = CARTESIAN_POINT ( 'NONE',  ( 0.2500000000000000000, 0.0000000000000000000, -1.631460183660000200 ) ) ;
#1667 = ORIENTED_EDGE ( 'NONE', *, *, #3163, .F. ) ;
#1668 = LINE ( 'NONE', #5840, #4367 ) ;
#1669 = EDGE_CURVE ( 'NONE', #5172, #3802, #3792, .T. ) ;
#1671 = CARTESIAN_POINT ( 'NONE',  ( -1.000000000000000000, 1.626179938779915200, 1.560000000000000100 ) ) ;
#1670 = CARTESIAN_POINT ( 'NONE',  ( 0.0000000000000000000, 1.416935847316835900, 0.0000000000000000000 ) ) ;
#1672 = VERTEX_POINT ( 'NONE', #2161 ) ;
#1673 = DIRECTION ( 'NONE',  ( 0.0000000000000000000, 1.000000000000000000, 0.0000000000000000000 ) ) ;
#1674 = CARTESIAN_POINT ( 'NONE',  ( 0.6337405833535756400, 1.530703003447696500, -0.2999999996275749500 ) ) ;
#1675 = EDGE_LOOP ( 'NONE', ( #190, #1638, #60, #462 ) ) ;
#1676 = FACE_BOUND ( 'NONE', #2383, .T. ) ;
#1677 = CARTESIAN_POINT ( 'NONE',  ( 0.0000000000000000000, 0.1000000000000000100, 0.0000000000000000000 ) ) ;
#1678 = AXIS2_PLACEMENT_3D ( 'NONE', #479, #4278, #1435 ) ;
#1679 = AXIS2_PLACEMENT_3D ( 'NONE', #3715, #4213, #1378 ) ;
#1680 = EDGE_LOOP ( 'NONE', ( #5268, #1085, #5081, #5042 ) ) ;
#1681 = EDGE_CURVE ( 'NONE', #5749, #4335, #1129, .T. ) ;
#1682 = B_SPLINE_CURVE_WITH_KNOTS ( 'NONE', 3,
 ( #4284, #3199, #2609, #4708, #353, #770, #1194, #5963, #508, #5131, #2815, #4304, #5170, #2646 ),
 .UNSPECIFIED., .F., .F.,
 ( 4, 2, 2, 2, 2, 2, 4 ),
 ( 0.0000000000000000000, 0.06249999999999994400, 0.1249999999999998900, 0.2499999999999998300, 0.3124999999999998300, 0.3749999999999998900, 0.5000000000000000000 ),
 .UNSPECIFIED. ) ;
#1683 = CARTESIAN_POINT ( 'NONE',  ( 0.2500000000000000000, 0.02000000000000000400, -1.771460183659999900 ) ) ;
#1684 = ADVANCED_FACE ( 'NONE', ( #25 ), #4042, .T. ) ;
#1685 = CARTESIAN_POINT ( 'NONE',  ( -0.6500000000000001300, 0.8900000000000000100, 1.000000000000000000 ) ) ;
#1686 = CARTESIAN_POINT ( 'NONE',  ( 0.0000000000000000000, 1.200000000039835900, 0.0000000000000000000 ) ) ;
#1687 = CARTESIAN_POINT ( 'NONE',  ( 0.5004517608268089800, 0.8100000000000005000, 0.5744029427046879500 ) ) ;
#1688 = VECTOR ( 'NONE', #283, 1000.000000000000000 ) ;
#1689 = ORIENTED_EDGE ( 'NONE', *, *, #5416, .F. ) ;
#1690 = EDGE_CURVE ( 'NONE', #644, #3512, #2250, .T. ) ;
#1691 = CARTESIAN_POINT ( 'NONE',  ( -0.7162466278654581200, 0.8000000000000001600, 0.2554356310463084000 ) ) ;
#1692 = CARTESIAN_POINT ( 'NONE',  ( 1.836970198721029400E-017, 0.6500000000000001300, 0.2999999999999999300 ) ) ;
#1693 = VECTOR ( 'NONE', #5394, 1000.000000000000000 ) ;
#1694 = DIRECTION ( 'NONE',  ( 0.0000000000000000000, 0.0000000000000000000, -1.000000000000000000 ) ) ;
#1695 = CARTESIAN_POINT ( 'NONE',  ( -0.5999999999999999800, 0.1499999999999999900, -1.000000000000000000 ) ) ;
#1696 = CARTESIAN_POINT ( 'NONE',  ( -0.5930719647724708200, 1.599999999996271300, 1.028988640878961500 ) ) ;
#1697 = DIRECTION ( 'NONE',  ( 0.0000000000000000000, 1.000000000000000000, 0.0000000000000000000 ) ) ;
#1698 = VECTOR ( 'NONE', #3497, 1000.000000000000000 ) ;
#1699 = CARTESIAN_POINT ( 'NONE',  ( 0.2500000000000000000, 0.02000000000000001100, -1.671460183660000000 ) ) ;
#1700 = CARTESIAN_POINT ( 'NONE',  ( -1.009223973657240100, 1.607589328045833100, 0.2999999999999999900 ) ) ;
#1701 = CARTESIAN_POINT ( 'NONE',  ( 0.2999999997078354700, 1.530703003353430800, -0.6337405830508041600 ) ) ;
#1702 = VECTOR ( 'NONE', #1488, 1000.000000000000000 ) ;
#1703 = DIRECTION ( 'NONE',  ( 1.000000000000000000, 0.0000000000000000000, 0.0000000000000000000 ) ) ;
#1704 = DIRECTION ( 'NONE',  ( 0.0000000000000000000, 0.0000000000000000000, 1.000000000000000000 ) ) ;
#1705 = EDGE_CURVE ( 'NONE', #4860, #4517, #5903, .T. ) ;
#1706 = VERTEX_POINT ( 'NONE', #108 ) ;
#1707 = CARTESIAN_POINT ( 'NONE',  ( -1.390345971911737500, 1.099999999999999900, 0.1673862505293389200 ) ) ;
#1708 = FACE_OUTER_BOUND ( 'NONE', #3200, .T. ) ;
#1709 = CARTESIAN_POINT ( 'NONE',  ( 0.2999999999999999900, 1.700000000000000000, 1.058300524426000200 ) ) ;
#1710 = CARTESIAN_POINT ( 'NONE',  ( -0.2266785134940190500, 0.6500000000000001300, 0.1976376813462411800 ) ) ;
#1711 = EDGE_LOOP ( 'NONE', ( #5791, #759, #4342, #5115, #4921, #5521 ) ) ;
#1712 = CARTESIAN_POINT ( 'NONE',  ( -1.200000000000000000, 0.3499999999999999800, 1.800000000000000300 ) ) ;
#1713 = AXIS2_PLACEMENT_3D ( 'NONE', #5110, #356, #3157 ) ;
#1714 = ADVANCED_FACE ( 'NONE', ( #3336, #4622 ), #153, .T. ) ;
#1715 = CARTESIAN_POINT ( 'NONE',  ( 0.2999999999954481300, 1.439558585071054600, 0.6790520212385332500 ) ) ;
#1716 = FACE_OUTER_BOUND ( 'NONE', #1400, .T. ) ;
#1717 = ORIENTED_EDGE ( 'NONE', *, *, #5603, .F. ) ;
#1718 = CARTESIAN_POINT ( 'NONE',  ( -0.3000000000019771300, 1.700000000002731800, -1.058300524432975300 ) ) ;
#1719 = CARTESIAN_POINT ( 'NONE',  ( -0.6842078896604001400, 0.8000000000000001600, -0.04341340941016762900 ) ) ;
#1720 = CIRCLE ( 'NONE', #3123, 0.1200000000000000900 ) ;
#1721 = ORIENTED_EDGE ( 'NONE', *, *, #117, .T. ) ;
#1722 = CARTESIAN_POINT ( 'NONE',  ( 0.5574244080185121200, 1.488497059453944800, 0.3509587158788185500 ) ) ;
#1723 = ORIENTED_EDGE ( 'NONE', *, *, #3051, .F. ) ;
#1724 =( BOUNDED_SURFACE ( )  B_SPLINE_SURFACE ( 3, 3, ( 
 ( #6106, #4190, #4690, #1813, #5167, #2285, #5645 ),
 ( #2748, #6126, #3240, #434, #3717, #912, #4215 ),
 ( #1380, #4707, #1832, #5192, #2305, #5666, #2770 ),
 ( #6151, #3258, #457, #3745, #932, #4233, #1405 ) ),
 .UNSPECIFIED., .F., .F., .F. ) 
 B_SPLINE_SURFACE_WITH_KNOTS ( ( 4, 4 ),
 ( 4, 1, 1, 1, 4 ),
 ( 0.0000000000000000000, 1.000000000000000000 ),
 ( 0.5662033750492000400, 0.5672669629997999500, 0.5709558314938999500, 0.5749477779913999600, 0.5775652343189999800 ),
 .UNSPECIFIED. ) 
 GEOMETRIC_REPRESENTATION_ITEM ( )  RATIONAL_B_SPLINE_SURFACE ( (
 ( 1.087292529396999900, 1.087292529396999900, 1.087292529396999900, 1.087292529396999900, 1.087292529396999900, 1.087292529396999900, 1.087292529396999900),
 ( 0.9709024902010999800, 0.9709024902010999800, 0.9709024902010999800, 0.9709024902010999800, 0.9709024902010999800, 0.9709024902010999800, 0.9709024902010999800),
 ( 0.9709024902010999800, 0.9709024902010999800, 0.9709024902010999800, 0.9709024902010999800, 0.9709024902010999800, 0.9709024902010999800, 0.9709024902010999800),
 ( 1.087292529396999900, 1.087292529396999900, 1.087292529396999900, 1.087292529396999900, 1.087292529396999900, 1.087292529396999900, 1.087292529396999900) ) ) 
 REPRESENTATION_ITEM ( '' )  SURFACE ( )  );
#1725 = DIRECTION ( 'NONE',  ( -1.000000000000000000, 0.0000000000000000000, 0.0000000000000000000 ) ) ;
#1726 = EDGE_CURVE ( 'NONE', #1245, #5189, #3471, .T. ) ;
#1727 = CARTESIAN_POINT ( 'NONE',  ( -1.200000000000000000, 0.02000000000000000000, 1.680000000000000200 ) ) ;
#1728 = CARTESIAN_POINT ( 'NONE',  ( 0.6861288132144453000, 0.7999999999999999300, 0.3279366275123255500 ) ) ;
#1729 = ORIENTED_EDGE ( 'NONE', *, *, #2995, .F. ) ;
#1730 = VERTEX_POINT ( 'NONE', #633 ) ;
#1731 = ORIENTED_EDGE ( 'NONE', *, *, #6166, .T. ) ;
#1732 = CARTESIAN_POINT ( 'NONE',  ( 0.2500000000000000000, -0.1000000000000000100, -1.651460183660000200 ) ) ;
#1733 = DIRECTION ( 'NONE',  ( -0.0000000000000000000, 0.0000000000000000000, 1.000000000000000000 ) ) ;
#1734 = SURFACE_STYLE_FILL_AREA ( #5132 ) ;
#1735 = ORIENTED_EDGE ( 'NONE', *, *, #3262, .T. ) ;
#1736 = PLANE ( 'NONE',  #1561 ) ;
#1737 = VERTEX_POINT ( 'NONE', #777 ) ;
#1738 = VERTEX_POINT ( 'NONE', #600 ) ;
#1739 = FACE_OUTER_BOUND ( 'NONE', #1648, .T. ) ;
#1740 = CARTESIAN_POINT ( 'NONE',  ( -0.2719902875881350900, 0.8000000000000000400, -0.6281788574352091800 ) ) ;
#1741 = ORIENTED_EDGE ( 'NONE', *, *, #5848, .T. ) ;
#1742 = EDGE_CURVE ( 'NONE', #2913, #805, #1175, .T. ) ;
#1743 = ORIENTED_EDGE ( 'NONE', *, *, #3617, .F. ) ;
#1744 = DIRECTION ( 'NONE',  ( -0.0000000000000000000, 1.000000000000000000, -0.0000000000000000000 ) ) ;
#1745 = ADVANCED_FACE ( 'NONE', ( #845 ), #1931, .F. ) ;
#1746 = VECTOR ( 'NONE', #4433, 1000.000000000000000 ) ;
#1747 = DIRECTION ( 'NONE',  ( 0.0000000000000000000, 0.0000000000000000000, 1.000000000000000000 ) ) ;
#1748 = CARTESIAN_POINT ( 'NONE',  ( -0.3341494116880799300, 1.416935847898207500, -0.6030261800794958200 ) ) ;
#1749 = DIRECTION ( 'NONE',  ( 1.000000000000000000, 0.0000000000000000000, 0.0000000000000000000 ) ) ;
#1750 = CARTESIAN_POINT ( 'NONE',  ( 0.6977456269420216900, 0.8000000000000001600, 0.3021719340848896300 ) ) ;
#1751 = ORIENTED_EDGE ( 'NONE', *, *, #2564, .F. ) ;
#1752 = CARTESIAN_POINT ( 'NONE',  ( -0.3195157797125001100, 1.416096230273000000, -0.6104676664751000900 ) ) ;
#1753 = PRODUCT_DEFINITION_CONTEXT ( 'detailed design', #1348, 'design' ) ;
#1754 = CARTESIAN_POINT ( 'NONE',  ( 0.1092018931609126000, 0.8999999999999999100, 0.6862437357208828200 ) ) ;
#1755 = ORIENTED_EDGE ( 'NONE', *, *, #4480, .F. ) ;
#1756 = B_SPLINE_CURVE_WITH_KNOTS ( 'NONE', 3,
 ( #828, #6033, #1754, #5104, #2214, #5573, #2682, #6059, #3172, #373, #3648, #848, #4144, #1323, #4640, #1770 ),
 .UNSPECIFIED., .F., .F.,
 ( 4, 1, 2, 2, 2, 1, 2, 2, 4 ),
 ( 0.5000000000000000000, 0.5625000000000001100, 0.5937500000000001100, 0.6250000000000001100, 0.7500000000000000000, 0.8125000000000000000, 0.8437500000000000000, 0.8749999999999998900, 1.000000000000000000 ),
 .UNSPECIFIED. ) ;
#1757 = CARTESIAN_POINT ( 'NONE',  ( 0.9738101798165893500, 1.200000000023901300, 8.628516427621277400E-017 ) ) ;
#1758 = EDGE_CURVE ( 'NONE', #1495, #2035, #81, .T. ) ;
#1759 = CARTESIAN_POINT ( 'NONE',  ( 0.6176950514121877200, 0.7999999999999999300, -0.2952457867721141600 ) ) ;
#1760 = VECTOR ( 'NONE', #1733, 1000.000000000000000 ) ;
#1761 = ORIENTED_EDGE ( 'NONE', *, *, #784, .F. ) ;
#1762 = CARTESIAN_POINT ( 'NONE',  ( -0.3157876092791424000, 1.149999999999999700, -0.5397728008854113500 ) ) ;
#1763 = CARTESIAN_POINT ( 'NONE',  ( -0.2500000000000000000, 0.02000000000000000000, -1.671460183660000000 ) ) ;
#1764 = DIRECTION ( 'NONE',  ( -1.000000000000000000, -0.0000000000000000000, -0.0000000000000000000 ) ) ;
#1765 = CARTESIAN_POINT ( 'NONE',  ( 0.2500000000000000000, 0.0000000000000000000, -1.626224195904017100 ) ) ;
#1766 = CARTESIAN_POINT ( 'NONE',  ( 0.7422130362691488100, 0.8000000000000000400, 0.1900721599956199400 ) ) ;
#1767 = EDGE_CURVE ( 'NONE', #269, #644, #5141, .T. ) ;
#1768 = CARTESIAN_POINT ( 'NONE',  ( -0.3000505927794000500, 1.439519681892000000, -0.6826166766429999600 ) ) ;
#1769 = CARTESIAN_POINT ( 'NONE',  ( 0.6117162788565000400, 1.413423808654000100, 0.3195702457706000000 ) ) ;
#1770 = CARTESIAN_POINT ( 'NONE',  ( 0.6923796403815998300, 0.8999999999667671600, 1.274145339362647500E-010 ) ) ;
#1771 = CARTESIAN_POINT ( 'NONE',  ( -0.2500000000000000000, 0.0000000000000000000, -1.631460183660000200 ) ) ;
#1772 = ADVANCED_FACE ( 'NONE', ( #5759 ), #5590, .T. ) ;
#1773 = LINE ( 'NONE', #2132, #392 ) ;
#1774 = CARTESIAN_POINT ( 'NONE',  ( -0.2999999999999999900, 0.6500000000000001300, 3.306546357697853100E-017 ) ) ;
#1775 = CARTESIAN_POINT ( 'NONE',  ( 0.0000000000000000000, 0.8000000000000000400, 1.700000000000000000 ) ) ;
#1776 = CIRCLE ( 'NONE', #4923, 0.04999999999999991300 ) ;
#1777 = PLANE ( 'NONE',  #80 ) ;
#1778 = FILL_AREA_STYLE_COLOUR ( '', #513 ) ;
#1779 = ORIENTED_EDGE ( 'NONE', *, *, #2356, .F. ) ;
#1780 = CARTESIAN_POINT ( 'NONE',  ( 3.704388593286589500E-017, 1.149999999999999900, 0.6049725677420999500 ) ) ;
#1781 = EDGE_CURVE ( 'NONE', #5561, #1308, #4001, .T. ) ;
#1782 = CARTESIAN_POINT ( 'NONE',  ( -1.009223973657240100, 1.607589328045833100, -0.2999999999999999900 ) ) ;
#1783 = CIRCLE ( 'NONE', #595, 0.02000000000000005200 ) ;
#1784 = EDGE_CURVE ( 'NONE', #2742, #410, #694, .T. ) ;
#1785 = VERTEX_POINT ( 'NONE', #2871 ) ;
#1786 = VECTOR ( 'NONE', #3436, 1000.000000000000000 ) ;
#1787 = VERTEX_POINT ( 'NONE', #2853 ) ;
#1788 = CARTESIAN_POINT ( 'NONE',  ( 0.6697669739709000100, 1.467352193260000000, 0.3000774211944999300 ) ) ;
#1789 = CARTESIAN_POINT ( 'NONE',  ( 0.2617869430475318600, 0.6500000000000000200, -0.1480139958882953100 ) ) ;
#1790 = CARTESIAN_POINT ( 'NONE',  ( 0.5816116683936205500, 1.438338847408082500, -0.3523110499495509800 ) ) ;
#1791 = CARTESIAN_POINT ( 'NONE',  ( -0.2999999999999969900, 1.100000000000000100, -0.9264481994573916500 ) ) ;
#1792 =( BOUNDED_CURVE ( )  B_SPLINE_CURVE ( 3, ( #1976, #1891, #1930, #2027, #2058, #4021 ),
 .UNSPECIFIED., .F., .F. ) 
 B_SPLINE_CURVE_WITH_KNOTS ( ( 4, 1, 1, 4 ),
 ( 0.0000000000000000000, 0.4006898119448023000, 0.8063626334989371100, 1.000000000000000000 ),
 .UNSPECIFIED. ) 
 CURVE ( )  GEOMETRIC_REPRESENTATION_ITEM ( )  RATIONAL_B_SPLINE_CURVE ( ( 1.077293651881875000, 1.077293651881875000, 1.077293651881875000, 1.077293651881875000, 1.077293651881875000, 1.077293651881875000 ) ) 
 REPRESENTATION_ITEM ( '' )  );
#1793 = ORIENTED_EDGE ( 'NONE', *, *, #3729, .F. ) ;
#1794 = EDGE_LOOP ( 'NONE', ( #4549, #4356, #2939, #1644, #1165, #4616 ) ) ;
#1795 = ORIENTED_EDGE ( 'NONE', *, *, #2091, .F. ) ;
#1796 = CARTESIAN_POINT ( 'NONE',  ( 0.7838367176906018100, 1.100000000000000100, 1.160000000000002400 ) ) ;
#1797 = VERTEX_POINT ( 'NONE', #2363 ) ;
#1798 = B_SPLINE_CURVE_WITH_KNOTS ( 'NONE', 3,
 ( #3385, #3361, #3416, #3437, #3575, #3596, #3711, #3735, #3783, #3829, #3849, #3870, #3909, #4070, #4089, #4204 ),
 .UNSPECIFIED., .F., .F.,
 ( 4, 1, 2, 2, 2, 1, 2, 2, 4 ),
 ( 0.0000000000000000000, 0.06249999999999984700, 0.09374999999999979200, 0.1249999999999997500, 0.2499999999999997200, 0.3124999999999996700, 0.3437499999999997200, 0.3749999999999997200, 0.5000000000000000000 ),
 .UNSPECIFIED. ) ;
#1799 = EDGE_LOOP ( 'NONE', ( #4419, #5114, #1633, #2662 ) ) ;
#1800 = DIRECTION ( 'NONE',  ( -0.2665025992375039700, -0.9638341997458143000, 0.0000000000000000000 ) ) ;
#1801 = UNCERTAINTY_MEASURE_WITH_UNIT (LENGTH_MEASURE( 1.000000000000000100E-005 ), #3181, 'distance_accuracy_value', 'NONE');
#1802 = EDGE_LOOP ( 'NONE', ( #2255, #5302, #5262, #4293 ) ) ;
#1803 = CARTESIAN_POINT ( 'NONE',  ( 1.033762249059110300, 1.653794664036922800, 0.2999999999999999900 ) ) ;
#1804 = ADVANCED_FACE ( 'NONE', ( #2062, #3021 ), #3299, .T. ) ;
#1805 = EDGE_CURVE ( 'NONE', #4033, #5322, #1798, .T. ) ;
#1806 = ORIENTED_EDGE ( 'NONE', *, *, #19, .T. ) ;
#1807 = CARTESIAN_POINT ( 'NONE',  ( 0.0000000000000000000, 0.8000000000000000400, 1.700000000000000000 ) ) ;
#1808 = LINE ( 'NONE', #2271, #2908 ) ;
#1809 = CARTESIAN_POINT ( 'NONE',  ( -0.3516617886704410700, 1.462910944541652400, 0.5697953880072413900 ) ) ;
#1810 = ORIENTED_EDGE ( 'NONE', *, *, #5100, .F. ) ;
#1811 = CARTESIAN_POINT ( 'NONE',  ( -1.250000000000000000, 0.8000000000000000400, 1.700000000000000000 ) ) ;
#1812 = CARTESIAN_POINT ( 'NONE',  ( 0.3770173721499103800, 0.8100000000000001600, -0.6682090325754022100 ) ) ;
#1813 = CARTESIAN_POINT ( 'NONE',  ( -0.3545071959641999900, 1.462236213245000000, 0.5684424742168000500 ) ) ;
#1814 = ORIENTED_EDGE ( 'NONE', *, *, #3013, .T. ) ;
#1815 = EDGE_LOOP ( 'NONE', ( #4181, #5874, #1302 ) ) ;
#1816 = CARTESIAN_POINT ( 'NONE',  ( 1.399370130397841400, 1.100000000000000500, -0.09873604339619654300 ) ) ;
#1817 = ORIENTED_EDGE ( 'NONE', *, *, #3540, .F. ) ;
#1818 = LINE ( 'NONE', #6044, #2921 ) ;
#1819 = CARTESIAN_POINT ( 'NONE',  ( 0.2999999999999999900, 1.200000000000000000, -1.367479433118000000 ) ) ;
#1820 = EDGE_CURVE ( 'NONE', #643, #1571, #1776, .T. ) ;
#1821 = ORIENTED_EDGE ( 'NONE', *, *, #1067, .T. ) ;
#1822 = CARTESIAN_POINT ( 'NONE',  ( -0.7533298886009309700, 0.8099999999999999400, -0.1193756581902842000 ) ) ;
#1823 = DIRECTION ( 'NONE',  ( -1.000000000000000000, 0.0000000000000000000, 0.0000000000000000000 ) ) ;
#1824 = CARTESIAN_POINT ( 'NONE',  ( -9.307315673519884700E-017, 0.8000000000000000400, 0.7600000000000122200 ) ) ;
#1825 = AXIS2_PLACEMENT_3D ( 'NONE', #5203, #1447, #1886 ) ;
#1826 = CARTESIAN_POINT ( 'NONE',  ( -0.7382871643913753200, 0.7999999999999999300, 1.476574328782751100 ) ) ;
#1827 = CARTESIAN_POINT ( 'NONE',  ( 1.033762249059110300, 1.653794664036922800, -0.2999999999999999900 ) ) ;
#1828 = DIRECTION ( 'NONE',  ( 0.0000000000000000000, 1.000000000000000000, 0.0000000000000000000 ) ) ;
#1829 = CARTESIAN_POINT ( 'NONE',  ( -0.6500000000000001300, 0.8000000000000000400, 1.680000000000000200 ) ) ;
#1830 = CYLINDRICAL_SURFACE ( 'NONE', #4395, 0.6049725677420999500 ) ;
#1831 = ORIENTED_EDGE ( 'NONE', *, *, #747, .T. ) ;
#1832 = CARTESIAN_POINT ( 'NONE',  ( -0.2977594651491999900, 1.515033377501000100, 0.6029640932982000000 ) ) ;
#1833 = ADVANCED_FACE ( 'NONE', ( #4466, #3178 ), #4317, .F. ) ;
#1834 = B_SPLINE_CURVE_WITH_KNOTS ( 'NONE', 3,
 ( #3929, #3448, #4428, #1573, #4916, #2038 ),
 .UNSPECIFIED., .F., .F.,
 ( 4, 2, 4 ),
 ( 0.5000000000000000000, 0.7500000000000000000, 1.000000000000000000 ),
 .UNSPECIFIED. ) ;
#1835 = DIRECTION ( 'NONE',  ( 0.0000000000000000000, 0.0000000000000000000, -1.000000000000000000 ) ) ;
#1836 = CARTESIAN_POINT ( 'NONE',  ( 0.5528029823696747300, 1.100000000000000100, -1.286706194525124800 ) ) ;
#1837 = PRODUCT_DEFINITION ( 'UNKNOWN', '', #2144, #1753 ) ;
#1838 = VECTOR ( 'NONE', #3900, 1000.000000000000000 ) ;
#1839 = ORIENTED_EDGE ( 'NONE', *, *, #3602, .F. ) ;
#1840 = CARTESIAN_POINT ( 'NONE',  ( -0.3770173721499280300, 0.8000000000000000400, -0.6682090325753954300 ) ) ;
#1841 = DIRECTION ( 'NONE',  ( 0.0000000000000000000, -0.0000000000000000000, -1.000000000000000000 ) ) ;
#1842 = EDGE_CURVE ( 'NONE', #2460, #3352, #5440, .T. ) ;
#1843 = CARTESIAN_POINT ( 'NONE',  ( 0.5453921240870000000, 1.509724613682999800, -0.3531616848995000100 ) ) ;
#1844 = VECTOR ( 'NONE', #1045, 1000.000000000000000 ) ;
#1845 = CARTESIAN_POINT ( 'NONE',  ( 4.653657836759942400E-017, 0.8100000000000000500, -0.7599999999999876900 ) ) ;
#1846 = CARTESIAN_POINT ( 'NONE',  ( 0.2500000000000000000, 0.02000000000000000400, -1.771460183659999900 ) ) ;
#1847 = CARTESIAN_POINT ( 'NONE',  ( -1.336899930917410100, 1.099999999999999900, -0.4250695741030903200 ) ) ;
#1848 = CARTESIAN_POINT ( 'NONE',  ( -7.408777186573179000E-017, 0.9000000000000001300, -0.6049725677420999500 ) ) ;
#1849 = EDGE_CURVE ( 'NONE', #2907, #2526, #4162, .T. ) ;
#1850 = VECTOR ( 'NONE', #5570, 1000.000000000000000 ) ;
#1851 = CARTESIAN_POINT ( 'NONE',  ( 0.3014831246703588700, 1.700000000000000000, -1.500000000000000200 ) ) ;
#1852 = ORIENTED_EDGE ( 'NONE', *, *, #4683, .F. ) ;
#1853 = CARTESIAN_POINT ( 'NONE',  ( 0.6842078896604000300, 0.7999999999999999300, -8.379130020239744000E-017 ) ) ;
#1854 = CARTESIAN_POINT ( 'NONE',  ( 1.035282798898015600, 1.600000000000000500, -0.5843541048024792900 ) ) ;
#1855 = LINE ( 'NONE', #1343, #1568 ) ;
#1856 = EDGE_CURVE ( 'NONE', #4113, #5812, #556, .T. ) ;
#1857 = ORIENTED_EDGE ( 'NONE', *, *, #1026, .T. ) ;
#1858 = CARTESIAN_POINT ( 'NONE',  ( 0.3157876092791424000, 0.9000000000000002400, 0.5397728008854114600 ) ) ;
#1859 = CARTESIAN_POINT ( 'NONE',  ( 1.500000000000000000, 0.0000000000000000000, -1.500000000000000000 ) ) ;
#1860 = CONICAL_SURFACE ( 'NONE', #69, 1.100000000064937900, 1.169370598790532500 ) ;
#1861 = DIRECTION ( 'NONE',  ( -1.000000000000000000, 0.0000000000000000000, -0.0000000000000000000 ) ) ;
#1862 = CARTESIAN_POINT ( 'NONE',  ( 0.5945034241484999900, 1.533161417748999800, -0.2975608184163000000 ) ) ;
#1863 = ADVANCED_FACE ( 'NONE', ( #395 ), #5151, .T. ) ;
#1864 = ORIENTED_EDGE ( 'NONE', *, *, #1426, .T. ) ;
#1865 = DIRECTION ( 'NONE',  ( 0.0000000000000000000, 1.000000000000000000, -9.856383385649992600E-017 ) ) ;
#1866 = CARTESIAN_POINT ( 'NONE',  ( 0.0000000000000000000, 1.200000000000000000, 0.0000000000000000000 ) ) ;
#1867 = CARTESIAN_POINT ( 'NONE',  ( -0.9846856982542751000, 1.561383992050066100, 0.3000000000024153300 ) ) ;
#1868 = CARTESIAN_POINT ( 'NONE',  ( -1.275004073342558300, 1.100000000000000100, -0.5792152472018564600 ) ) ;
#1869 = LINE ( 'NONE', #2751, #2962 ) ;
#1870 = ORIENTED_EDGE ( 'NONE', *, *, #2865, .F. ) ;
#1871 = ORIENTED_EDGE ( 'NONE', *, *, #2995, .T. ) ;
#1872 = CARTESIAN_POINT ( 'NONE',  ( 0.3503804726434976400, 1.508986332826825400, -0.5474792458595146800 ) ) ;
#1873 = CARTESIAN_POINT ( 'NONE',  ( -1.225823691985025400, 1.200000000000000200, 0.7263006856191078800 ) ) ;
#1874 = PLANE ( 'NONE',  #2933 ) ;
#1875 = DIRECTION ( 'NONE',  ( 0.0000000000000000000, 0.0000000000000000000, 1.000000000000000000 ) ) ;
#1876 = VERTEX_POINT ( 'NONE', #5183 ) ;
#1877 = AXIS2_PLACEMENT_3D ( 'NONE', #5519, #6015, #3097 ) ;
#1878 = PLANE ( 'NONE',  #181 ) ;
#1879 = VERTEX_POINT ( 'NONE', #5292 ) ;
#1880 = ORIENTED_EDGE ( 'NONE', *, *, #682, .T. ) ;
#1881 = EDGE_CURVE ( 'NONE', #1084, #3035, #730, .T. ) ;
#1882 = LINE ( 'NONE', #6007, #4273 ) ;
#1883 = VERTEX_POINT ( 'NONE', #5833 ) ;
#1884 = CARTESIAN_POINT ( 'NONE',  ( 0.0000000000000000000, 1.561383992054743700, 0.0000000000000000000 ) ) ;
#1885 = EDGE_LOOP ( 'NONE', ( #2398, #2397, #20, #4581 ) ) ;
#1886 = DIRECTION ( 'NONE',  ( 0.0000000000000000000, 0.0000000000000000000, -1.000000000000000000 ) ) ;
#1887 = VERTEX_POINT ( 'NONE', #5854 ) ;
#1888 = FACE_OUTER_BOUND ( 'NONE', #2138, .T. ) ;
#1889 = PLANE ( 'NONE',  #1464 ) ;
#1890 = EDGE_CURVE ( 'NONE', #4348, #4842, #2720, .T. ) ;
#1891 = CARTESIAN_POINT ( 'NONE',  ( 0.3507288034452505400, 1.496714202988062000, 0.5534410050433216100 ) ) ;
#1892 = CARTESIAN_POINT ( 'NONE',  ( -1.100504717864009300, 1.100000000000000100, -0.8764977584059541200 ) ) ;
#1893 = EDGE_LOOP ( 'NONE', ( #5207, #2162, #5774, #4705, #5628 ) ) ;
#1894 = ORIENTED_EDGE ( 'NONE', *, *, #2924, .T. ) ;
#1895 = CARTESIAN_POINT ( 'NONE',  ( -0.05640688529813939900, 0.1499999999999999700, 0.1995437798101424300 ) ) ;
#1896 = LINE ( 'NONE', #1581, #5411 ) ;
#1897 = CARTESIAN_POINT ( 'NONE',  ( 5.410954283830000700, 1.700000000000000200, 1.460000000000000000 ) ) ;
#1898 = CARTESIAN_POINT ( 'NONE',  ( 0.5999999999999999800, 0.0000000000000000000, 0.0000000000000000000 ) ) ;
#1899 = CARTESIAN_POINT ( 'NONE',  ( -0.5397728008854114600, 0.9000000000000002400, 0.3157876092791424000 ) ) ;
#1900 = CARTESIAN_POINT ( 'NONE',  ( -0.5999999999999999800, -0.1000000000000000100, -1.851460183660000200 ) ) ;
#1901 = ADVANCED_FACE ( 'NONE', ( #1504 ), #1355, .F. ) ;
#1902 = ORIENTED_EDGE ( 'NONE', *, *, #5287, .T. ) ;
#1903 = DIRECTION ( 'NONE',  ( 0.0000000000000000000, 0.0000000000000000000, 1.000000000000000000 ) ) ;
#1904 = FACE_OUTER_BOUND ( 'NONE', #3354, .T. ) ;
#1905 = CARTESIAN_POINT ( 'NONE',  ( -0.1927668399491999900, 0.9566994801524999500, -1.367479433118000000 ) ) ;
#1906 = EDGE_CURVE ( 'NONE', #2593, #4118, #2580, .T. ) ;
#1907 = DIRECTION ( 'NONE',  ( 0.0000000000000000000, 1.000000000000000000, 0.0000000000000000000 ) ) ;
#1908 = EDGE_CURVE ( 'NONE', #5321, #3355, #242, .T. ) ;
#1909 = CARTESIAN_POINT ( 'NONE',  ( 1.177620359600597000, 1.599999999986394300, 8.653014023857877500E-017 ) ) ;
#1910 = CARTESIAN_POINT ( 'NONE',  ( -1.033762249059110500, 1.653794664036922800, 0.2999999999999999900 ) ) ;
#1911 = CARTESIAN_POINT ( 'NONE',  ( -1.362495135966228500, 1.100000000000000300, -0.3288418003425324600 ) ) ;
#1912 = VECTOR ( 'NONE', #2179, 1000.000000000000100 ) ;
#1913 = ORIENTED_EDGE ( 'NONE', *, *, #341, .T. ) ;
#1914 = AXIS2_PLACEMENT_3D ( 'NONE', #2990, #196, #3469 ) ;
#1915 = CARTESIAN_POINT ( 'NONE',  ( 0.5999999999999999800, 0.0000000000000000000, -1.500000000000000000 ) ) ;
#1916 = DIRECTION ( 'NONE',  ( 0.0000000000000000000, 0.0000000000000000000, -1.000000000000000000 ) ) ;
#1917 = CARTESIAN_POINT ( 'NONE',  ( -0.2500000000000000000, 0.02000000000000000400, -1.771460183659999900 ) ) ;
#1918 = CIRCLE ( 'NONE', #3132, 1.029371616198204700 ) ;
#1919 = CIRCLE ( 'NONE', #476, 0.02000000000000005200 ) ;
#1920 = DIRECTION ( 'NONE',  ( 0.0000000000000000000, 0.0000000000000000000, 1.000000000000000000 ) ) ;
#1921 = CARTESIAN_POINT ( 'NONE',  ( -0.5999999999999999800, 0.02000000000000000400, -1.129999999999999900 ) ) ;
#1922 = CYLINDRICAL_SURFACE ( 'NONE', #4018, 0.5999999999999999800 ) ;
#1923 = PLANE ( 'NONE',  #3530 ) ;
#1924 = EDGE_CURVE ( 'NONE', #1110, #615, #3869, .T. ) ;
#1925 = VERTEX_POINT ( 'NONE', #3234 ) ;
#1926 = CARTESIAN_POINT ( 'NONE',  ( 0.8004691388675382300, 1.200000000000000200, -1.178730489757198900 ) ) ;
#1927 = ADVANCED_FACE ( 'NONE', ( #4000 ), #2444, .T. ) ;
#1928 = CARTESIAN_POINT ( 'NONE',  ( -1.450000000000000000, 0.8000000000000000400, 1.200000000000000000 ) ) ;
#1929 = CARTESIAN_POINT ( 'NONE',  ( 0.3279366275122869700, 0.7999999999999999300, -0.6861288132144497400 ) ) ;
#1930 = CARTESIAN_POINT ( 'NONE',  ( 0.3514155881285825900, 1.471997907153084900, 0.5654105457084053200 ) ) ;
#1931 = CYLINDRICAL_SURFACE ( 'NONE', #4275, 0.2000000000000000900 ) ;
#1932 = CARTESIAN_POINT ( 'NONE',  ( -1.058300524439611500, 1.700000000010851300, 0.3000000000026184500 ) ) ;
#1933 = CARTESIAN_POINT ( 'NONE',  ( -1.400106358421402000, 1.099999999999999900, -0.1319858176434191000 ) ) ;
#1934 = ORIENTED_EDGE ( 'NONE', *, *, #1077, .T. ) ;
#1935 = CARTESIAN_POINT ( 'NONE',  ( -6.504724334620824100E-017, 1.200000000019917800, 0.9738101798134577400 ) ) ;
#1936 = FACE_OUTER_BOUND ( 'NONE', #877, .T. ) ;
#1937 = CARTESIAN_POINT ( 'NONE',  ( 0.3503804728865403400, 1.508986332740424000, 0.5474792455710132400 ) ) ;
#1938 = DIRECTION ( 'NONE',  ( 0.0000000000000000000, -0.0000000000000000000, 1.000000000000000000 ) ) ;
#1939 = VERTEX_POINT ( 'NONE', #5226 ) ;
#1940 = CYLINDRICAL_SURFACE ( 'NONE', #2384, 0.1200000000000000900 ) ;
#1941 = ORIENTED_EDGE ( 'NONE', *, *, #4595, .T. ) ;
#1942 = EDGE_CURVE ( 'NONE', #5256, #5846, #5000, .T. ) ;
#1943 = CARTESIAN_POINT ( 'NONE',  ( -0.1583814478701614000, 0.9000000000000001300, -0.6049725677420998400 ) ) ;
#1944 = EDGE_LOOP ( 'NONE', ( #1132, #2177, #4426, #4257 ) ) ;
#1945 = CARTESIAN_POINT ( 'NONE',  ( -0.2999999999999999900, 1.100000000000000100, -0.9738101797978001600 ) ) ;
#1946 = ORIENTED_EDGE ( 'NONE', *, *, #3262, .F. ) ;
#1947 = ORIENTED_EDGE ( 'NONE', *, *, #4290, .F. ) ;
#1948 = ORIENTED_EDGE ( 'NONE', *, *, #4701, .F. ) ;
#1949 = B_SPLINE_CURVE_WITH_KNOTS ( 'NONE', 3,
 ( #5422, #2065, #2993, #2546 ),
 .UNSPECIFIED., .F., .F.,
 ( 4, 4 ),
 ( 0.0000000000000000000, 1.000000000000000000 ),
 .UNSPECIFIED. ) ;
#1950 = AXIS2_PLACEMENT_3D ( 'NONE', #904, #1271, #1286 ) ;
#1951 = CARTESIAN_POINT ( 'NONE',  ( 0.3561813388660999800, 1.398725666158999700, -0.5989637333899999700 ) ) ;
#1952 = CARTESIAN_POINT ( 'NONE',  ( -0.2999999984515590000, 1.469968613463748600, -0.6640187665915201500 ) ) ;
#1953 = ORIENTED_EDGE ( 'NONE', *, *, #1924, .F. ) ;
#1954 = CARTESIAN_POINT ( 'NONE',  ( 0.0000000000000000000, -0.1000000000000000100, -1.651460183660000000 ) ) ;
#1955 = VERTEX_POINT ( 'NONE', #5208 ) ;
#1956 = DIRECTION ( 'NONE',  ( 0.0000000000000000000, 1.000000000000000000, -9.856383385649992600E-017 ) ) ;
#1957 = DIRECTION ( 'NONE',  ( -1.000000000000000000, 0.0000000000000000000, -0.0000000000000000000 ) ) ;
#1958 = VERTEX_POINT ( 'NONE', #4723 ) ;
#1959 = CARTESIAN_POINT ( 'NONE',  ( 0.4817193733217514100, 1.100000000008094500, 0.8233984100015855300 ) ) ;
#1960 = CARTESIAN_POINT ( 'NONE',  ( -0.5816182183063003400, 1.434904423589000300, 0.3552446727822999900 ) ) ;
#1961 = CARTESIAN_POINT ( 'NONE',  ( 0.2999999994344137400, 1.530703003535926600, 0.6337405836429488300 ) ) ;
#1962 = ORIENTED_EDGE ( 'NONE', *, *, #3992, .T. ) ;
#1963 = AXIS2_PLACEMENT_3D ( 'NONE', #1859, #3292, #488 ) ;
#1964 = VECTOR ( 'NONE', #246, 1000.000000000000000 ) ;
#1965 = EDGE_CURVE ( 'NONE', #2222, #643, #6121, .T. ) ;
#1966 = ORIENTED_EDGE ( 'NONE', *, *, #4660, .T. ) ;
#1967 = ORIENTED_EDGE ( 'NONE', *, *, #2094, .T. ) ;
#1968 = CARTESIAN_POINT ( 'NONE',  ( 5.410954283830000700, 0.02000000000000000000, 1.700000000000000200 ) ) ;
#1969 = CARTESIAN_POINT ( 'NONE',  ( 7.210845020056011800E-017, 1.599999999998135400, -1.177620359604657900 ) ) ;
#1970 = LINE ( 'NONE', #1460, #3222 ) ;
#1971 = ORIENTED_EDGE ( 'NONE', *, *, #2049, .T. ) ;
#1972 = CARTESIAN_POINT ( 'NONE',  ( -0.05231392552821280400, 0.1500000000000000200, -0.1954462443238634800 ) ) ;
#1973 = EDGE_LOOP ( 'NONE', ( #5508, #2610, #5782, #1078 ) ) ;
#1974 = CARTESIAN_POINT ( 'NONE',  ( 0.2986065311817999200, 1.436209686146999700, -0.6395045821911999900 ) ) ;
#1975 = EDGE_CURVE ( 'NONE', #3041, #2925, #98, .T. ) ;
#1976 = CARTESIAN_POINT ( 'NONE',  ( 0.3503804728865403400, 1.508986332740424000, 0.5474792455710132400 ) ) ;
#1977 = VECTOR ( 'NONE', #4565, 1000.000000000000000 ) ;
#1978 = CARTESIAN_POINT ( 'NONE',  ( -0.2999999998899776600, 1.439558585120840300, -0.6790520214074912100 ) ) ;
#1979 = CARTESIAN_POINT ( 'NONE',  ( -2.449293598294706500E-017, 0.1499999999999999900, 0.2000000000000000100 ) ) ;
#1980 = VERTEX_POINT ( 'NONE', #27 ) ;
#1981 = CARTESIAN_POINT ( 'NONE',  ( 0.0000000000000000000, 1.200000000000000000, 0.0000000000000000000 ) ) ;
#1982 = CARTESIAN_POINT ( 'NONE',  ( -0.6118031127110999900, 1.496051692934000000, 0.2979663466213999800 ) ) ;
#1983 = LINE ( 'NONE', #4957, #751 ) ;
#1984 = B_SPLINE_CURVE_WITH_KNOTS ( 'NONE', 3,
 ( #1979, #1895, #2467, #2486, #2502, #2522 ),
 .UNSPECIFIED., .F., .F.,
 ( 4, 2, 4 ),
 ( 0.5000000000000000000, 0.7500000000000000000, 1.000000000000000000 ),
 .UNSPECIFIED. ) ;
#1985 = CARTESIAN_POINT ( 'NONE',  ( -1.250000000000000200, 0.02000000000000000000, 1.680000000000000200 ) ) ;
#1986 = PLANE ( 'NONE',  #3979 ) ;
#1987 = EDGE_CURVE ( 'NONE', #1883, #3375, #5309, .T. ) ;
#1988 = DIRECTION ( 'NONE',  ( -0.0000000000000000000, -0.0000000000000000000, -1.000000000000000000 ) ) ;
#1989 = DIRECTION ( 'NONE',  ( 0.0000000000000000000, -1.000000000000000000, 0.0000000000000000000 ) ) ;
#1990 = VECTOR ( 'NONE', #1525, 1000.000000000000000 ) ;
#1991 = CARTESIAN_POINT ( 'NONE',  ( -0.2999999999999999900, 1.572975568553143900, 0.7439231975040773200 ) ) ;
#1992 = CARTESIAN_POINT ( 'NONE',  ( -0.7838367176906000400, 1.100000000000000100, 1.159999999999999900 ) ) ;
#1993 = CARTESIAN_POINT ( 'NONE',  ( 5.410954283830000700, 1.200000000000000000, 1.159999999999999900 ) ) ;
#1994 = B_SPLINE_CURVE_WITH_KNOTS ( 'NONE', 3,
 ( #1604, #2985, #2057, #5419, #2538, #5906, #3004, #209, #3484, #690, #3976, #1158, #4469, #1617, #4966, #2078, #5434, #2556, #5929, #3024, #230, #3507, #708, #3995, #1178, #4491, #1634, #4985, #2101, #5453 ),
 .UNSPECIFIED., .F., .F.,
 ( 4, 1, 2, 2, 2, 1, 2, 2, 2, 1, 2, 2, 2, 1, 2, 2, 4 ),
 ( 0.0000000000000000000, 0.06250000000000006900, 0.09375000000000008300, 0.1250000000000001100, 0.2500000000000002200, 0.3125000000000002800, 0.3437500000000003300, 0.3750000000000003300, 0.5000000000000003300, 0.5625000000000003300, 0.5937500000000003300, 0.6250000000000003300, 0.7500000000000002200, 0.8125000000000002200, 0.8437500000000001100, 0.8750000000000001100, 1.000000000000000000 ),
 .UNSPECIFIED. ) ;
#1995 = LINE ( 'NONE', #1898, #762 ) ;
#1996 = CARTESIAN_POINT ( 'NONE',  ( -0.2779113193416794000, 1.157583416801716300, 0.5558226386833585700 ) ) ;
#1997 = CARTESIAN_POINT ( 'NONE',  ( 1.250000000000000000, 0.8000000000000000400, 1.399999999999999900 ) ) ;
#1998 = EDGE_CURVE ( 'NONE', #589, #709, #2290, .T. ) ;
#1999 = FACE_OUTER_BOUND ( 'NONE', #2980, .T. ) ;
#2000 = EDGE_LOOP ( 'NONE', ( #1373, #2805, #285, #5785 ) ) ;
#2001 = CARTESIAN_POINT ( 'NONE',  ( 0.1615425999774547100, 0.1500000000000000200, 0.1216766096692431900 ) ) ;
#2002 = EDGE_CURVE ( 'NONE', #1087, #6144, #5808, .T. ) ;
#2003 = VECTOR ( 'NONE', #5296, 1000.000000000000000 ) ;
#2004 = ORIENTED_EDGE ( 'NONE', *, *, #4226, .T. ) ;
#2005 = DIRECTION ( 'NONE',  ( 0.0000000000000000000, 0.0000000000000000000, 1.000000000000000000 ) ) ;
#2006 = VECTOR ( 'NONE', #4138, 1000.000000000000000 ) ;
#2007 = CARTESIAN_POINT ( 'NONE',  ( -0.8672907435343914000, 1.513727374259582900, 0.3000918946179516600 ) ) ;
#2008 = ORIENTED_EDGE ( 'NONE', *, *, #3291, .T. ) ;
#2009 = PLANE ( 'NONE',  #2218 ) ;
#2010 = DIRECTION ( 'NONE',  ( 1.000000000000000000, 0.0000000000000000000, 0.0000000000000000000 ) ) ;
#2011 = VECTOR ( 'NONE', #1988, 1000.000000000000000 ) ;
#2012 = CARTESIAN_POINT ( 'NONE',  ( 0.6790520221695108800, 1.439558585355854600, 0.2999999994212074700 ) ) ;
#2013 = ORIENTED_EDGE ( 'NONE', *, *, #1681, .F. ) ;
#2014 = VERTEX_POINT ( 'NONE', #581 ) ;
#2015 = ORIENTED_EDGE ( 'NONE', *, *, #2309, .F. ) ;
#2016 = DIRECTION ( 'NONE',  ( 1.000000000000000000, 0.0000000000000000000, 0.0000000000000000000 ) ) ;
#2017 = EDGE_CURVE ( 'NONE', #4016, #580, #3405, .T. ) ;
#2018 = ORIENTED_EDGE ( 'NONE', *, *, #5718, .F. ) ;
#2019 = CARTESIAN_POINT ( 'NONE',  ( 0.7838367176906000400, 1.147801334123671700, 1.249222690360981100 ) ) ;
#2020 = B_SPLINE_CURVE_WITH_KNOTS ( 'NONE', 3,
 ( #3539, #263, #4530, #1674 ),
 .UNSPECIFIED., .F., .F.,
 ( 4, 4 ),
 ( 0.0000000000000000000, 1.000000000000000000 ),
 .UNSPECIFIED. ) ;
#2021 = ORIENTED_EDGE ( 'NONE', *, *, #222, .F. ) ;
#2022 = ORIENTED_EDGE ( 'NONE', *, *, #3248, .F. ) ;
#2023 = CARTESIAN_POINT ( 'NONE',  ( 0.2999999994344137400, 1.530703003535926600, 0.6337405836429488300 ) ) ;
#2024 = VECTOR ( 'NONE', #5746, 1000.000000000000000 ) ;
#2025 = AXIS2_PLACEMENT_3D ( 'NONE', #1279, #2648, #5534 ) ;
#2026 = DIRECTION ( 'NONE',  ( 1.000000000000000000, 0.0000000000000000000, 0.0000000000000000000 ) ) ;
#2027 = CARTESIAN_POINT ( 'NONE',  ( 0.3522338027896839100, 1.441301951259267500, 0.5801893225332676000 ) ) ;
#2028 = ORIENTED_EDGE ( 'NONE', *, *, #465, .T. ) ;
#2029 = ORIENTED_EDGE ( 'NONE', *, *, #4795, .T. ) ;
#2030 = CARTESIAN_POINT ( 'NONE',  ( -0.9846856982542751000, 1.561383992050066100, 0.3000000000024153300 ) ) ;
#2031 = CIRCLE ( 'NONE', #2185, 0.1200000000000000900 ) ;
#2032 = CARTESIAN_POINT ( 'NONE',  ( 0.0000000000000000000, 0.1499999999999999900, 0.0000000000000000000 ) ) ;
#2033 = CARTESIAN_POINT ( 'NONE',  ( 0.7838367176906000400, 1.600000000000000100, 1.560000000000000300 ) ) ;
#2034 = EDGE_LOOP ( 'NONE', ( #3309, #2548, #2592, #1795 ) ) ;
#2035 = VERTEX_POINT ( 'NONE', #785 ) ;
#2036 = FACE_OUTER_BOUND ( 'NONE', #1159, .T. ) ;
#2037 = EDGE_CURVE ( 'NONE', #5806, #3750, #4684, .T. ) ;
#2038 = CARTESIAN_POINT ( 'NONE',  ( -0.9228576348229943200, 1.099999999970750600, -9.041397188395218900E-017 ) ) ;
#2039 = CARTESIAN_POINT ( 'NONE',  ( 0.09638341997460320200, 0.9833497400762937200, -0.9738101797978002700 ) ) ;
#2040 = CARTESIAN_POINT ( 'NONE',  ( -0.3323984226423035100, 1.508986332873817800, 0.5589875529153914800 ) ) ;
#2041 = ORIENTED_EDGE ( 'NONE', *, *, #5542, .T. ) ;
#2042 = LINE ( 'NONE', #1018, #4297 ) ;
#2043 = CARTESIAN_POINT ( 'NONE',  ( -0.2700000000000000700, -0.1000000000000000100, -1.631460183660000200 ) ) ;
#2044 = DIRECTION ( 'NONE',  ( 0.0000000000000000000, -1.000000000000000000, 0.0000000000000000000 ) ) ;
#2045 = ADVANCED_FACE ( 'NONE', ( #3541 ), #3386, .T. ) ;
#2046 = CARTESIAN_POINT ( 'NONE',  ( -0.1806329963160954200, 0.9128161803220036200, -1.367479433118000200 ) ) ;
#2047 = DIRECTION ( 'NONE',  ( 1.000000000000000000, 0.0000000000000000000, 0.0000000000000000000 ) ) ;
#2048 = DIRECTION ( 'NONE',  ( -0.2665025992380606900, 0.9638341997456604200, 0.0000000000000000000 ) ) ;
#2049 = EDGE_CURVE ( 'NONE', #3593, #1738, #5832, .T. ) ;
#2050 = B_SPLINE_CURVE_WITH_KNOTS ( 'NONE', 3,
 ( #198, #678, #4951, #2063, #5421, #2545, #5912, #3012, #215, #3493, #695, #3984, #1163, #4475, #1623, #4972, #2087, #5441 ),
 .UNSPECIFIED., .F., .F.,
 ( 4, 2, 2, 2, 2, 2, 2, 2, 4 ),
 ( 0.0000000000000000000, 0.1249999999999998900, 0.2499999999999998300, 0.3749999999999998300, 0.4999999999999997800, 0.6249999999999997800, 0.7499999999999997800, 0.8749999999999998900, 1.000000000000000000 ),
 .UNSPECIFIED. ) ;
#2051 = CARTESIAN_POINT ( 'NONE',  ( -1.250000000000000000, 0.0000000000000000000, 1.700000000000000000 ) ) ;
#2052 = CARTESIAN_POINT ( 'NONE',  ( 0.2500000000000000000, 0.1385840734641000100, -1.721460183660000100 ) ) ;
#2053 = VECTOR ( 'NONE', #5341, 1000.000000000000000 ) ;
#2054 = VERTEX_POINT ( 'NONE', #5796 ) ;
#2055 = AXIS2_PLACEMENT_3D ( 'NONE', #922, #494, #2464 ) ;
#2056 = CARTESIAN_POINT ( 'NONE',  ( 0.2400000000000000200, 1.200000000000000000, -0.9738101797978002700 ) ) ;
#2057 = CARTESIAN_POINT ( 'NONE',  ( 0.6782029648654566100, 0.8000000000000001600, 0.1074551295208542300 ) ) ;
#2058 = CARTESIAN_POINT ( 'NONE',  ( 0.3527100743570884000, 1.422887413779801300, 0.5890194483748306700 ) ) ;
#2059 = CIRCLE ( 'NONE', #3696, 0.8089488030467922900 ) ;
#2060 = ORIENTED_EDGE ( 'NONE', *, *, #2375, .F. ) ;
#2061 = CARTESIAN_POINT ( 'NONE',  ( 0.0000000000000000000, 0.8000000000000000400, 1.700000000000000000 ) ) ;
#2062 = FACE_BOUND ( 'NONE', #4857, .T. ) ;
#2063 = CARTESIAN_POINT ( 'NONE',  ( -1.179611624278248400, 0.8099999999999998300, -0.7998856235007135700 ) ) ;
#2064 = EDGE_CURVE ( 'NONE', #5927, #3593, #3533, .T. ) ;
#2065 = CARTESIAN_POINT ( 'NONE',  ( 0.7838367176906000400, 1.600000000000000100, 1.183820061220084900 ) ) ;
#2066 = VERTEX_POINT ( 'NONE', #4229 ) ;
#2067 = VECTOR ( 'NONE', #2127, 1000.000000000000000 ) ;
#2068 = CARTESIAN_POINT ( 'NONE',  ( 0.7838367176906000400, 1.600000000000000100, 1.210000000000000000 ) ) ;
#2069 = PLANE ( 'NONE',  #3388 ) ;
#2070 = ORIENTED_EDGE ( 'NONE', *, *, #3359, .T. ) ;
#2071 = DIRECTION ( 'NONE',  ( -1.000000000000000000, -0.0000000000000000000, -0.0000000000000000000 ) ) ;
#2072 = ADVANCED_FACE ( 'NONE', ( #917 ), #2445, .T. ) ;
#2073 = EDGE_CURVE ( 'NONE', #4349, #6051, #768, .T. ) ;
#2074 = CARTESIAN_POINT ( 'NONE',  ( -0.5766281297334999700, 1.700000000000000000, -0.2999999999999999900 ) ) ;
#2075 = LINE ( 'NONE', #5064, #1015 ) ;
#2076 = ORIENTED_EDGE ( 'NONE', *, *, #1578, .T. ) ;
#2077 = CARTESIAN_POINT ( 'NONE',  ( -0.2500000000000000000, 0.02000000000000001400, -1.671460183660000000 ) ) ;
#2078 = CARTESIAN_POINT ( 'NONE',  ( -0.04332836365426180600, 0.8000000000000000400, 0.6842414842957399400 ) ) ;
#2079 = VERTEX_POINT ( 'NONE', #2412 ) ;
#2080 = VERTEX_POINT ( 'NONE', #3187 ) ;
#2081 = CARTESIAN_POINT ( 'NONE',  ( -0.6790520215888218300, 1.439558585176701700, -0.2999999997757660200 ) ) ;
#2082 = ORIENTED_EDGE ( 'NONE', *, *, #4822, .T. ) ;
#2083 = VERTEX_POINT ( 'NONE', #1273 ) ;
#2084 = ORIENTED_EDGE ( 'NONE', *, *, #1275, .F. ) ;
#2085 = DIRECTION ( 'NONE',  ( -0.0000000000000000000, -1.000000000000000000, -0.0000000000000000000 ) ) ;
#2086 = ORIENTED_EDGE ( 'NONE', *, *, #17, .T. ) ;
#2087 = CARTESIAN_POINT ( 'NONE',  ( 1.350000000000000100, 0.8100000000000001600, -0.2967145867644259100 ) ) ;
#2088 = CARTESIAN_POINT ( 'NONE',  ( -0.5816713883990000100, 1.434794241089000000, -0.3552476713109000200 ) ) ;
#2089 = VERTEX_POINT ( 'NONE', #4702 ) ;
#2090 = B_SPLINE_CURVE_WITH_KNOTS ( 'NONE', 3,
 ( #1683, #4539, #2621, #5990, #3093, #294 ),
 .UNSPECIFIED., .F., .F.,
 ( 4, 2, 4 ),
 ( 0.0000000000000000000, 0.5000000000000000000, 1.000000000000000000 ),
 .UNSPECIFIED. ) ;
#2091 = EDGE_CURVE ( 'NONE', #1427, #1468, #5023, .T. ) ;
#2092 = ORIENTED_EDGE ( 'NONE', *, *, #381, .F. ) ;
#2093 = CARTESIAN_POINT ( 'NONE',  ( 0.6790520221695108800, 1.439558585355854600, 0.2999999994212074700 ) ) ;
#2094 = EDGE_CURVE ( 'NONE', #3883, #1010, #5335, .T. ) ;
#2095 = ORIENTED_EDGE ( 'NONE', *, *, #3328, .F. ) ;
#2096 = CARTESIAN_POINT ( 'NONE',  ( 0.1927668399491828700, 0.9566994801525047200, -0.9738101797978002700 ) ) ;
#2097 = DIRECTION ( 'NONE',  ( 1.000000000000000000, -0.0000000000000000000, 0.0000000000000000000 ) ) ;
#2098 = VERTEX_POINT ( 'NONE', #2872 ) ;
#2099 = CARTESIAN_POINT ( 'NONE',  ( 1.500000000000000000, 0.8000000000000000400, -1.100000000000000100 ) ) ;
#2100 = ORIENTED_EDGE ( 'NONE', *, *, #1924, .T. ) ;
#2101 = CARTESIAN_POINT ( 'NONE',  ( -0.6842078896604001400, 0.8000000000000000400, 0.08718356408789101900 ) ) ;
#2102 = LINE ( 'NONE', #6149, #5939 ) ;
#2103 = CARTESIAN_POINT ( 'NONE',  ( 0.7228313959598631200, 1.600000000000000300, -1.323408514819492500 ) ) ;
#2104 = ORIENTED_EDGE ( 'NONE', *, *, #3328, .T. ) ;
#2105 = PLANE ( 'NONE',  #4148 ) ;
#2106 = ADVANCED_FACE ( 'NONE', ( #1999 ), #4571, .T. ) ;
#2107 = CYLINDRICAL_SURFACE ( 'NONE', #3834, 0.2000000000000000100 ) ;
#2108 = CARTESIAN_POINT ( 'NONE',  ( -0.9228576348350868700, 1.100000000008094700, -0.2416035638255970800 ) ) ;
#2109 = CARTESIAN_POINT ( 'NONE',  ( -0.6121252637867000700, 1.495357676427000200, -0.2979738366345000600 ) ) ;
#2110 = CARTESIAN_POINT ( 'NONE',  ( -0.09638341997458002600, 0.9833497400763000500, -0.9738101797978001600 ) ) ;
#2111 = VERTEX_POINT ( 'NONE', #5311 ) ;
#2112 = EDGE_CURVE ( 'NONE', #4842, #3279, #3252, .T. ) ;
#2114 = DIRECTION ( 'NONE',  ( -1.000000000000000000, 0.0000000000000000000, 0.0000000000000000000 ) ) ;
#2113 = CARTESIAN_POINT ( 'NONE',  ( -0.5918697457819096500, 1.416935847957749600, -0.3528625240847166300 ) ) ;
#2115 = DIRECTION ( 'NONE',  ( 0.0000000000000000000, -0.0000000000000000000, -1.000000000000000000 ) ) ;
#2116 = CARTESIAN_POINT ( 'NONE',  ( 0.2999999997078354700, 1.530703003353430800, -0.6337405830508041600 ) ) ;
#2117 = DIRECTION ( 'NONE',  ( -1.000000000000000000, -0.0000000000000000000, -0.0000000000000000000 ) ) ;
#2118 = DIRECTION ( 'NONE',  ( 0.0000000000000000000, 0.0000000000000000000, 1.000000000000000000 ) ) ;
#2119 = VECTOR ( 'NONE', #3948, 1000.000000000000000 ) ;
#2120 = ORIENTED_EDGE ( 'NONE', *, *, #2669, .T. ) ;
#2121 = CARTESIAN_POINT ( 'NONE',  ( -0.3528625246544221400, 1.416935847553724800, -0.5918697443422203900 ) ) ;
#2122 = PLANE ( 'NONE',  #3334 ) ;
#2123 = CARTESIAN_POINT ( 'NONE',  ( 1.507250189724369700, 1.600000000000000100, 0.04923865302820857500 ) ) ;
#2124 = VECTOR ( 'NONE', #4377, 1000.000000000000100 ) ;
#2125 = ORIENTED_EDGE ( 'NONE', *, *, #64, .F. ) ;
#2126 = B_SPLINE_CURVE_WITH_KNOTS ( 'NONE', 3,
 ( #4926, #5248, #4987, #4905, #4804, #3997 ),
 .UNSPECIFIED., .F., .F.,
 ( 4, 2, 4 ),
 ( 0.0000000000000000000, 0.5000000000000000000, 1.000000000000000000 ),
 .UNSPECIFIED. ) ;
#2127 = DIRECTION ( 'NONE',  ( -1.000000000000000000, 0.0000000000000000000, 0.0000000000000000000 ) ) ;
#2128 = EDGE_CURVE ( 'NONE', #4647, #3799, #3362, .T. ) ;
#2129 = VECTOR ( 'NONE', #5209, 1000.000000000000000 ) ;
#2131 = CARTESIAN_POINT ( 'NONE',  ( -0.7600000000000000100, 0.8000000000000000400, 1.212548288771632000E-014 ) ) ;
#2130 = DIRECTION ( 'NONE',  ( -1.000000000000000000, 0.0000000000000000000, 0.0000000000000000000 ) ) ;
#2132 = CARTESIAN_POINT ( 'NONE',  ( -0.1339782380279214700, 1.119315285916021800, -0.9738101797978001600 ) ) ;
#2133 = AXIS2_PLACEMENT_3D ( 'NONE', #5677, #5242, #4242 ) ;
#2134 = ADVANCED_FACE ( 'NONE', ( #3095 ), #4239, .F. ) ;
#2135 = VECTOR ( 'NONE', #2658, 1000.000000000000000 ) ;
#2136 = CARTESIAN_POINT ( 'NONE',  ( -0.3000000000026191200, 1.700000000010851300, 1.058300524439611300 ) ) ;
#2137 = CARTESIAN_POINT ( 'NONE',  ( -0.2864623387669923400, 0.6500000000000001300, -0.09132252707972175800 ) ) ;
#2138 = EDGE_LOOP ( 'NONE', ( #3133, #3526, #1723, #287 ) ) ;
#2139 = CARTESIAN_POINT ( 'NONE',  ( 1.350000000000000100, 0.8100000000000000500, 1.100000000000000100 ) ) ;
#2140 = DIRECTION ( 'NONE',  ( 0.0000000000000000000, 0.0000000000000000000, -1.000000000000000000 ) ) ;
#2141 = FACE_OUTER_BOUND ( 'NONE', #3893, .T. ) ;
#2142 = CARTESIAN_POINT ( 'NONE',  ( 0.0000000000000000000, 1.200000000000000000, 0.0000000000000000000 ) ) ;
#2143 = ORIENTED_EDGE ( 'NONE', *, *, #2826, .T. ) ;
#2144 = PRODUCT_DEFINITION_FORMATION_WITH_SPECIFIED_SOURCE ( 'ANY', '', #1032, .NOT_KNOWN. ) ;
#2145 = CARTESIAN_POINT ( 'NONE',  ( 1.000000000000000000, 1.700000000000000200, 1.460000000000000000 ) ) ;
#2146 = DIRECTION ( 'NONE',  ( 1.000000000000000000, 0.0000000000000000000, 0.0000000000000000000 ) ) ;
#2147 = EDGE_CURVE ( 'NONE', #387, #2301, #5505, .T. ) ;
#2148 = CONICAL_SURFACE ( 'NONE', #4315, 1.100000000064937900, 1.169370598790532500 ) ;
#2149 = CARTESIAN_POINT ( 'NONE',  ( 0.3738742246834914600, 0.8100000000000001600, 0.6623202189395063200 ) ) ;
#2150 = VERTEX_POINT ( 'NONE', #551 ) ;
#2151 = CARTESIAN_POINT ( 'NONE',  ( 0.0000000000000000000, 1.600000000000000100, 0.0000000000000000000 ) ) ;
#2152 = FACE_OUTER_BOUND ( 'NONE', #3366, .T. ) ;
#2153 = ORIENTED_EDGE ( 'NONE', *, *, #1908, .F. ) ;
#2154 = CARTESIAN_POINT ( 'NONE',  ( -0.2352112602624938400, 1.099625858879948300, -1.367479433118000000 ) ) ;
#2155 = CARTESIAN_POINT ( 'NONE',  ( 8.105225362979153100E-015, 1.700000000014006300, 1.100000000018299000 ) ) ;
#2156 = ORIENTED_EDGE ( 'NONE', *, *, #4765, .F. ) ;
#2157 = EDGE_CURVE ( 'NONE', #4574, #3176, #4396, .T. ) ;
#2158 = ORIENTED_EDGE ( 'NONE', *, *, #237, .F. ) ;
#2159 = CARTESIAN_POINT ( 'NONE',  ( 0.0000000000000000000, 1.100000000000000100, 1.159999999999999900 ) ) ;
#2160 = DIRECTION ( 'NONE',  ( 1.000000000000000000, 0.0000000000000000000, 0.0000000000000000000 ) ) ;
#2161 = CARTESIAN_POINT ( 'NONE',  ( 0.5999999999999999800, 0.8000000000000000400, 1.700000000000000000 ) ) ;
#2162 = ORIENTED_EDGE ( 'NONE', *, *, #406, .F. ) ;
#2163 = CARTESIAN_POINT ( 'NONE',  ( 0.6500000000000001300, 0.6800000000000000500, 1.800000000000000300 ) ) ;
#2164 = EDGE_CURVE ( 'NONE', #1514, #3585, #1366, .T. ) ;
#2165 = LINE ( 'NONE', #5266, #1095 ) ;
#2166 = CARTESIAN_POINT ( 'NONE',  ( 0.5913105198088857200, 1.418103535808335800, 0.3528326142279024100 ) ) ;
#2167 = ADVANCED_FACE ( 'NONE', ( #5373 ), #570, .F. ) ;
#2168 = B_SPLINE_CURVE_WITH_KNOTS ( 'NONE', 3,
 ( #3521, #239, #4010, #1189, #4509, #1647 ),
 .UNSPECIFIED., .F., .F.,
 ( 4, 2, 4 ),
 ( 0.0000000000000000000, 0.5000000000000000000, 1.000000000000000000 ),
 .UNSPECIFIED. ) ;
#2169 = PLANE ( 'NONE',  #3214 ) ;
#2170 = CARTESIAN_POINT ( 'NONE',  ( -0.2400000000000000200, 1.200000000000000000, 0.0000000000000000000 ) ) ;
#2171 = ORIENTED_EDGE ( 'NONE', *, *, #3824, .F. ) ;
#2172 = CARTESIAN_POINT ( 'NONE',  ( -1.406411557970030000, 1.100000000000000300, 0.001146154853719231300 ) ) ;
#2173 = VERTEX_POINT ( 'NONE', #2862 ) ;
#2174 = FACE_OUTER_BOUND ( 'NONE', #1103, .T. ) ;
#2175 = AXIS2_PLACEMENT_3D ( 'NONE', #5149, #5599, #2160 ) ;
#2176 = DIRECTION ( 'NONE',  ( 1.000000000000000000, -0.0000000000000000000, 0.0000000000000000000 ) ) ;
#2177 = ORIENTED_EDGE ( 'NONE', *, *, #1466, .F. ) ;
#2178 = CARTESIAN_POINT ( 'NONE',  ( -0.2617869430475318600, 0.6500000000000000200, 0.1480139958882953100 ) ) ;
#2179 = DIRECTION ( 'NONE',  ( -0.7071067811865474600, 0.0000000000000000000, 0.7071067811865474600 ) ) ;
#2180 = ORIENTED_EDGE ( 'NONE', *, *, #222, .T. ) ;
#2181 = CIRCLE ( 'NONE', #4020, 0.04999999999999991300 ) ;
#2182 = CARTESIAN_POINT ( 'NONE',  ( 1.177620359600597000, 1.599999999986394300, 8.653014023857877500E-017 ) ) ;
#2183 = AXIS2_PLACEMENT_3D ( 'NONE', #3876, #2918, #119 ) ;
#2184 = DIRECTION ( 'NONE',  ( 0.0000000000000000000, -0.0000000000000000000, -1.000000000000000000 ) ) ;
#2185 = AXIS2_PLACEMENT_3D ( 'NONE', #3144, #338, #3616 ) ;
#2186 = DIRECTION ( 'NONE',  ( 0.0000000000000000000, 0.0000000000000000000, 1.000000000000000000 ) ) ;
#2187 = ORIENTED_EDGE ( 'NONE', *, *, #512, .T. ) ;
#2188 = VECTOR ( 'NONE', #3786, 1000.000000000000000 ) ;
#2189 = EDGE_CURVE ( 'NONE', #4109, #3059, #2947, .T. ) ;
#2190 = CARTESIAN_POINT ( 'NONE',  ( 0.5474792466223877800, 1.508986332993447200, 0.3503804724351342600 ) ) ;
#2191 = CARTESIAN_POINT ( 'NONE',  ( 0.6049725677420999500, 0.9000000000000001300, -5.186144030601225300E-017 ) ) ;
#2192 = DIRECTION ( 'NONE',  ( 0.0000000000000000000, 0.0000000000000000000, -1.000000000000000000 ) ) ;
#2193 = CARTESIAN_POINT ( 'NONE',  ( -1.261423225272590100, 1.099999999999999900, -0.6082703727666297600 ) ) ;
#2194 = EDGE_CURVE ( 'NONE', #1593, #1407, #5672, .T. ) ;
#2195 = CARTESIAN_POINT ( 'NONE',  ( -0.2999999979628613600, 1.469968616309118300, 0.6640187656573542900 ) ) ;
#2196 = CARTESIAN_POINT ( 'NONE',  ( 0.2500000000000000000, -0.1000000000000000100, -1.631460183660000200 ) ) ;
#2197 = ORIENTED_EDGE ( 'NONE', *, *, #2232, .F. ) ;
#2198 = ADVANCED_FACE ( 'NONE', ( #2795 ), #2645, .F. ) ;
#2199 = DIRECTION ( 'NONE',  ( -0.0000000000000000000, -1.000000000000000000, -0.0000000000000000000 ) ) ;
#2200 = VECTOR ( 'NONE', #2860, 1000.000000000000000 ) ;
#2201 = B_SPLINE_CURVE_WITH_KNOTS ( 'NONE', 3,
 ( #4238, #4734, #1858, #5217, #2339, #5698 ),
 .UNSPECIFIED., .F., .F.,
 ( 4, 2, 4 ),
 ( 0.5000000000000000000, 0.7500000000000000000, 1.000000000000000000 ),
 .UNSPECIFIED. ) ;
#2202 = CARTESIAN_POINT ( 'NONE',  ( -0.08665672730852341800, 0.7999999999999998200, -0.6841407003897203000 ) ) ;
#2203 = DIRECTION ( 'NONE',  ( 0.0000000000000000000, 0.0000000000000000000, -1.000000000000000000 ) ) ;
#2204 = VECTOR ( 'NONE', #1597, 1000.000000000000000 ) ;
#2205 = EDGE_CURVE ( 'NONE', #5921, #3176, #3927, .T. ) ;
#2206 = CARTESIAN_POINT ( 'NONE',  ( 0.0000000000000000000, 1.700000000028012400, 1.100000000036516200 ) ) ;
#2207 = DIRECTION ( 'NONE',  ( 0.0000000000000000000, 0.0000000000000000000, -1.000000000000000000 ) ) ;
#2208 = EDGE_CURVE ( 'NONE', #179, #48, #3994, .T. ) ;
#2209 = ORIENTED_EDGE ( 'NONE', *, *, #3793, .T. ) ;
#2210 = CARTESIAN_POINT ( 'NONE',  ( -1.301120335136745300, 1.100000000000000300, -0.5179970214801500300 ) ) ;
#2211 = VECTOR ( 'NONE', #4535, 1000.000000000000000 ) ;
#2212 = CARTESIAN_POINT ( 'NONE',  ( -0.3183100617216000300, 1.473413907175000100, -0.5835763620637000000 ) ) ;
#2213 = CARTESIAN_POINT ( 'NONE',  ( 0.5453921131514000200, 1.509724638670999900, 0.3531616846619000100 ) ) ;
#2214 = CARTESIAN_POINT ( 'NONE',  ( 0.2138892481895111900, 0.8999999999999999100, 0.6589284687896366200 ) ) ;
#2215 = ORIENTED_EDGE ( 'NONE', *, *, #3462, .F. ) ;
#2216 = DIRECTION ( 'NONE',  ( -0.0000000000000000000, 0.0000000000000000000, 1.000000000000000000 ) ) ;
#2217 = AXIS2_PLACEMENT_3D ( 'NONE', #558, #863, #925 ) ;
#2218 = AXIS2_PLACEMENT_3D ( 'NONE', #2032, #2504, #5881 ) ;
#2219 = CARTESIAN_POINT ( 'NONE',  ( 0.2500000000000000000, 0.1385840734641000100, -1.671460183660000000 ) ) ;
#2220 = VECTOR ( 'NONE', #4656, 1000.000000000000000 ) ;
#2221 = ORIENTED_EDGE ( 'NONE', *, *, #5637, .F. ) ;
#2222 = VERTEX_POINT ( 'NONE', #3408 ) ;
#2223 = DIRECTION ( 'NONE',  ( 0.2665025992380606900, 0.9638341997456604200, 0.0000000000000000000 ) ) ;
#2224 = CARTESIAN_POINT ( 'NONE',  ( 0.6681947568738846300, 0.8000000000000002700, -0.1711346655627197800 ) ) ;
#2225 = VECTOR ( 'NONE', #1697, 1000.000000000000000 ) ;
#2226 = ORIENTED_EDGE ( 'NONE', *, *, #820, .T. ) ;
#2227 = CARTESIAN_POINT ( 'NONE',  ( -7.408777186573179000E-017, 1.149999999999999900, -0.6049725677420999500 ) ) ;
#2228 = ADVANCED_FACE ( 'NONE', ( #5229 ), #3881, .F. ) ;
#2229 = ORIENTED_EDGE ( 'NONE', *, *, #313, .F. ) ;
#2230 = CARTESIAN_POINT ( 'NONE',  ( 0.5999999999999999800, 0.0000000000000000000, 1.700000000000000000 ) ) ;
#2231 = DIRECTION ( 'NONE',  ( 0.0000000000000000000, -1.000000000000000000, 0.0000000000000000000 ) ) ;
#2232 = EDGE_CURVE ( 'NONE', #84, #2389, #1424, .T. ) ;
#2233 = DIRECTION ( 'NONE',  ( 1.000000000000000000, 0.0000000000000000000, 0.0000000000000000000 ) ) ;
#2234 = ORIENTED_EDGE ( 'NONE', *, *, #5965, .T. ) ;
#2235 = ORIENTED_EDGE ( 'NONE', *, *, #2793, .F. ) ;
#2236 = VERTEX_POINT ( 'NONE', #5845 ) ;
#2237 = VERTEX_POINT ( 'NONE', #2477 ) ;
#2238 = CARTESIAN_POINT ( 'NONE',  ( -0.3000821852473999900, 1.471626252699999900, -0.6677899348236000500 ) ) ;
#2239 = CARTESIAN_POINT ( 'NONE',  ( 0.5940037703804999000, 1.534231326398000100, 0.2975490780812999900 ) ) ;
#2240 = CARTESIAN_POINT ( 'NONE',  ( 0.6500000000000001300, 0.0000000000000000000, 1.680000000000000200 ) ) ;
#2241 = SHAPE_DEFINITION_REPRESENTATION ( #6055, #5142 ) ;
#2242 = CARTESIAN_POINT ( 'NONE',  ( -0.6112999394516753800, 0.8000000000000002700, 0.4633975756960142500 ) ) ;
#2243 = VERTEX_POINT ( 'NONE', #2941 ) ;
#2244 = B_SPLINE_CURVE_WITH_KNOTS ( 'NONE', 3,
 ( #1774, #1383, #1000, #5559, #2137, #2351, #2727, #3130, #3543, #4218, #4606, #268, #962, #1342 ),
 .UNSPECIFIED., .F., .F.,
 ( 4, 2, 2, 2, 2, 2, 4 ),
 ( 0.0000000000000000000, 0.06249999999999994400, 0.1249999999999998900, 0.2499999999999998300, 0.3124999999999998300, 0.3749999999999998900, 0.5000000000000000000 ),
 .UNSPECIFIED. ) ;
#2245 = CARTESIAN_POINT ( 'NONE',  ( 0.4508365904088043600, 1.599999999999999900, -1.088055857228772200 ) ) ;
#2246 = ORIENTED_EDGE ( 'NONE', *, *, #4793, .F. ) ;
#2247 = EDGE_LOOP ( 'NONE', ( #99, #2388, #1229, #4217, #3544, #4420 ) ) ;
#2248 = CARTESIAN_POINT ( 'NONE',  ( 0.6790520213273381100, 1.439558585106795400, -0.2999999999372051100 ) ) ;
#2249 = VECTOR ( 'NONE', #1563, 1000.000000000000000 ) ;
#2250 = B_SPLINE_CURVE_WITH_KNOTS ( 'NONE', 3,
 ( #5029, #5739, #511, #2987, #5, #26 ),
 .UNSPECIFIED., .F., .F.,
 ( 4, 2, 4 ),
 ( 0.0000000000000000000, 0.5000000000000000000, 1.000000000000000000 ),
 .UNSPECIFIED. ) ;
#2251 = B_SPLINE_CURVE_WITH_KNOTS ( 'NONE', 3,
 ( #3026, #5932, #3998, #1181, #4495, #1637, #4988, #2103, #5457, #2577, #5949, #3052, #248, #3529, #736, #4024, #1199, #4519, #1661, #5007, #2123, #5479, #2595, #5966, #3073, #272, #3548, #757, #4046, #1219 ),
 .UNSPECIFIED., .F., .F.,
 ( 4, 1, 2, 2, 2, 1, 2, 2, 2, 1, 2, 2, 2, 1, 2, 2, 4 ),
 ( 0.5000000000000000000, 0.5312499999999998900, 0.5468749999999998900, 0.5624999999999998900, 0.6249999999999997800, 0.6562499999999997800, 0.6718749999999997800, 0.6874999999999997800, 0.7499999999999997800, 0.7812499999999997800, 0.7968749999999997800, 0.8124999999999997800, 0.8749999999999998900, 0.9062499999999998900, 0.9218749999999998900, 0.9374999999999998900, 1.000000000000000000 ),
 .UNSPECIFIED. ) ;
#2252 = SURFACE_SIDE_STYLE ('',( #1734 ) ) ;
#2253 = ORIENTED_EDGE ( 'NONE', *, *, #3020, .F. ) ;
#2254 = EDGE_CURVE ( 'NONE', #3426, #4286, #5070, .T. ) ;
#2255 = ORIENTED_EDGE ( 'NONE', *, *, #2491, .F. ) ;
#2256 = FACE_BOUND ( 'NONE', #3274, .T. ) ;
#2257 = DIRECTION ( 'NONE',  ( 0.0000000000000000000, 0.8910065241818149200, 0.4539904997524075200 ) ) ;
#2258 = CARTESIAN_POINT ( 'NONE',  ( -0.2999999999999999900, 1.200000000000000000, -1.367479433118000000 ) ) ;
#2259 = CARTESIAN_POINT ( 'NONE',  ( -1.181772172098420700, 1.100000000000000300, -0.7635853295788022100 ) ) ;
#2260 = ORIENTED_EDGE ( 'NONE', *, *, #2254, .F. ) ;
#2261 = VECTOR ( 'NONE', #3055, 1000.000000000000000 ) ;
#2262 = CARTESIAN_POINT ( 'NONE',  ( 0.6826166610946000600, 1.439519716136999900, 0.3000505916343999500 ) ) ;
#2263 = CARTESIAN_POINT ( 'NONE',  ( 0.2929788301062430400, 0.6500000000000000200, -0.07513584796327328600 ) ) ;
#2264 = CARTESIAN_POINT ( 'NONE',  ( 0.5918697444674498900, 1.416935847595316900, -0.3528625246568332100 ) ) ;
#2265 = CARTESIAN_POINT ( 'NONE',  ( 0.2999999999954481300, 1.439558585071054600, 0.6790520212385332500 ) ) ;
#2266 = ADVANCED_FACE ( 'NONE', ( #2509 ), #4925, .F. ) ;
#2267 = EDGE_LOOP ( 'NONE', ( #5123, #3205, #715, #4463 ) ) ;
#2268 = DIRECTION ( 'NONE',  ( 0.0000000000000000000, -1.000000000000000000, 0.0000000000000000000 ) ) ;
#2269 = CARTESIAN_POINT ( 'NONE',  ( 0.9931846837611985100, 1.100000000000000100, 0.9958035862415175500 ) ) ;
#2270 = AXIS2_PLACEMENT_3D ( 'NONE', #4331, #1491, #4821 ) ;
#2271 = CARTESIAN_POINT ( 'NONE',  ( 0.7838367176906000400, 1.500000000000000000, 1.260000000000000000 ) ) ;
#2272 = EDGE_CURVE ( 'NONE', #110, #5280, #74, .T. ) ;
#2273 = FACE_OUTER_BOUND ( 'NONE', #1794, .T. ) ;
#2274 = ORIENTED_EDGE ( 'NONE', *, *, #4954, .F. ) ;
#2275 = CARTESIAN_POINT ( 'NONE',  ( -0.7600000000000000100, 0.8100000000000001600, 1.216271215040832200E-014 ) ) ;
#2276 = CARTESIAN_POINT ( 'NONE',  ( -0.2999999976874769300, 1.500351965000342100, -0.6489199698205069300 ) ) ;
#2277 = CARTESIAN_POINT ( 'NONE',  ( 0.6500000000000001300, 0.6800000000000000500, 1.680000000000000200 ) ) ;
#2278 = CARTESIAN_POINT ( 'NONE',  ( -0.9544493100766552300, 1.100000000000000300, -1.026630940878837200 ) ) ;
#2279 = FACE_OUTER_BOUND ( 'NONE', #2000, .T. ) ;
#2280 = EDGE_CURVE ( 'NONE', #4825, #4963, #4080, .T. ) ;
#2281 = CARTESIAN_POINT ( 'NONE',  ( -0.3504653047745300800, 1.505997586213375000, 0.5489311689588601800 ) ) ;
#2282 = DIRECTION ( 'NONE',  ( 1.224646799147353200E-016, 0.0000000000000000000, 1.000000000000000000 ) ) ;
#2283 = CARTESIAN_POINT ( 'NONE',  ( 0.7838367176906000400, 1.451527589385394100, 1.269763107293781800 ) ) ;
#2284 = CARTESIAN_POINT ( 'NONE',  ( 0.5744029427046566400, 0.8100000000000000500, -0.5004517608268263000 ) ) ;
#2285 = CARTESIAN_POINT ( 'NONE',  ( -0.3559708607743999900, 1.406963529302000000, 0.5950208382746999800 ) ) ;
#2286 = FACE_OUTER_BOUND ( 'NONE', #3368, .T. ) ;
#2287 =( BOUNDED_SURFACE ( )  B_SPLINE_SURFACE ( 3, 3, ( 
 ( #6031, #2660, #346, #3622, #826, #4123, #1294 ),
 ( #4617, #1752, #5102, #2212, #5571, #2679, #6054 ),
 ( #3170, #371, #3646, #846, #4142, #1320, #4636 ),
 ( #1768, #5125, #2238, #5592, #2702, #6082, #3189 ) ),
 .UNSPECIFIED., .F., .F., .F. ) 
 B_SPLINE_SURFACE_WITH_KNOTS ( ( 4, 4 ),
 ( 4, 1, 1, 1, 4 ),
 ( 0.0000000000000000000, 1.000000000000000000 ),
 ( 0.3658281997305000100, 0.3688191881706000000, 0.3725206840645999800, 0.3765644926148000200, 0.3771900711260999800 ),
 .UNSPECIFIED. ) 
 GEOMETRIC_REPRESENTATION_ITEM ( )  RATIONAL_B_SPLINE_SURFACE ( (
 ( 1.087292533291000000, 1.087292533291000000, 1.087292533291000000, 1.087292533291000000, 1.087292533291000000, 1.087292533291000000, 1.087292533291000000),
 ( 0.9709024889028999800, 0.9709024889028999800, 0.9709024889028999800, 0.9709024889028999800, 0.9709024889028999800, 0.9709024889028999800, 0.9709024889028999800),
 ( 0.9709024889028999800, 0.9709024889028999800, 0.9709024889028999800, 0.9709024889028999800, 0.9709024889028999800, 0.9709024889028999800, 0.9709024889028999800),
 ( 1.087292533291000000, 1.087292533291000000, 1.087292533291000000, 1.087292533291000000, 1.087292533291000000, 1.087292533291000000, 1.087292533291000000) ) ) 
 REPRESENTATION_ITEM ( '' )  SURFACE ( )  );
#2288 = CARTESIAN_POINT ( 'NONE',  ( 0.7753676118624479600, 1.599999999999999900, -0.8900915305612435700 ) ) ;
#2289 = CARTESIAN_POINT ( 'NONE',  ( 1.349864141084584200, 1.100000000000000300, -0.3944424819479017100 ) ) ;
#2290 = CIRCLE ( 'NONE', #2217, 0.02000000000000005200 ) ;
#2291 = DIRECTION ( 'NONE',  ( -1.000000000000000000, 0.0000000000000000000, 0.0000000000000000000 ) ) ;
#2292 = ORIENTED_EDGE ( 'NONE', *, *, #4197, .T. ) ;
#2293 = CARTESIAN_POINT ( 'NONE',  ( 0.0000000000000000000, 1.200000000000000000, 1.110000000000000100 ) ) ;
#2294 = ADVANCED_FACE ( 'NONE', ( #1277 ), #4767, .F. ) ;
#2295 = EDGE_CURVE ( 'NONE', #2089, #3062, #2366, .T. ) ;
#2296 = CARTESIAN_POINT ( 'NONE',  ( 0.5918697444674498900, 1.416935847595316900, -0.3528625246568332100 ) ) ;
#2297 = CARTESIAN_POINT ( 'NONE',  ( -0.7233143873051198800, 0.8100000000000001600, -0.2345328161370255900 ) ) ;
#2298 = LINE ( 'NONE', #1138, #5974 ) ;
#2299 = CARTESIAN_POINT ( 'NONE',  ( -0.2999999997362154900, 1.530703003389287400, -0.6337405831572274800 ) ) ;
#2300 = CARTESIAN_POINT ( 'NONE',  ( 0.7599999999999997900, 0.8000000000000000400, 0.09682150023994555400 ) ) ;
#2301 = VERTEX_POINT ( 'NONE', #2039 ) ;
#2302 = CARTESIAN_POINT ( 'NONE',  ( 0.7843973260861401000, 0.8282563434278217300, -9.606096746511340300E-017 ) ) ;
#2303 = FACE_OUTER_BOUND ( 'NONE', #3485, .T. ) ;
#2304 = CARTESIAN_POINT ( 'NONE',  ( 0.0000000000000000000, 0.0000000000000000000, 1.680000000000000200 ) ) ;
#2305 = CARTESIAN_POINT ( 'NONE',  ( -0.2984380674275000100, 1.452117467528000000, 0.6321612805495000500 ) ) ;
#2306 = AXIS2_PLACEMENT_3D ( 'NONE', #3343, #547, #3837 ) ;
#2307 = ORIENTED_EDGE ( 'NONE', *, *, #1726, .T. ) ;
#2308 = AXIS2_PLACEMENT_3D ( 'NONE', #2768, #930, #4232 ) ;
#2309 = EDGE_CURVE ( 'NONE', #5910, #179, #1166, .T. ) ;
#2310 = VERTEX_POINT ( 'NONE', #4918 ) ;
#2311 = ORIENTED_EDGE ( 'NONE', *, *, #2280, .T. ) ;
#2312 = CARTESIAN_POINT ( 'NONE',  ( 0.3653335466512481800, 1.100000000000000300, -1.353146446807037300 ) ) ;
#2313 = ORIENTED_EDGE ( 'NONE', *, *, #2514, .F. ) ;
#2314 = CARTESIAN_POINT ( 'NONE',  ( -0.5744029427046600800, 0.8000000000000001600, -0.5004517608268176400 ) ) ;
#2315 = ORIENTED_EDGE ( 'NONE', *, *, #4678, .T. ) ;
#2316 = DIRECTION ( 'NONE',  ( -1.000000000000000000, 0.0000000000000000000, 0.0000000000000000000 ) ) ;
#2317 = ORIENTED_EDGE ( 'NONE', *, *, #4981, .T. ) ;
#2318 = CARTESIAN_POINT ( 'NONE',  ( 0.6101004828049000400, 1.416882118286999900, -0.3194997628885000200 ) ) ;
#2319 = PLANE ( 'NONE',  #193 ) ;
#2320 = EDGE_CURVE ( 'NONE', #5606, #3023, #3465, .T. ) ;
#2321 = PLANE ( 'NONE',  #3972 ) ;
#2322 = DIRECTION ( 'NONE',  ( 0.0000000000000000000, 0.0000000000000000000, 1.000000000000000000 ) ) ;
#2323 = ORIENTED_EDGE ( 'NONE', *, *, #3392, .F. ) ;
#2324 = CARTESIAN_POINT ( 'NONE',  ( 0.7600000000000000100, 0.8000000000000000400, 1.241983850652124500E-014 ) ) ;
#2325 = LINE ( 'NONE', #3797, #6156 ) ;
#2326 = B_SPLINE_CURVE_WITH_KNOTS ( 'NONE', 3,
 ( #3006, #5775, #2804, #3313, #3321, #3290, #3300, #3204, #3244, #3158 ),
 .UNSPECIFIED., .F., .F.,
 ( 4, 2, 2, 2, 4 ),
 ( 0.0000000000000000000, 0.2500000000000000000, 0.5000000000000000000, 0.7500000000000000000, 1.000000000000000000 ),
 .UNSPECIFIED. ) ;
#2327 = CARTESIAN_POINT ( 'NONE',  ( -0.7654301831704515300, 1.473118905272783600, 0.3001292295359083700 ) ) ;
#2328 = ORIENTED_EDGE ( 'NONE', *, *, #4087, .T. ) ;
#2329 = CARTESIAN_POINT ( 'NONE',  ( -0.5999999999999999800, 0.02000000000000000000, -1.000000000000000000 ) ) ;
#2330 = CARTESIAN_POINT ( 'NONE',  ( 0.6023134844673065900, 1.700000000000000200, -1.406453177638650000 ) ) ;
#2331 = CARTESIAN_POINT ( 'NONE',  ( -0.7382871643913756500, 0.7999999999999999300, -1.476574328782750900 ) ) ;
#2332 = DIRECTION ( 'NONE',  ( 0.0000000000000000000, 1.000000000000000000, 0.0000000000000000000 ) ) ;
#2333 = ORIENTED_EDGE ( 'NONE', *, *, #2845, .F. ) ;
#2334 = ADVANCED_FACE ( 'NONE', ( #995 ), #667, .F. ) ;
#2335 = FACE_OUTER_BOUND ( 'NONE', #5795, .T. ) ;
#2336 = DIRECTION ( 'NONE',  ( -0.0000000000000000000, -0.0000000000000000000, -1.000000000000000000 ) ) ;
#2337 = ORIENTED_EDGE ( 'NONE', *, *, #4379, .T. ) ;
#2338 = ORIENTED_EDGE ( 'NONE', *, *, #2905, .T. ) ;
#2339 = CARTESIAN_POINT ( 'NONE',  ( 0.6049725677420999500, 0.9000000000000002400, 0.1583814478701611700 ) ) ;
#2340 = LINE ( 'NONE', #613, #4590 ) ;
#2341 = EDGE_CURVE ( 'NONE', #245, #651, #5980, .T. ) ;
#2342 = DIRECTION ( 'NONE',  ( 0.0000000000000000000, 0.0000000000000000000, 1.000000000000000000 ) ) ;
#2343 = CARTESIAN_POINT ( 'NONE',  ( 0.6826166803362999600, 1.439519673945000000, -0.3000505928726999700 ) ) ;
#2344 = EDGE_LOOP ( 'NONE', ( #4880, #1147, #5002, #3374, #2665, #2888, #1318, #5216, #4944, #812, #2900, #2827, #293, #4731, #2076, #5971 ) ) ;
#2345 = CARTESIAN_POINT ( 'NONE',  ( -0.5800841762541352200, 1.441520929942528700, 0.3522280807246593300 ) ) ;
#2346 = CARTESIAN_POINT ( 'NONE',  ( 0.0000000000000000000, 0.8100000000000000500, 0.0000000000000000000 ) ) ;
#2347 = CARTESIAN_POINT ( 'NONE',  ( 2.449293598294706500E-017, 0.1000000000000000100, -0.2000000000000000100 ) ) ;
#2348 = CARTESIAN_POINT ( 'NONE',  ( -1.424074179846277000, 1.200000000000000200, -0.04657402771649187700 ) ) ;
#2349 = DIRECTION ( 'NONE',  ( 0.0000000000000000000, -1.000000000000000000, 0.0000000000000000000 ) ) ;
#2350 = CARTESIAN_POINT ( 'NONE',  ( 0.8432163593779539200, 1.200000000000000000, 1.117651016817786900 ) ) ;
#2351 = CARTESIAN_POINT ( 'NONE',  ( -0.2638847934222025600, 0.6499999999999999100, -0.1486401844462419100 ) ) ;
#2352 = CONICAL_SURFACE ( 'NONE', #2573, 1.177620359584352600, 0.4712388980555896600 ) ;
#2353 = VERTEX_POINT ( 'NONE', #3479 ) ;
#2354 = DIRECTION ( 'NONE',  ( 1.000000000000000000, -2.106532092714844800E-016, 0.0000000000000000000 ) ) ;
#2355 = PLANE ( 'NONE',  #2578 ) ;
#2356 = EDGE_CURVE ( 'NONE', #2424, #1883, #5897, .T. ) ;
#2357 = CARTESIAN_POINT ( 'NONE',  ( 0.2303616580024425400, 1.092665025992015900, -1.973810179798000100 ) ) ;
#2358 = CARTESIAN_POINT ( 'NONE',  ( 1.450000000000000000, 0.0000000000000000000, 1.200000000000000000 ) ) ;
#2359 = ADVANCED_FACE ( 'NONE', ( #4620 ), #2069, .F. ) ;
#2360 = LINE ( 'NONE', #4280, #1118 ) ;
#2361 = DIRECTION ( 'NONE',  ( 0.0000000000000000000, -1.000000000000000000, 0.0000000000000000000 ) ) ;
#2362 = DIRECTION ( 'NONE',  ( 0.0000000000000000000, 0.0000000000000000000, -1.000000000000000000 ) ) ;
#2363 = CARTESIAN_POINT ( 'NONE',  ( -0.5500000000000000400, 0.0000000000000000000, 1.550000000000000300 ) ) ;
#2364 = DIRECTION ( 'NONE',  ( 1.000000000000000000, 0.0000000000000000000, -0.0000000000000000000 ) ) ;
#2365 = CARTESIAN_POINT ( 'NONE',  ( -0.6790520212323885000, 1.439558585075217900, 0.2999999999970413000 ) ) ;
#2366 = LINE ( 'NONE', #5889, #1123 ) ;
#2367 = B_SPLINE_CURVE_WITH_KNOTS ( 'NONE', 3,
 ( #5271, #4311, #1926, #5290, #2405, #5767, #2866, #68, #3356, #555 ),
 .UNSPECIFIED., .F., .F.,
 ( 4, 2, 2, 2, 4 ),
 ( 0.0000000000000000000, 0.2500000000000000600, 0.5000000000000000000, 0.7499999999999998900, 1.000000000000000000 ),
 .UNSPECIFIED. ) ;
#2368 = DIRECTION ( 'NONE',  ( 0.0000000000000000000, 0.0000000000000000000, 1.000000000000000000 ) ) ;
#2369 = CARTESIAN_POINT ( 'NONE',  ( 0.5999999999999999800, 0.1499999999999999900, -1.500000000000000200 ) ) ;
#2370 = CARTESIAN_POINT ( 'NONE',  ( -0.1583814478701611500, 0.9000000000000002400, 0.6049725677420999500 ) ) ;
#2371 = VERTEX_POINT ( 'NONE', #2552 ) ;
#2372 = ORIENTED_EDGE ( 'NONE', *, *, #5831, .F. ) ;
#2373 = CARTESIAN_POINT ( 'NONE',  ( 1.108287448605043100, 1.599999999999999600, -0.3985431152518530400 ) ) ;
#2374 = VECTOR ( 'NONE', #5984, 1000.000000000000100 ) ;
#2375 = EDGE_CURVE ( 'NONE', #3293, #525, #6036, .T. ) ;
#2376 = ORIENTED_EDGE ( 'NONE', *, *, #2617, .T. ) ;
#2377 = CARTESIAN_POINT ( 'NONE',  ( -0.2554356310463060100, 0.8100000000000000500, 0.7162466278654627800 ) ) ;
#2378 = DIRECTION ( 'NONE',  ( -0.9638341997458144100, -0.2665025992375040200, 0.0000000000000000000 ) ) ;
#2379 = LINE ( 'NONE', #4094, #2220 ) ;
#2380 = EDGE_LOOP ( 'NONE', ( #3880, #1565, #6161, #4346 ) ) ;
#2381 = CARTESIAN_POINT ( 'NONE',  ( 1.060425605447581300E-016, 0.8764413300365039300, -0.8089488030467922900 ) ) ;
#2382 = CARTESIAN_POINT ( 'NONE',  ( 1.146970053751685800, 1.599999999996271300, 0.3082396377072010300 ) ) ;
#2383 = EDGE_LOOP ( 'NONE', ( #4478, #3407, #4362, #3642, #3877, #6080, #5962, #1017, #1743, #1372 ) ) ;
#2384 = AXIS2_PLACEMENT_3D ( 'NONE', #1197, #1056, #1179 ) ;
#2385 = CARTESIAN_POINT ( 'NONE',  ( 0.7600000000000000100, 0.8000000000000000400, 1.241983850652124500E-014 ) ) ;
#2386 = CARTESIAN_POINT ( 'NONE',  ( 0.2416035638255968600, 1.100000000008094700, -0.9228576348350868700 ) ) ;
#2387 = LINE ( 'NONE', #4558, #2225 ) ;
#2388 = ORIENTED_EDGE ( 'NONE', *, *, #4480, .T. ) ;
#2389 = VERTEX_POINT ( 'NONE', #4978 ) ;
#2390 = CARTESIAN_POINT ( 'NONE',  ( -1.058300524439611500, 1.700000000010851300, -0.3000000000026191200 ) ) ;
#2391 = CARTESIAN_POINT ( 'NONE',  ( 0.0000000000000000000, 0.1385840734641000100, -1.721460183660000100 ) ) ;
#2392 = DIRECTION ( 'NONE',  ( 1.000000000000000000, 0.0000000000000000000, 0.0000000000000000000 ) ) ;
#2393 = VERTEX_POINT ( 'NONE', #2096 ) ;
#2394 = AXIS2_PLACEMENT_3D ( 'NONE', #4754, #5720, #2820 ) ;
#2395 = ADVANCED_FACE ( 'NONE', ( #839 ), #1922, .F. ) ;
#2396 = AXIS2_PLACEMENT_3D ( 'NONE', #1088, #2946, #2005 ) ;
#2397 = ORIENTED_EDGE ( 'NONE', *, *, #5637, .T. ) ;
#2398 = ORIENTED_EDGE ( 'NONE', *, *, #4878, .F. ) ;
#2399 = EDGE_CURVE ( 'NONE', #2353, #1180, #2059, .T. ) ;
#2400 = ORIENTED_EDGE ( 'NONE', *, *, #756, .F. ) ;
#2401 = DIRECTION ( 'NONE',  ( 0.0000000000000000000, 0.0000000000000000000, -1.000000000000000000 ) ) ;
#2402 = DIRECTION ( 'NONE',  ( 1.000000000000000000, 0.0000000000000000000, 0.0000000000000000000 ) ) ;
#2403 = VERTEX_POINT ( 'NONE', #2568 ) ;
#2404 = VERTEX_POINT ( 'NONE', #1650 ) ;
#2405 = CARTESIAN_POINT ( 'NONE',  ( 1.308636319997470200, 1.200000000000000200, -0.5635844140375618800 ) ) ;
#2406 = FACE_OUTER_BOUND ( 'NONE', #2500, .T. ) ;
#2407 =( BOUNDED_SURFACE ( )  B_SPLINE_SURFACE ( 3, 3, ( 
 ( #4454, #4759, #4152, #4221, #4133, #4085 ),
 ( #4067, #4045, #4022, #3680, #3725, #3851 ),
 ( #3785, #3808, #3923, #3796, #5878, #3938 ),
 ( #5856, #3632, #4865, #5930, #3659, #3612 ) ),
 .UNSPECIFIED., .F., .F., .F. ) 
 B_SPLINE_SURFACE_WITH_KNOTS ( ( 4, 4 ),
 ( 4, 1, 1, 4 ),
 ( 0.0000000000000000000, 1.000000000000000000 ),
 ( 0.3658283129962000000, 0.3694693342575000000, 0.3732796519693999900, 0.3771901889368000100 ),
 .UNSPECIFIED. ) 
 GEOMETRIC_REPRESENTATION_ITEM ( )  RATIONAL_B_SPLINE_SURFACE ( (
 ( 1.087292534243000000, 1.087292534243000000, 1.087292534243000000, 1.087292534243000000, 1.087292534243000000, 1.087292534243000000),
 ( 0.9709024885857000500, 0.9709024885857000500, 0.9709024885857000500, 0.9709024885857000500, 0.9709024885857000500, 0.9709024885857000500),
 ( 0.9709024885857000500, 0.9709024885857000500, 0.9709024885857000500, 0.9709024885857000500, 0.9709024885857000500, 0.9709024885857000500),
 ( 1.087292534243000000, 1.087292534243000000, 1.087292534243000000, 1.087292534243000000, 1.087292534243000000, 1.087292534243000000) ) ) 
 REPRESENTATION_ITEM ( '' )  SURFACE ( )  );
#2408 = DIRECTION ( 'NONE',  ( 1.000000000000000000, -0.0000000000000000000, 0.0000000000000000000 ) ) ;
#2409 = CARTESIAN_POINT ( 'NONE',  ( 0.1902428302385851500, 0.7999999999999999300, -0.7421453352981254300 ) ) ;
#2410 = EDGE_CURVE ( 'NONE', #3728, #4113, #692, .T. ) ;
#2411 = CARTESIAN_POINT ( 'NONE',  ( 2.298623804199090400E-018, 1.100000000004047300, -0.9228576348416935900 ) ) ;
#2412 = CARTESIAN_POINT ( 'NONE',  ( 0.1927668399491828700, 0.9566994801525047200, -1.367479433118000000 ) ) ;
#2413 = VERTEX_POINT ( 'NONE', #3042 ) ;
#2414 = ORIENTED_EDGE ( 'NONE', *, *, #102, .F. ) ;
#2415 = FACE_OUTER_BOUND ( 'NONE', #5343, .T. ) ;
#2416 = DIRECTION ( 'NONE',  ( 0.0000000000000000000, 1.000000000000000000, 0.0000000000000000000 ) ) ;
#2417 = CARTESIAN_POINT ( 'NONE',  ( -0.1583814478701611700, 1.149999999999999900, 0.6049725677420999500 ) ) ;
#2418 = CARTESIAN_POINT ( 'NONE',  ( 0.6049725677420999500, 1.149999999999999900, -5.186144030601225300E-017 ) ) ;
#2419 = VERTEX_POINT ( 'NONE', #5959 ) ;
#2420 = VECTOR ( 'NONE', #677, 1000.000000000000000 ) ;
#2421 = CARTESIAN_POINT ( 'NONE',  ( -0.3157876092791425100, 0.9000000000000002400, -0.5397728008854113500 ) ) ;
#2422 = CARTESIAN_POINT ( 'NONE',  ( 0.0000000000000000000, 1.200000000000000000, 0.0000000000000000000 ) ) ;
#2423 = EDGE_CURVE ( 'NONE', #4886, #2593, #4459, .T. ) ;
#2424 = VERTEX_POINT ( 'NONE', #3063 ) ;
#2425 = EDGE_CURVE ( 'NONE', #4110, #4900, #16, .T. ) ;
#2426 = CARTESIAN_POINT ( 'NONE',  ( 0.5999999999999999800, 0.05000000000000000300, -1.836970198721029400E-017 ) ) ;
#2427 = ADVANCED_FACE ( 'NONE', ( #4320 ), #2874, .T. ) ;
#2428 = CARTESIAN_POINT ( 'NONE',  ( 0.3173132050183999400, 1.518279689824999700, -0.5623619755301000300 ) ) ;
#2429 = CARTESIAN_POINT ( 'NONE',  ( -0.4310219880244595700, 1.099999999999999600, -1.338735603078986100 ) ) ;
#2430 = FACE_OUTER_BOUND ( 'NONE', #5345, .T. ) ;
#2431 = AXIS2_PLACEMENT_3D ( 'NONE', #3932, #1574, #645 ) ;
#2432 = CARTESIAN_POINT ( 'NONE',  ( 1.500000000000000000, 0.0000000000000000000, 1.200000000000000000 ) ) ;
#2433 = CARTESIAN_POINT ( 'NONE',  ( -5.880735623267340600E-017, 1.100000000004047300, 0.9228576348416935900 ) ) ;
#2434 = CARTESIAN_POINT ( 'NONE',  ( -0.5515452806153999800, 1.497088274046000100, 0.3535275795038000400 ) ) ;
#2435 = CIRCLE ( 'NONE', #1137, 1.029371616255048100 ) ;
#2436 = B_SPLINE_CURVE_WITH_KNOTS ( 'NONE', 3,
 ( #3387, #3510, #6159, #3594 ),
 .UNSPECIFIED., .F., .F.,
 ( 4, 4 ),
 ( 0.5000000000000000000, 1.000000000000000000 ),
 .UNSPECIFIED. ) ;
#2437 = CARTESIAN_POINT ( 'NONE',  ( -1.000000000000000000, 1.700000000000000000, 1.118033988749999900 ) ) ;
#2438 = CARTESIAN_POINT ( 'NONE',  ( -0.6337405836785827700, 1.530703003552336600, 0.2999999994448311300 ) ) ;
#2439 = FACE_OUTER_BOUND ( 'NONE', #106, .T. ) ;
#2440 = EDGE_CURVE ( 'NONE', #1136, #2466, #5435, .T. ) ;
#2441 = CARTESIAN_POINT ( 'NONE',  ( 1.224646799147353300E-017, 0.1499999999999999900, -0.2000000000000000100 ) ) ;
#2442 = CARTESIAN_POINT ( 'NONE',  ( 0.2987600962359000000, 1.421601756978000000, -0.6462358965795999000 ) ) ;
#2443 = DIRECTION ( 'NONE',  ( -1.000000000000000000, 0.0000000000000000000, -0.0000000000000000000 ) ) ;
#2444 = CYLINDRICAL_SURFACE ( 'NONE', #2537, 0.04999999999999991300 ) ;
#2445 =( BOUNDED_SURFACE ( )  B_SPLINE_SURFACE ( 3, 3, ( 
 ( #3830, #4075, #4657, #4803 ),
 ( #4596, #4758, #4614, #4742 ),
 ( #4828, #4633, #5056, #5612 ),
 ( #5772, #5753, #6029, #6018 ),
 ( #473, #496, #523, #1039 ) ),
 .UNSPECIFIED., .F., .F., .F. ) 
 B_SPLINE_SURFACE_WITH_KNOTS ( ( 4, 1, 4 ),
 ( 4, 4 ),
 ( 0.0000000000000000000, 0.7634525149645999800, 0.9901138647369000000 ),
 ( 0.0000000000000000000, 1.000000000000000000 ),
 .UNSPECIFIED. ) 
 GEOMETRIC_REPRESENTATION_ITEM ( )  RATIONAL_B_SPLINE_SURFACE ( (
 ( 1.000000000000000000, 0.3333333333333334300, 0.3333333333333334300, 1.000000000000000000),
 ( 1.000000000000000000, 0.3333333333333334300, 0.3333333333333334300, 1.000000000000000000),
 ( 1.000000000000000000, 0.3333333333333334300, 0.3333333333333334300, 1.000000000000000000),
 ( 1.000000000000000000, 0.3333333333333334300, 0.3333333333333334300, 1.000000000000000000),
 ( 1.000000000000000000, 0.3333333333333334300, 0.3333333333333334300, 1.000000000000000000) ) ) 
 REPRESENTATION_ITEM ( '' )  SURFACE ( )  );
#2446 = ORIENTED_EDGE ( 'NONE', *, *, #6016, .T. ) ;
#2447 = ORIENTED_EDGE ( 'NONE', *, *, #1550, .F. ) ;
#2448 = CARTESIAN_POINT ( 'NONE',  ( 0.0000000000000000000, 1.200000000000000000, 0.0000000000000000000 ) ) ;
#2449 = CONICAL_SURFACE ( 'NONE', #2133, 0.9228576347481976000, 0.4712388979908163600 ) ;
#2450 = CARTESIAN_POINT ( 'NONE',  ( -0.5940037831504000300, 1.534231299723999700, 0.2975490777258000300 ) ) ;
#2451 = CARTESIAN_POINT ( 'NONE',  ( 0.3528625241503814400, 1.416935847919956700, -0.5918697456162590500 ) ) ;
#2452 = EDGE_LOOP ( 'NONE', ( #5880, #345, #5163, #2797 ) ) ;
#2453 = VECTOR ( 'NONE', #2948, 1000.000000000000000 ) ;
#2454 = EDGE_CURVE ( 'NONE', #2764, #5475, #1773, .T. ) ;
#2455 = DIRECTION ( 'NONE',  ( 0.0000000000000000000, 0.0000000000000000000, 1.000000000000000000 ) ) ;
#2456 = VERTEX_POINT ( 'NONE', #3561 ) ;
#2457 = CARTESIAN_POINT ( 'NONE',  ( -0.7838367176906000400, 1.600000000000000100, 0.0000000000000000000 ) ) ;
#2458 = DIRECTION ( 'NONE',  ( 0.0000000000000000000, 0.0000000000000000000, -1.000000000000000000 ) ) ;
#2459 = EDGE_LOOP ( 'NONE', ( #3010, #5552, #2989, #1154 ) ) ;
#2460 = VERTEX_POINT ( 'NONE', #4059 ) ;
#2461 = EDGE_LOOP ( 'NONE', ( #5783, #2060, #516, #4872 ) ) ;
#2462 = AXIS2_PLACEMENT_3D ( 'NONE', #1109, #1956, #1433 ) ;
#2463 = CARTESIAN_POINT ( 'NONE',  ( 0.0000000000000000000, 0.1499999999999999900, 0.0000000000000000000 ) ) ;
#2464 = DIRECTION ( 'NONE',  ( 1.000000000000000000, 0.0000000000000000000, 0.0000000000000000000 ) ) ;
#2465 = ORIENTED_EDGE ( 'NONE', *, *, #4774, .T. ) ;
#2466 = VERTEX_POINT ( 'NONE', #766 ) ;
#2467 = CARTESIAN_POINT ( 'NONE',  ( -0.1023689270621825900, 0.1499999999999999900, 0.1812184457248170700 ) ) ;
#2468 = CARTESIAN_POINT ( 'NONE',  ( 0.2779113193416793400, 1.157583416801716300, 6.806864153572109400E-017 ) ) ;
#2469 = ORIENTED_EDGE ( 'NONE', *, *, #3583, .F. ) ;
#2470 = CARTESIAN_POINT ( 'NONE',  ( 0.2999999999988575700, 1.439558585074948400, -0.6790520212250901200 ) ) ;
#2471 = PRODUCT_RELATED_PRODUCT_CATEGORY ( 'part', '', ( #1032 ) ) ;
#2472 = VECTOR ( 'NONE', #3775, 1000.000000000000000 ) ;
#2473 = EDGE_CURVE ( 'NONE', #3973, #2424, #4874, .T. ) ;
#2474 = ORIENTED_EDGE ( 'NONE', *, *, #2959, .F. ) ;
#2475 = CARTESIAN_POINT ( 'NONE',  ( 0.9738101798165893500, 1.200000000023901300, 8.628516427621277400E-017 ) ) ;
#2476 = VERTEX_POINT ( 'NONE', #2629 ) ;
#2477 = CARTESIAN_POINT ( 'NONE',  ( 1.249999999999999800, 0.8000000000000000400, 1.399999999999999900 ) ) ;
#2478 = CARTESIAN_POINT ( 'NONE',  ( 0.09945437760731600000, 0.1500000000000000200, 0.1759200297363000000 ) ) ;
#2479 = VECTOR ( 'NONE', #4991, 1000.000000000000000 ) ;
#2480 = ORIENTED_EDGE ( 'NONE', *, *, #161, .F. ) ;
#2481 = ORIENTED_EDGE ( 'NONE', *, *, #4933, .T. ) ;
#2482 = CARTESIAN_POINT ( 'NONE',  ( -0.2303616580024425400, 1.092665025992015900, -1.973810179798000100 ) ) ;
#2483 = EDGE_CURVE ( 'NONE', #6125, #5799, #3740, .T. ) ;
#2484 = LINE ( 'NONE', #5851, #663 ) ;
#2485 = CARTESIAN_POINT ( 'NONE',  ( 0.4817193733217525800, 1.100000000008094500, -0.8233984100015849800 ) ) ;
#2486 = CARTESIAN_POINT ( 'NONE',  ( -0.1804737854124364700, 0.1499999999999999900, 0.1016242667498020000 ) ) ;
#2487 = ORIENTED_EDGE ( 'NONE', *, *, #2194, .F. ) ;
#2488 = CARTESIAN_POINT ( 'NONE',  ( 1.349999999999999900, 0.8100000000000000500, 1.100000000000000100 ) ) ;
#2489 = DIRECTION ( 'NONE',  ( -0.0000000000000000000, 0.0000000000000000000, -1.000000000000000000 ) ) ;
#2490 = CARTESIAN_POINT ( 'NONE',  ( 0.7838367176906000400, 1.500000000000000000, 1.460000000000000000 ) ) ;
#2491 = EDGE_CURVE ( 'NONE', #4716, #5921, #4156, .T. ) ;
#2492 = CARTESIAN_POINT ( 'NONE',  ( 0.5999999999999999800, 0.0000000000000000000, -3.673940397442058900E-017 ) ) ;
#2493 = ORIENTED_EDGE ( 'NONE', *, *, #862, .F. ) ;
#2494 = CARTESIAN_POINT ( 'NONE',  ( -0.3000000000000184200, 1.150000000000053600, -0.6000000000000368400 ) ) ;
#2495 = CARTESIAN_POINT ( 'NONE',  ( 0.7838367176906000400, 1.200000000000000000, 1.260000000000000000 ) ) ;
#2496 = AXIS2_PLACEMENT_3D ( 'NONE', #1193, #831, #815 ) ;
#2497 = DIRECTION ( 'NONE',  ( -1.000000000000000000, 0.0000000000000000000, -0.0000000000000000000 ) ) ;
#2498 = CARTESIAN_POINT ( 'NONE',  ( 0.1339782380279655200, 1.119315285916009600, -1.367479433118000000 ) ) ;
#2499 = FACE_OUTER_BOUND ( 'NONE', #5381, .T. ) ;
#2500 = EDGE_LOOP ( 'NONE', ( #4788, #1207, #5798, #5097, #405, #4958, #160, #6061, #4434, #5326, #509, #3912, #949 ) ) ;
#2501 = CARTESIAN_POINT ( 'NONE',  ( 0.5751513676489894400, 1.512413740302113200, 0.3184293577752676500 ) ) ;
#2502 = CARTESIAN_POINT ( 'NONE',  ( -0.2000000000000000100, 0.1500000000000000200, 0.05448381467069882100 ) ) ;
#2503 = FACE_OUTER_BOUND ( 'NONE', #4481, .T. ) ;
#2504 = DIRECTION ( 'NONE',  ( 0.0000000000000000000, -1.000000000000000000, 0.0000000000000000000 ) ) ;
#2505 = CARTESIAN_POINT ( 'NONE',  ( 0.1809373172331863500, 0.9139167883777285000, -1.367479433118000200 ) ) ;
#2506 = EDGE_CURVE ( 'NONE', #1172, #5921, #3996, .T. ) ;
#2507 = PLANE ( 'NONE',  #3454 ) ;
#2508 = B_SPLINE_CURVE_WITH_KNOTS ( 'NONE', 3,
 ( #5026, #4192, #3106, #40, #935, #1327 ),
 .UNSPECIFIED., .F., .F.,
 ( 4, 2, 4 ),
 ( 0.5000000000000000000, 0.7500000000000000000, 1.000000000000000000 ),
 .UNSPECIFIED. ) ;
#2509 = FACE_OUTER_BOUND ( 'NONE', #3443, .T. ) ;
#2510 = DIRECTION ( 'NONE',  ( 1.000000000000000000, 0.0000000000000000000, 0.0000000000000000000 ) ) ;
#2511 = ORIENTED_EDGE ( 'NONE', *, *, #2017, .T. ) ;
#2512 = CARTESIAN_POINT ( 'NONE',  ( 0.3000000000024156700, 1.561383992050066100, 0.9846856982542751000 ) ) ;
#2513 = DIRECTION ( 'NONE',  ( -0.0000000000000000000, -0.0000000000000000000, -1.000000000000000000 ) ) ;
#2514 = EDGE_CURVE ( 'NONE', #3742, #5614, #2622, .T. ) ;
#2515 = CYLINDRICAL_SURFACE ( 'NONE', #1713, 0.1200000000000000900 ) ;
#2516 = CARTESIAN_POINT ( 'NONE',  ( 1.000000000000000000, 1.700000000000000000, 1.560000000000000300 ) ) ;
#2517 = ORIENTED_EDGE ( 'NONE', *, *, #2785, .F. ) ;
#2518 = CARTESIAN_POINT ( 'NONE',  ( 0.0000000000000000000, 0.8000000000000000400, 1.700000000000000000 ) ) ;
#2519 = CARTESIAN_POINT ( 'NONE',  ( -0.1565959976289847100, 0.1499999999999999900, 0.2676680710829438800 ) ) ;
#2520 = FACE_OUTER_BOUND ( 'NONE', #343, .T. ) ;
#2521 = EDGE_LOOP ( 'NONE', ( #1864, #3898, #5954, #400 ) ) ;
#2522 = CARTESIAN_POINT ( 'NONE',  ( -0.2000000000000000100, 0.1499999999999999900, -2.204364238465236100E-017 ) ) ;
#2523 = ORIENTED_EDGE ( 'NONE', *, *, #2959, .T. ) ;
#2524 = FACE_OUTER_BOUND ( 'NONE', #524, .T. ) ;
#2525 = DIRECTION ( 'NONE',  ( -0.0000000000000000000, -1.000000000000000000, -0.0000000000000000000 ) ) ;
#2526 = VERTEX_POINT ( 'NONE', #3151 ) ;
#2527 = ORIENTED_EDGE ( 'NONE', *, *, #3701, .T. ) ;
#2528 = EDGE_CURVE ( 'NONE', #6152, #260, #2714, .T. ) ;
#2529 = EDGE_CURVE ( 'NONE', #4151, #3486, #5148, .T. ) ;
#2530 = EDGE_LOOP ( 'NONE', ( #5535, #2234, #1401, #4103, #5061, #518, #3480 ) ) ;
#2531 = CARTESIAN_POINT ( 'NONE',  ( -0.6436127856381017600, 1.425798550476020400, 0.2999999999725706000 ) ) ;
#2532 = CARTESIAN_POINT ( 'NONE',  ( -0.3503804726440175600, 1.508986332922442700, -0.5474792462366107100 ) ) ;
#2533 = VERTEX_POINT ( 'NONE', #5999 ) ;
#2534 = VERTEX_POINT ( 'NONE', #1297 ) ;
#2535 = CARTESIAN_POINT ( 'NONE',  ( 0.1911338510082020200, 1.200000000000000000, -0.9738101797978001600 ) ) ;
#2536 = ORIENTED_EDGE ( 'NONE', *, *, #1441, .F. ) ;
#2537 = AXIS2_PLACEMENT_3D ( 'NONE', #1014, #4205, #5548 ) ;
#2538 = CARTESIAN_POINT ( 'NONE',  ( 0.6511808032882122600, 0.8000000000000000400, 0.2111358800257313300 ) ) ;
#2539 = AXIS2_PLACEMENT_3D ( 'NONE', #5911, #3011, #212 ) ;
#2540 = ORIENTED_EDGE ( 'NONE', *, *, #5657, .F. ) ;
#2541 = ORIENTED_EDGE ( 'NONE', *, *, #2112, .T. ) ;
#2542 = PLANE ( 'NONE',  #4061 ) ;
#2543 = DIRECTION ( 'NONE',  ( 1.000000000000000000, 0.0000000000000000000, 0.0000000000000000000 ) ) ;
#2544 = ADVANCED_FACE ( 'NONE', ( #1350 ), #1551, .T. ) ;
#2545 = CARTESIAN_POINT ( 'NONE',  ( -0.8296380719661350400, 0.8099999999999999400, -1.199550237237543500 ) ) ;
#2546 = CARTESIAN_POINT ( 'NONE',  ( 0.7838367176906000400, 1.550000000000000300, 1.159999999999999900 ) ) ;
#2547 = ORIENTED_EDGE ( 'NONE', *, *, #2617, .F. ) ;
#2548 = ORIENTED_EDGE ( 'NONE', *, *, #5224, .F. ) ;
#2549 = VECTOR ( 'NONE', #244, 1000.000000000000000 ) ;
#2550 = B_SPLINE_CURVE_WITH_KNOTS ( 'NONE', 3,
 ( #5405, #3941, #3962, #1141, #4456, #1607 ),
 .UNSPECIFIED., .F., .F.,
 ( 4, 2, 4 ),
 ( 0.5000000000000000000, 0.7500000000000000000, 1.000000000000000000 ),
 .UNSPECIFIED. ) ;
#2551 = EDGE_CURVE ( 'NONE', #4261, #5855, #2576, .T. ) ;
#2552 = CARTESIAN_POINT ( 'NONE',  ( -1.500000000000000200, 0.8000000000000000400, -1.100000000000000100 ) ) ;
#2553 = DIRECTION ( 'NONE',  ( -0.0000000000000000000, -1.000000000000000000, -0.0000000000000000000 ) ) ;
#2554 = ORIENTED_EDGE ( 'NONE', *, *, #6100, .T. ) ;
#2555 = LINE ( 'NONE', #2061, #72 ) ;
#2556 = CARTESIAN_POINT ( 'NONE',  ( -0.1697623207103229300, 0.7999999999999999300, 0.6632368455016913700 ) ) ;
#2557 = CARTESIAN_POINT ( 'NONE',  ( 0.2500000000000000000, 0.1385840734641000100, -1.771460183660000100 ) ) ;
#2558 = ORIENTED_EDGE ( 'NONE', *, *, #3474, .F. ) ;
#2559 = DIRECTION ( 'NONE',  ( 0.0000000000000000000, -1.000000000000000000, 0.0000000000000000000 ) ) ;
#2560 = CARTESIAN_POINT ( 'NONE',  ( 0.2999999999999999900, 1.200000000000000000, -0.9738101797978001600 ) ) ;
#2561 = CARTESIAN_POINT ( 'NONE',  ( 1.000000000000000000, 1.600000000000000100, 1.560000000000000300 ) ) ;
#2562 = CARTESIAN_POINT ( 'NONE',  ( -0.5991209936664999600, 1.398397105450000000, -0.3561897338630999900 ) ) ;
#2563 = CARTESIAN_POINT ( 'NONE',  ( 5.410954283830000700, 1.200000000000000000, 1.260000000000000000 ) ) ;
#2564 = EDGE_CURVE ( 'NONE', #6065, #1533, #3699, .T. ) ;
#2565 = LINE ( 'NONE', #5359, #83 ) ;
#2567 = CARTESIAN_POINT ( 'NONE',  ( -0.7838367176906021500, 1.250000000000000000, 1.160000000000003000 ) ) ;
#2566 = CARTESIAN_POINT ( 'NONE',  ( 5.410954283830000700, 1.600000000000000100, 1.460000000000000000 ) ) ;
#2568 = CARTESIAN_POINT ( 'NONE',  ( -0.5474792456038758400, 1.508986332747936700, 0.3503804728673962100 ) ) ;
#2569 = DIRECTION ( 'NONE',  ( 0.0000000000000000000, 0.0000000000000000000, -1.000000000000000000 ) ) ;
#2570 = FACE_OUTER_BOUND ( 'NONE', #5258, .T. ) ;
#2571 = AXIS2_PLACEMENT_3D ( 'NONE', #1685, #1725, #1747 ) ;
#2572 = ADVANCED_FACE ( 'NONE', ( #2439 ), #3692, .T. ) ;
#2573 = AXIS2_PLACEMENT_3D ( 'NONE', #3522, #5960, #1191 ) ;
#2574 = CARTESIAN_POINT ( 'NONE',  ( -0.5999999999999999800, 0.02000000000000000700, -1.029999999999999800 ) ) ;
#2575 = CARTESIAN_POINT ( 'NONE',  ( -1.000000000000000000, 1.700000000000000000, 1.118033988749999900 ) ) ;
#2576 = LINE ( 'NONE', #4618, #94 ) ;
#2577 = CARTESIAN_POINT ( 'NONE',  ( 1.004328493418779700, 1.600000000000000100, -1.118978817380877700 ) ) ;
#2578 = AXIS2_PLACEMENT_3D ( 'NONE', #5700, #5723, #2821 ) ;
#2579 = B_SPLINE_CURVE_WITH_KNOTS ( 'NONE', 3,
 ( #12, #2810, #3787, #978 ),
 .UNSPECIFIED., .F., .F.,
 ( 4, 4 ),
 ( 0.0000000000000000000, 1.000000000000000000 ),
 .UNSPECIFIED. ) ;
#2580 = LINE ( 'NONE', #1954, #2880 ) ;
#2581 = CARTESIAN_POINT ( 'NONE',  ( -0.6049725677420999500, 1.149999999999999900, 6.667899467915861100E-017 ) ) ;
#2582 = EDGE_CURVE ( 'NONE', #4668, #5353, #4847, .T. ) ;
#2583 = CARTESIAN_POINT ( 'NONE',  ( -0.6407484043382000200, 1.433511026254000300, -0.2986349269602001100 ) ) ;
#2584 = ORIENTED_EDGE ( 'NONE', *, *, #1690, .F. ) ;
#2585 = VECTOR ( 'NONE', #5456, 1000.000000000000000 ) ;
#2586 = CARTESIAN_POINT ( 'NONE',  ( -0.5999999999999999800, 0.0000000000000000000, 1.550000000000000300 ) ) ;
#2587 = CARTESIAN_POINT ( 'NONE',  ( -0.5999999999999999800, 0.0000000000000000000, 0.0000000000000000000 ) ) ;
#2588 = ORIENTED_EDGE ( 'NONE', *, *, #2440, .T. ) ;
#2589 = EDGE_CURVE ( 'NONE', #6071, #810, #464, .T. ) ;
#2590 = PLANE ( 'NONE',  #4097 ) ;
#2591 = CYLINDRICAL_SURFACE ( 'NONE', #4961, 1.500000000000000000 ) ;
#2592 = ORIENTED_EDGE ( 'NONE', *, *, #2977, .F. ) ;
#2593 = VERTEX_POINT ( 'NONE', #5663 ) ;
#2594 = DIRECTION ( 'NONE',  ( -1.000000000000000000, 0.0000000000000000000, 0.0000000000000000000 ) ) ;
#2595 = CARTESIAN_POINT ( 'NONE',  ( 1.439414460081176500, 1.600000000000000300, 0.4291689116069488700 ) ) ;
#2596 = ORIENTED_EDGE ( 'NONE', *, *, #3708, .F. ) ;
#2597 = ORIENTED_EDGE ( 'NONE', *, *, #918, .T. ) ;
#2598 = VERTEX_POINT ( 'NONE', #431 ) ;
#2599 = ADVANCED_FACE ( 'NONE', ( #3537 ), #3714, .F. ) ;
#2600 = ORIENTED_EDGE ( 'NONE', *, *, #4901, .T. ) ;
#2601 = ORIENTED_EDGE ( 'NONE', *, *, #1820, .T. ) ;
#2602 = EDGE_CURVE ( 'NONE', #1427, #1514, #6114, .T. ) ;
#2603 = ORIENTED_EDGE ( 'NONE', *, *, #4197, .F. ) ;
#2605 = DIRECTION ( 'NONE',  ( -1.000000000000000000, 0.0000000000000000000, 0.0000000000000000000 ) ) ;
#2604 = CARTESIAN_POINT ( 'NONE',  ( 0.6500000000000001300, 0.0000000000000000000, 1.000000000000000000 ) ) ;
#2606 = CARTESIAN_POINT ( 'NONE',  ( -0.2303616580024712400, 1.092665025992008100, -1.367479433118000000 ) ) ;
#2607 = CARTESIAN_POINT ( 'NONE',  ( -0.1473153879302184500, 1.167550467260259200, -1.367479433118000000 ) ) ;
#2608 = VECTOR ( 'NONE', #4240, 1000.000000000000000 ) ;
#2609 = CARTESIAN_POINT ( 'NONE',  ( 0.2982447075265607400, 0.6500000000000001300, 0.03767958810132156900 ) ) ;
#2610 = ORIENTED_EDGE ( 'NONE', *, *, #4370, .T. ) ;
#2611 = AXIS2_PLACEMENT_3D ( 'NONE', #4301, #4781, #1916 ) ;
#2612 = ORIENTED_EDGE ( 'NONE', *, *, #3687, .F. ) ;
#2613 = B_SPLINE_CURVE_WITH_KNOTS ( 'NONE', 3,
 ( #394, #6091, #2707, #5602 ),
 .UNSPECIFIED., .F., .F.,
 ( 4, 4 ),
 ( 0.0000000000000000000, 1.000000000000000000 ),
 .UNSPECIFIED. ) ;
#2614 = CARTESIAN_POINT ( 'NONE',  ( -0.2303616580024999700, 1.092665025992000100, -0.9738101797978001600 ) ) ;
#2615 = AXIS2_PLACEMENT_3D ( 'NONE', #36, #1436, #4279 ) ;
#2616 = LINE ( 'NONE', #5484, #4891 ) ;
#2617 = EDGE_CURVE ( 'NONE', #2236, #5867, #1064, .T. ) ;
#2618 = CARTESIAN_POINT ( 'NONE',  ( 0.1806186265694414200, 1.186941683428969400, 0.0000000000000000000 ) ) ;
#2619 = ORIENTED_EDGE ( 'NONE', *, *, #5649, .F. ) ;
#2620 = ORIENTED_EDGE ( 'NONE', *, *, #3392, .T. ) ;
#2621 = CARTESIAN_POINT ( 'NONE',  ( 0.2500000000000000000, -0.04263839905159390300, -1.758527412093177800 ) ) ;
#2622 = B_SPLINE_CURVE_WITH_KNOTS ( 'NONE', 3,
 ( #2196, #5080, #4600, #5555 ),
 .UNSPECIFIED., .F., .F.,
 ( 4, 4 ),
 ( 0.0000000000000000000, 1.000000000000000000 ),
 .UNSPECIFIED. ) ;
#2623 = DIRECTION ( 'NONE',  ( 0.0000000000000000000, 0.0000000000000000000, -1.000000000000000000 ) ) ;
#2624 = DIRECTION ( 'NONE',  ( 0.0000000000000000000, -1.000000000000000000, 0.0000000000000000000 ) ) ;
#2625 = CARTESIAN_POINT ( 'NONE',  ( 0.3021292665241327400, 0.8099999999999999400, 0.6977625521847864400 ) ) ;
#2626 = ORIENTED_EDGE ( 'NONE', *, *, #1906, .F. ) ;
#2627 = EDGE_CURVE ( 'NONE', #2393, #2456, #5964, .T. ) ;
#2628 = DIRECTION ( 'NONE',  ( 0.0000000000000000000, -0.0000000000000000000, -1.000000000000000000 ) ) ;
#2629 = CARTESIAN_POINT ( 'NONE',  ( 0.2999999999999721800, 1.200000000000000000, -1.367479433117873200 ) ) ;
#2630 = CARTESIAN_POINT ( 'NONE',  ( 0.2025564039408638800, 1.700000000028012400, 1.085923187538248500 ) ) ;
#2631 = ADVANCED_FACE ( 'NONE', ( #5828 ), #3247, .F. ) ;
#2632 = CARTESIAN_POINT ( 'NONE',  ( 0.2945896948863062600, 1.599999999999999600, -1.149991843177459800 ) ) ;
#2633 = VECTOR ( 'NONE', #3150, 1000.000000000000000 ) ;
#2634 = VERTEX_POINT ( 'NONE', #3764 ) ;
#2635 = DIRECTION ( 'NONE',  ( 0.0000000000000000000, 1.000000000000000000, -0.0000000000000000000 ) ) ;
#2636 = COLOUR_RGB ( '',0.7921568627450980000, 0.8196078431372548800, 0.9333333333333333500 ) ;
#2637 = CARTESIAN_POINT ( 'NONE',  ( 0.8233984100015850900, 1.100000000008094500, -0.4817193733217523000 ) ) ;
#2638 = DIRECTION ( 'NONE',  ( -0.0000000000000000000, 0.0000000000000000000, 1.000000000000000000 ) ) ;
#2639 = CARTESIAN_POINT ( 'NONE',  ( 1.450000000000000000, 0.0000000000000000000, 1.399999999999999900 ) ) ;
#2640 = EDGE_CURVE ( 'NONE', #3579, #5084, #5506, .T. ) ;
#2641 = LINE ( 'NONE', #1341, #5065 ) ;
#2642 = CARTESIAN_POINT ( 'NONE',  ( -0.2929788301062430400, 0.6500000000000000200, 0.07513584796327328600 ) ) ;
#2643 = DIRECTION ( 'NONE',  ( -0.0000000000000000000, 0.0000000000000000000, 1.000000000000000000 ) ) ;
#2644 = AXIS2_PLACEMENT_3D ( 'NONE', #3591, #4082, #309 ) ;
#2645 = CYLINDRICAL_SURFACE ( 'NONE', #229, 0.1000000000000000500 ) ;
#2646 = CARTESIAN_POINT ( 'NONE',  ( 1.836970198721029400E-017, 0.6500000000000001300, 0.2999999999999999300 ) ) ;
#2647 = ORIENTED_EDGE ( 'NONE', *, *, #1385, .T. ) ;
#2648 = DIRECTION ( 'NONE',  ( -1.000000000000000000, 0.0000000000000000000, 0.0000000000000000000 ) ) ;
#2649 = B_SPLINE_CURVE_WITH_KNOTS ( 'NONE', 3,
 ( #4352, #3862, #5323, #2438 ),
 .UNSPECIFIED., .F., .F.,
 ( 4, 4 ),
 ( 0.0000000000000000000, 1.000000000000000000 ),
 .UNSPECIFIED. ) ;
#2650 = FACE_OUTER_BOUND ( 'NONE', #5537, .T. ) ;
#2651 = CARTESIAN_POINT ( 'NONE',  ( -0.6631906528780988600, 0.8000000000000002700, -0.1698792586246936100 ) ) ;
#2652 = ORIENTED_EDGE ( 'NONE', *, *, #2905, .F. ) ;
#2653 = ADVANCED_FACE ( 'NONE', ( #914 ), #1419, .F. ) ;
#2654 = CARTESIAN_POINT ( 'NONE',  ( -1.450000000000000000, 0.0000000000000000000, 1.200000000000000000 ) ) ;
#2655 = EDGE_CURVE ( 'NONE', #2460, #6051, #4536, .T. ) ;
#2656 = LINE ( 'NONE', #4568, #3798 ) ;
#2657 = DIRECTION ( 'NONE',  ( 0.0000000000000000000, -1.000000000000000000, 0.0000000000000000000 ) ) ;
#2658 = DIRECTION ( 'NONE',  ( 1.000000000000000000, 0.0000000000000000000, 0.0000000000000000000 ) ) ;
#2659 = VERTEX_POINT ( 'NONE', #2369 ) ;
#2660 = CARTESIAN_POINT ( 'NONE',  ( -0.3559396263724999800, 1.408185979900000100, -0.5944357328277000100 ) ) ;
#2661 = LINE ( 'NONE', #459, #3806 ) ;
#2662 = ORIENTED_EDGE ( 'NONE', *, *, #1477, .F. ) ;
#2663 = EDGE_LOOP ( 'NONE', ( #1610, #2086, #1325, #8 ) ) ;
#2664 = DIRECTION ( 'NONE',  ( -1.000000000000000000, 0.0000000000000000000, 0.0000000000000000000 ) ) ;
#2665 = ORIENTED_EDGE ( 'NONE', *, *, #5898, .T. ) ;
#2666 = ORIENTED_EDGE ( 'NONE', *, *, #721, .T. ) ;
#2667 = ORIENTED_EDGE ( 'NONE', *, *, #6075, .F. ) ;
#2668 = CARTESIAN_POINT ( 'NONE',  ( 0.1073062994480189900, 0.8000000000000000400, -0.6782617554773016100 ) ) ;
#2669 = EDGE_CURVE ( 'NONE', #3355, #4932, #1995, .T. ) ;
#2670 = ORIENTED_EDGE ( 'NONE', *, *, #3105, .T. ) ;
#2671 = CARTESIAN_POINT ( 'NONE',  ( -1.058300524439611500, 1.700000000010851300, 0.3000000000026184500 ) ) ;
#2672 = CARTESIAN_POINT ( 'NONE',  ( 0.6192853697809298500, 1.420504936323081500, -0.3194273376546641300 ) ) ;
#2673 = CARTESIAN_POINT ( 'NONE',  ( -0.3194273379507550100, 1.420504936283527800, -0.6192853694776848700 ) ) ;
#2674 = DIRECTION ( 'NONE',  ( -1.000000000000000000, 0.0000000000000000000, 0.0000000000000000000 ) ) ;
#2675 = EDGE_LOOP ( 'NONE', ( #3473, #4587, #5857, #4096, #3581 ) ) ;
#2676 = CARTESIAN_POINT ( 'NONE',  ( -0.7018294515917625800, 1.100000000000000100, -1.211824370853634700 ) ) ;
#2677 = ORIENTED_EDGE ( 'NONE', *, *, #618, .T. ) ;
#2678 = CIRCLE ( 'NONE', #1140, 1.029371616198204700 ) ;
#2679 = CARTESIAN_POINT ( 'NONE',  ( -0.3173595392643000500, 1.516226948052000100, -0.5633349592943000000 ) ) ;
#2680 = ORIENTED_EDGE ( 'NONE', *, *, #2473, .F. ) ;
#2681 = CARTESIAN_POINT ( 'NONE',  ( 0.5703329431896999600, 1.458322620227000100, 0.3546143788798000200 ) ) ;
#2682 = CARTESIAN_POINT ( 'NONE',  ( 0.3440477022801175000, 0.9000000000000000200, 0.6083814314496024400 ) ) ;
#2683 = DIRECTION ( 'NONE',  ( -0.0000000000000000000, -1.000000000000000000, -0.0000000000000000000 ) ) ;
#2684 = VERTEX_POINT ( 'NONE', #5736 ) ;
#2685 = ADVANCED_FACE ( 'NONE', ( #5668 ), #5253, .F. ) ;
#2686 = B_SPLINE_CURVE_WITH_KNOTS ( 'NONE', 3,
 ( #3183, #3119, #3164, #3210, #3249, #3551 ),
 .UNSPECIFIED., .F., .F.,
 ( 4, 2, 4 ),
 ( 0.0000000000000000000, 0.5000000000000000000, 1.000000000000000000 ),
 .UNSPECIFIED. ) ;
#2687 = CONICAL_SURFACE ( 'NONE', #5004, 0.6890731128805782600, 0.4014257279663837100 ) ;
#2688 = DIRECTION ( 'NONE',  ( -1.000000000000000000, 0.0000000000000000000, 0.0000000000000000000 ) ) ;
#2689 = AXIS2_PLACEMENT_3D ( 'NONE', #4939, #3460, #1598 ) ;
#2690 = ORIENTED_EDGE ( 'NONE', *, *, #173, .T. ) ;
#2691 = CIRCLE ( 'NONE', #1914, 0.02000000000000005200 ) ;
#2692 = CARTESIAN_POINT ( 'NONE',  ( -0.5083159220386712600, 1.200000000039835600, 0.8688596414526467100 ) ) ;
#2693 = EDGE_CURVE ( 'NONE', #1180, #1533, #4391, .T. ) ;
#2694 = CARTESIAN_POINT ( 'NONE',  ( 0.6842078896604000300, 0.8000000000000000400, -5.027478012143845300E-017 ) ) ;
#2695 = CARTESIAN_POINT ( 'NONE',  ( 0.7838367176906052600, 1.205000000000000100, 1.160000000000007900 ) ) ;
#2696 = ORIENTED_EDGE ( 'NONE', *, *, #4717, .F. ) ;
#2697 = CARTESIAN_POINT ( 'NONE',  ( 0.6030261803172594100, 1.416935847930451200, -0.3341494114187554800 ) ) ;
#2698 = CARTESIAN_POINT ( 'NONE',  ( -0.2025564039408644400, 1.700000000028012400, 1.085923187538248500 ) ) ;
#2699 = CARTESIAN_POINT ( 'NONE',  ( 0.6337405833535756400, 1.530703003447696500, -0.2999999996275749500 ) ) ;
#2700 = CARTESIAN_POINT ( 'NONE',  ( -0.7332247222911463200, 1.100000000000000100, -1.193154364354321200 ) ) ;
#2701 = EDGE_CURVE ( 'NONE', #48, #2684, #4406, .T. ) ;
#2702 = CARTESIAN_POINT ( 'NONE',  ( -0.3001797539493000200, 1.534927588393000000, -0.6383579092234000800 ) ) ;
#2703 = CARTESIAN_POINT ( 'NONE',  ( 0.6041337556275999700, 1.512523684602999900, 0.2977868747206000000 ) ) ;
#2704 = DIRECTION ( 'NONE',  ( 0.0000000000000000000, -0.0000000000000000000, 1.000000000000000000 ) ) ;
#2705 = FACE_OUTER_BOUND ( 'NONE', #2818, .T. ) ;
#2706 = CARTESIAN_POINT ( 'NONE',  ( -0.4405335693662702500, 0.8000000000000000400, 0.6233090288450494600 ) ) ;
#2707 = CARTESIAN_POINT ( 'NONE',  ( 0.1899548974741092900, 1.200000000000000000, -1.367479433118000000 ) ) ;
#2708 = CIRCLE ( 'NONE', #6039, 0.1200000000000000900 ) ;
#2709 = ORIENTED_EDGE ( 'NONE', *, *, #19, .F. ) ;
#2710 = CARTESIAN_POINT ( 'NONE',  ( 0.0000000000000000000, 1.508986332851236500, 0.0000000000000000000 ) ) ;
#2711 =( LENGTH_UNIT ( ) NAMED_UNIT ( * ) SI_UNIT ( .MILLI., .METRE. ) );
#2712 = CARTESIAN_POINT ( 'NONE',  ( -0.3000000000000185300, 1.150000000000053600, 0.6000000000000368400 ) ) ;
#2713 = ADVANCED_FACE ( 'NONE', ( #3090, #2286 ), #5297, .T. ) ;
#2714 = LINE ( 'NONE', #6032, #3863 ) ;
#2715 = EDGE_CURVE ( 'NONE', #3176, #5549, #5500, .T. ) ;
#2716 = CARTESIAN_POINT ( 'NONE',  ( 0.6514065607239172300, 1.429549285741793300, -0.3026044800856171300 ) ) ;
#2717 = DIRECTION ( 'NONE',  ( 0.0000000000000000000, -0.0000000000000000000, 1.000000000000000000 ) ) ;
#2718 = EDGE_CURVE ( 'NONE', #1308, #2066, #3278, .T. ) ;
#2719 = CARTESIAN_POINT ( 'NONE',  ( -0.8766063254431534200, 1.100000000000000100, -1.095578595178001000 ) ) ;
#2720 = CIRCLE ( 'NONE', #673, 0.2000000000000000100 ) ;
#2721 = CARTESIAN_POINT ( 'NONE',  ( 0.3000000000024156700, 1.561383992050066100, 0.9846856982542751000 ) ) ;
#2722 = CARTESIAN_POINT ( 'NONE',  ( 0.2999999999999999900, 0.6500000000000001300, -2.571758278209441600E-017 ) ) ;
#2723 = ORIENTED_EDGE ( 'NONE', *, *, #1781, .T. ) ;
#2724 = AXIS2_PLACEMENT_3D ( 'NONE', #2051, #5901, #2999 ) ;
#2725 = AXIS2_PLACEMENT_3D ( 'NONE', #4859, #1989, #5352 ) ;
#2726 = B_SPLINE_CURVE_WITH_KNOTS ( 'NONE', 3,
 ( #1935, #4809, #76, #3367, #562, #3854 ),
 .UNSPECIFIED., .F., .F.,
 ( 4, 2, 4 ),
 ( 0.5000000000000000000, 0.7500000000000000000, 1.000000000000000000 ),
 .UNSPECIFIED. ) ;
#2727 = CARTESIAN_POINT ( 'NONE',  ( -0.2411207403754155600, 0.6500000000000001300, -0.1830390760798501800 ) ) ;
#2728 = FACE_OUTER_BOUND ( 'NONE', #3768, .T. ) ;
#2729 = VERTEX_POINT ( 'NONE', #1019 ) ;
#2730 = CARTESIAN_POINT ( 'NONE',  ( 1.122049340591854800, 1.100000000000000300, 0.8379982743620326700 ) ) ;
#2731 = CARTESIAN_POINT ( 'NONE',  ( 0.2303616580025000000, 1.092665025992000100, -1.367479433118000000 ) ) ;
#2732 = CIRCLE ( 'NONE', #3644, 0.2000000000000000900 ) ;
#2733 = VERTEX_POINT ( 'NONE', #2898 ) ;
#2734 = CARTESIAN_POINT ( 'NONE',  ( 0.9846856982372749200, 1.561383992048451600, 0.3000000000006650100 ) ) ;
#2735 = ORIENTED_EDGE ( 'NONE', *, *, #2528, .F. ) ;
#2736 = CARTESIAN_POINT ( 'NONE',  ( -0.5999999999999999800, 0.0000000000000000000, 0.0000000000000000000 ) ) ;
#2737 = EDGE_CURVE ( 'NONE', #3559, #5476, #3401, .T. ) ;
#2738 = CARTESIAN_POINT ( 'NONE',  ( 0.9228576348350869800, 1.100000000008094500, -0.2416035638255967500 ) ) ;
#2739 = CARTESIAN_POINT ( 'NONE',  ( -0.2303616580024712400, 1.092665025992008100, -0.9738101797978002700 ) ) ;
#2740 = CARTESIAN_POINT ( 'NONE',  ( -0.7915404196999140700, 1.100000000000000100, -1.155347844071248600 ) ) ;
#2741 = VERTEX_POINT ( 'NONE', #221 ) ;
#2742 = VERTEX_POINT ( 'NONE', #3988 ) ;
#2743 = ORIENTED_EDGE ( 'NONE', *, *, #3163, .T. ) ;
#2744 = ORIENTED_EDGE ( 'NONE', *, *, #1507, .T. ) ;
#2745 = DIRECTION ( 'NONE',  ( 1.000000000000000000, -0.0000000000000000000, 0.0000000000000000000 ) ) ;
#2746 = CARTESIAN_POINT ( 'NONE',  ( 0.7838367176906000400, 1.399999999999999900, 1.260000000000000000 ) ) ;
#2747 = CARTESIAN_POINT ( 'NONE',  ( 0.6623202189394678000, 0.8100000000000001600, -0.3738742246835203300 ) ) ;
#2748 = CARTESIAN_POINT ( 'NONE',  ( -0.3173132059484000100, 1.518279689387000100, 0.5623619765370999600 ) ) ;
#2749 = ORIENTED_EDGE ( 'NONE', *, *, #2551, .F. ) ;
#2750 = ADVANCED_FACE ( 'NONE', ( #469 ), #4076, .T. ) ;
#2751 = CARTESIAN_POINT ( 'NONE',  ( 0.1339782380279310500, 1.119315285916019100, -1.973810179798000100 ) ) ;
#2752 = ORIENTED_EDGE ( 'NONE', *, *, #5766, .T. ) ;
#2753 = CARTESIAN_POINT ( 'NONE',  ( 1.230227680622314900, 1.100000000000000100, -0.6690440436235770600 ) ) ;
#2754 = LINE ( 'NONE', #3727, #1529 ) ;
#2755 = ORIENTED_EDGE ( 'NONE', *, *, #3270, .T. ) ;
#2756 = EDGE_CURVE ( 'NONE', #2534, #2236, #4236, .T. ) ;
#2757 = ORIENTED_EDGE ( 'NONE', *, *, #1578, .F. ) ;
#2758 = CARTESIAN_POINT ( 'NONE',  ( -0.9098316285998417900, 1.700000000003883300, -0.6458032900220098700 ) ) ;
#2759 = VECTOR ( 'NONE', #623, 1000.000000000000000 ) ;
#2760 = CARTESIAN_POINT ( 'NONE',  ( 0.6668566671930956600, 1.434823480293754900, -0.2999999998832086300 ) ) ;
#2761 = CARTESIAN_POINT ( 'NONE',  ( -0.6682090325753968800, 0.8100000000000000500, -0.3770173721499371400 ) ) ;
#2762 = CARTESIAN_POINT ( 'NONE',  ( 0.0000000000000000000, 0.0000000000000000000, 1.000000000000000000 ) ) ;
#2763 = VERTEX_POINT ( 'NONE', #2567 ) ;
#2764 = VERTEX_POINT ( 'NONE', #3038 ) ;
#2765 = FACE_OUTER_BOUND ( 'NONE', #5532, .T. ) ;
#2766 = CARTESIAN_POINT ( 'NONE',  ( -0.7843973260861397700, 0.8282563434278216200, 1.568794652172280000 ) ) ;
#2767 = CARTESIAN_POINT ( 'NONE',  ( -0.2999999999999999900, 1.700000000000000000, -1.058300524426000200 ) ) ;
#2768 = CARTESIAN_POINT ( 'NONE',  ( 0.0000000000000000000, 0.8000000000000000400, 0.0000000000000000000 ) ) ;
#2769 = CARTESIAN_POINT ( 'NONE',  ( -0.6500000000000001300, 0.8000000000000000400, 1.693333333333333400 ) ) ;
#2770 = CARTESIAN_POINT ( 'NONE',  ( -0.2987600967786999700, 1.421601758420999900, 0.6462358966992000100 ) ) ;
#2771 = ORIENTED_EDGE ( 'NONE', *, *, #3729, .T. ) ;
#2772 = CARTESIAN_POINT ( 'NONE',  ( 0.2999999999999721800, 1.100000000000000100, -1.367479433117873200 ) ) ;
#2773 = CARTESIAN_POINT ( 'NONE',  ( -0.6623202189394726800, 0.8000000000000002700, -0.3738742246835084500 ) ) ;
#2774 = CARTESIAN_POINT ( 'NONE',  ( -1.000000000000000000, 1.600000000000000100, 0.0000000000000000000 ) ) ;
#2775 = EDGE_CURVE ( 'NONE', #2035, #50, #2168, .T. ) ;
#2776 = CYLINDRICAL_SURFACE ( 'NONE', #5366, 0.04999999999999991300 ) ;
#2777 = CARTESIAN_POINT ( 'NONE',  ( 0.5823315284337999800, 1.476056693304999900, -0.3182528445907000200 ) ) ;
#2778 = ADVANCED_FACE ( 'NONE', ( #2791 ), #5221, .T. ) ;
#2779 = CARTESIAN_POINT ( 'NONE',  ( -0.2999999994904047900, 1.472981284426085700, 0.7651328308204324900 ) ) ;
#2780 = CARTESIAN_POINT ( 'NONE',  ( 0.9228576348229943200, 1.099999999970750600, 6.781047891416917600E-017 ) ) ;
#2781 = CARTESIAN_POINT ( 'NONE',  ( -0.2999999999999861100, 1.100000000000000100, -1.367479433117936700 ) ) ;
#2782 = LINE ( 'NONE', #5902, #1417 ) ;
#2783 = ORIENTED_EDGE ( 'NONE', *, *, #3294, .T. ) ;
#2784 = DIRECTION ( 'NONE',  ( 0.0000000000000000000, 0.0000000000000000000, -1.000000000000000000 ) ) ;
#2785 = EDGE_CURVE ( 'NONE', #615, #6152, #312, .T. ) ;
#2786 = CARTESIAN_POINT ( 'NONE',  ( 0.3528625241503814400, 1.416935847919956700, -0.5918697456162590500 ) ) ;
#2787 = DIRECTION ( 'NONE',  ( 1.000000000000000000, 0.0000000000000000000, 0.0000000000000000000 ) ) ;
#2788 = CARTESIAN_POINT ( 'NONE',  ( 1.293682699867893900, 1.700000000000000200, -0.8168703364203655500 ) ) ;
#2789 = CARTESIAN_POINT ( 'NONE',  ( 0.7382871643913756500, 0.7999999999999999300, -9.041410127234739400E-017 ) ) ;
#2790 = CARTESIAN_POINT ( 'NONE',  ( 0.2999999999999999900, 0.1499999999999999900, -2.571758278209441600E-017 ) ) ;
#2791 = FACE_OUTER_BOUND ( 'NONE', #567, .T. ) ;
#2792 = ORIENTED_EDGE ( 'NONE', *, *, #3435, .T. ) ;
#2793 = EDGE_CURVE ( 'NONE', #1593, #5909, #1108, .T. ) ;
#2794 = PLANE ( 'NONE',  #2394 ) ;
#2795 = FACE_OUTER_BOUND ( 'NONE', #3788, .T. ) ;
#2796 = PLANE ( 'NONE',  #1963 ) ;
#2797 = ORIENTED_EDGE ( 'NONE', *, *, #4651, .T. ) ;
#2798 = DIRECTION ( 'NONE',  ( 0.0000000000000000000, 0.0000000000000000000, -1.000000000000000000 ) ) ;
#2799 = CARTESIAN_POINT ( 'NONE',  ( 0.6670188925069000500, 1.473293265902999800, -0.3000840325374000100 ) ) ;
#2800 = AXIS2_PLACEMENT_3D ( 'NONE', #290, #533, #1362 ) ;
#2801 = CARTESIAN_POINT ( 'NONE',  ( -0.5918697445959253400, 1.416935847632196900, 0.3528625245756978900 ) ) ;
#2802 = CIRCLE ( 'NONE', #792, 1.350000000000000100 ) ;
#2803 = CARTESIAN_POINT ( 'NONE',  ( -0.5551891161952818800, 1.100000000000000300, -1.292209597429238200 ) ) ;
#2804 = CARTESIAN_POINT ( 'NONE',  ( -0.1559248668172224800, 0.8777584632514073800, -0.9738101797978001600 ) ) ;
#2805 = ORIENTED_EDGE ( 'NONE', *, *, #664, .T. ) ;
#2806 = B_SPLINE_CURVE_WITH_KNOTS ( 'NONE', 3,
 ( #2265, #4667, #3695, #895 ),
 .UNSPECIFIED., .F., .F.,
 ( 4, 4 ),
 ( 0.0000000000000000000, 1.000000000000000000 ),
 .UNSPECIFIED. ) ;
#2807 = CARTESIAN_POINT ( 'NONE',  ( 0.5999999999999999800, 0.0000000000000000000, -1.500000000000000000 ) ) ;
#2808 = LINE ( 'NONE', #3781, #5083 ) ;
#2809 = CARTESIAN_POINT ( 'NONE',  ( -1.175747962037909700, 1.200000000000000000, -0.8048435497202456300 ) ) ;
#2810 = CARTESIAN_POINT ( 'NONE',  ( 1.113545850615516700, 1.700000000028012400, 0.1051128078718125600 ) ) ;
#2811 = AXIS2_PLACEMENT_3D ( 'NONE', #5841, #2954, #158 ) ;
#2812 = ADVANCED_FACE ( 'NONE', ( #1560 ), #4035, .F. ) ;
#2813 = ORIENTED_EDGE ( 'NONE', *, *, #3137, .F. ) ;
#2814 = AXIS2_PLACEMENT_3D ( 'NONE', #4630, #1764, #5120 ) ;
#2815 = CARTESIAN_POINT ( 'NONE',  ( 0.1279891118485827800, 0.6500000000000001300, 0.2719493727021593000 ) ) ;
#2816 = EDGE_CURVE ( 'NONE', #5989, #3883, #6185, .T. ) ;
#2817 = LINE ( 'NONE', #3156, #1579 ) ;
#2818 = EDGE_LOOP ( 'NONE', ( #964, #5333, #1717, #1240 ) ) ;
#2819 = ORIENTED_EDGE ( 'NONE', *, *, #4445, .T. ) ;
#2820 = DIRECTION ( 'NONE',  ( -1.000000000000000000, 0.0000000000000000000, -0.0000000000000000000 ) ) ;
#2821 = DIRECTION ( 'NONE',  ( 1.000000000000000000, 0.0000000000000000000, -0.0000000000000000000 ) ) ;
#2822 = ORIENTED_EDGE ( 'NONE', *, *, #1264, .T. ) ;
#2823 = CARTESIAN_POINT ( 'NONE',  ( 0.0000000000000000000, 1.416935847316835900, 0.0000000000000000000 ) ) ;
#2824 = CARTESIAN_POINT ( 'NONE',  ( -1.199999999999999700, 0.01999999999999999700, 1.700000000000000200 ) ) ;
#2825 = DIRECTION ( 'NONE',  ( 0.0000000000000000000, 0.0000000000000000000, 1.000000000000000000 ) ) ;
#2826 = EDGE_CURVE ( 'NONE', #1797, #1706, #1422, .T. ) ;
#2827 = ORIENTED_EDGE ( 'NONE', *, *, #3602, .T. ) ;
#2828 = CARTESIAN_POINT ( 'NONE',  ( 0.7838367176906018100, 1.100000000000000100, 1.160000000000002400 ) ) ;
#2829 = VERTEX_POINT ( 'NONE', #1791 ) ;
#2830 = CARTESIAN_POINT ( 'NONE',  ( -0.3201427883336526700, 1.416935847536934000, 0.6113766861455313100 ) ) ;
#2831 = ORIENTED_EDGE ( 'NONE', *, *, #3930, .T. ) ;
#2832 = DIRECTION ( 'NONE',  ( -1.000000000000000000, 0.0000000000000000000, -0.0000000000000000000 ) ) ;
#2833 = DIRECTION ( 'NONE',  ( 0.0000000000000000000, -0.0000000000000000000, -1.000000000000000000 ) ) ;
#2834 = ORIENTED_EDGE ( 'NONE', *, *, #927, .T. ) ;
#2835 = CARTESIAN_POINT ( 'NONE',  ( 0.5999999999999999800, 0.02000000000000000000, -1.149999999999999900 ) ) ;
#2836 = DIRECTION ( 'NONE',  ( -0.0000000000000000000, -0.0000000000000000000, 1.000000000000000000 ) ) ;
#2837 = ORIENTED_EDGE ( 'NONE', *, *, #3637, .T. ) ;
#2838 = FACE_OUTER_BOUND ( 'NONE', #2267, .T. ) ;
#2839 = DIRECTION ( 'NONE',  ( 0.0000000000000000000, -0.0000000000000000000, -1.000000000000000000 ) ) ;
#2840 = ORIENTED_EDGE ( 'NONE', *, *, #3947, .T. ) ;
#2841 = ORIENTED_EDGE ( 'NONE', *, *, #4861, .F. ) ;
#2842 = CARTESIAN_POINT ( 'NONE',  ( -0.4633975756960189200, 0.8100000000000001600, 0.6112999394516598400 ) ) ;
#2843 = CARTESIAN_POINT ( 'NONE',  ( 1.350000000000000100, 0.8000000000000000400, 0.0000000000000000000 ) ) ;
#2844 = VECTOR ( 'NONE', #185, 1000.000000000000000 ) ;
#2845 = EDGE_CURVE ( 'NONE', #2404, #3945, #2641, .T. ) ;
#2846 = EDGE_CURVE ( 'NONE', #179, #4810, #2806, .T. ) ;
#2847 = CARTESIAN_POINT ( 'NONE',  ( 0.9417039545157888100, 1.599999999996271300, 0.7237027293760444100 ) ) ;
#2848 = ADVANCED_FACE ( 'NONE', ( #3925 ), #1724, .T. ) ;
#2849 = B_SPLINE_CURVE_WITH_KNOTS ( 'NONE', 3,
 ( #2418, #4324, #79, #3371, #565, #3857 ),
 .UNSPECIFIED., .F., .F.,
 ( 4, 2, 4 ),
 ( 0.0000000000000000000, 0.2500000000000000600, 0.5000000000000000000 ),
 .UNSPECIFIED. ) ;
#2850 = ORIENTED_EDGE ( 'NONE', *, *, #5488, .T. ) ;
#2851 = CARTESIAN_POINT ( 'NONE',  ( 0.7533298886009309700, 0.8000000000000000400, -0.1193756581902840600 ) ) ;
#2852 = LINE ( 'NONE', #4401, #4132 ) ;
#2853 = CARTESIAN_POINT ( 'NONE',  ( -0.9738101798165893500, 1.200000000023901300, -8.067512848135768400E-017 ) ) ;
#2854 = DIRECTION ( 'NONE',  ( 1.000000000000000000, 0.0000000000000000000, 0.0000000000000000000 ) ) ;
#2855 = CARTESIAN_POINT ( 'NONE',  ( 0.0000000000000000000, 1.600000000000000100, 1.210000000000000000 ) ) ;
#2856 = AXIS2_PLACEMENT_3D ( 'NONE', #4970, #2085, #5438 ) ;
#2857 = ORIENTED_EDGE ( 'NONE', *, *, #218, .T. ) ;
#2858 = CARTESIAN_POINT ( 'NONE',  ( 0.2999999994176545900, 1.526134710917626900, 0.6218334179113076400 ) ) ;
#2859 = DIRECTION ( 'NONE',  ( 0.0000000000000000000, -1.000000000000000000, 0.0000000000000000000 ) ) ;
#2860 = DIRECTION ( 'NONE',  ( 1.000000000000000000, -0.0000000000000000000, 0.0000000000000000000 ) ) ;
#2861 = LINE ( 'NONE', #1712, #5295 ) ;
#2862 = CARTESIAN_POINT ( 'NONE',  ( 0.2999999999999999900, 0.6500000000000001300, -2.571758278209441600E-017 ) ) ;
#2863 = CARTESIAN_POINT ( 'NONE',  ( -0.2999999999999999900, 1.200000000000000000, -0.9738101797978001600 ) ) ;
#2864 = DIRECTION ( 'NONE',  ( 1.000000000000000000, 0.0000000000000000000, -0.0000000000000000000 ) ) ;
#2865 = EDGE_CURVE ( 'NONE', #5920, #4770, #654, .T. ) ;
#2866 = CARTESIAN_POINT ( 'NONE',  ( 1.406427057979498000, 1.199999999999999700, 0.2282966060757767900 ) ) ;
#2867 = VECTOR ( 'NONE', #4074, 1000.000000000000000 ) ;
#2868 = ORIENTED_EDGE ( 'NONE', *, *, #747, .F. ) ;
#2869 = CARTESIAN_POINT ( 'NONE',  ( 4.653657836759942400E-017, 0.8000000000000000400, -0.7599999999999876900 ) ) ;
#2870 = CARTESIAN_POINT ( 'NONE',  ( -0.2999999999813316400, 1.513589753318988600, 0.8669798129140559000 ) ) ;
#2871 = CARTESIAN_POINT ( 'NONE',  ( -0.2400000000000000500, 1.200000000000000000, -1.367479433118000000 ) ) ;
#2872 = CARTESIAN_POINT ( 'NONE',  ( 8.105225362979153100E-015, 1.700000000014006300, 1.100000000018299000 ) ) ;
#2873 = DIRECTION ( 'NONE',  ( -0.0000000000000000000, -0.0000000000000000000, -1.000000000000000000 ) ) ;
#2874 = CYLINDRICAL_SURFACE ( 'NONE', #4691, 0.9738101797978001600 ) ;
#2875 = CARTESIAN_POINT ( 'NONE',  ( -8.172580936934491800E-015, 1.700000000014006300, -1.100000000018299000 ) ) ;
#2876 = DIRECTION ( 'NONE',  ( 0.0000000000000000000, -0.0000000000000000000, 1.000000000000000000 ) ) ;
#2877 = CARTESIAN_POINT ( 'NONE',  ( 3.704388593286589500E-017, 1.149999999999999900, 0.6049725677420999500 ) ) ;
#2878 = CARTESIAN_POINT ( 'NONE',  ( 0.2999999999999999900, 1.629407900852251500, 0.8854431781957101700 ) ) ;
#2879 = ADVANCED_FACE ( 'NONE', ( #2503 ), #6178, .F. ) ;
#2880 = VECTOR ( 'NONE', #4160, 1000.000000000000000 ) ;
#2881 = EDGE_CURVE ( 'NONE', #4588, #5855, #5722, .T. ) ;
#2882 = EDGE_LOOP ( 'NONE', ( #1239, #713, #926, #725 ) ) ;
#2883 = B_SPLINE_CURVE_WITH_KNOTS ( 'NONE', 3,
 ( #876, #4764, #4534, #1257 ),
 .UNSPECIFIED., .F., .F.,
 ( 4, 4 ),
 ( 0.0000000000000000000, 1.000000000000000000 ),
 .UNSPECIFIED. ) ;
#2884 = CARTESIAN_POINT ( 'NONE',  ( -0.6049725677420999500, 0.9000000000000002400, -0.1583814478701610900 ) ) ;
#2885 = CARTESIAN_POINT ( 'NONE',  ( -0.07981485436525000100, 1.199840342104000000, -9.774500592281557700E-018 ) ) ;
#2886 = LINE ( 'NONE', #968, #1636 ) ;
#2887 = DIRECTION ( 'NONE',  ( 0.0000000000000000000, 0.0000000000000000000, -1.000000000000000000 ) ) ;
#2888 = ORIENTED_EDGE ( 'NONE', *, *, #5308, .T. ) ;
#2889 = AXIS2_PLACEMENT_3D ( 'NONE', #4091, #4772, #4592 ) ;
#2890 = CARTESIAN_POINT ( 'NONE',  ( 0.3180650467301999200, 1.484633508960000000, -0.5782850279492999200 ) ) ;
#2891 = B_SPLINE_CURVE_WITH_KNOTS ( 'NONE', 3,
 ( #4903, #3434, #2501, #5876, #2966, #164 ),
 .UNSPECIFIED., .F., .F.,
 ( 4, 2, 4 ),
 ( 0.0000000000000000000, 0.5000000000000000000, 1.000000000000000000 ),
 .UNSPECIFIED. ) ;
#2892 = B_SPLINE_CURVE_WITH_KNOTS ( 'NONE', 3,
 ( #3595, #1719, #5538, #2651, #6023, #3138, #330, #3613, #819, #4112, #1281, #4609, #1740, #5089, #2202, #5563, #2668, #6042, #3159, #359, #3634, #837, #4135, #1310, #4624, #1759, #5113, #2224, #5581, #2694 ),
 .UNSPECIFIED., .F., .F.,
 ( 4, 1, 2, 2, 2, 1, 2, 2, 2, 1, 2, 2, 2, 1, 2, 2, 4 ),
 ( 0.0000000000000000000, 0.06250000000000006900, 0.09375000000000008300, 0.1250000000000001100, 0.2500000000000002200, 0.3125000000000002800, 0.3437500000000003300, 0.3750000000000003300, 0.5000000000000003300, 0.5625000000000003300, 0.5937500000000003300, 0.6250000000000003300, 0.7500000000000002200, 0.8125000000000002200, 0.8437500000000001100, 0.8750000000000001100, 1.000000000000000000 ),
 .UNSPECIFIED. ) ;
#2893 = CARTESIAN_POINT ( 'NONE',  ( -1.200000000000000000, 0.6800000000000000500, 1.800000000000000300 ) ) ;
#2894 = VECTOR ( 'NONE', #2854, 1000.000000000000000 ) ;
#2895 = ORIENTED_EDGE ( 'NONE', *, *, #4370, .F. ) ;
#2896 = CARTESIAN_POINT ( 'NONE',  ( 0.6500000000000001300, 0.7991607978309981400, 1.699999999999999500 ) ) ;
#2897 = ORIENTED_EDGE ( 'NONE', *, *, #3445, .F. ) ;
#2898 = CARTESIAN_POINT ( 'NONE',  ( 0.2700000000000000200, 0.0000000000000000000, -1.851460183660000200 ) ) ;
#2899 = CARTESIAN_POINT ( 'NONE',  ( -0.6150675873330001500, 1.406250949018000000, 0.3197164302082000100 ) ) ;
#2900 = ORIENTED_EDGE ( 'NONE', *, *, #1523, .T. ) ;
#2901 = DIRECTION ( 'NONE',  ( 0.0000000000000000000, 0.0000000000000000000, 1.000000000000000000 ) ) ;
#2902 = ORIENTED_EDGE ( 'NONE', *, *, #3887, .F. ) ;
#2903 = ORIENTED_EDGE ( 'NONE', *, *, #2655, .F. ) ;
#2904 = ORIENTED_EDGE ( 'NONE', *, *, #1543, .F. ) ;
#2905 = EDGE_CURVE ( 'NONE', #6140, #1293, #3778, .T. ) ;
#2906 = DIRECTION ( 'NONE',  ( -0.0000000000000000000, -0.0000000000000000000, -1.000000000000000000 ) ) ;
#2907 = VERTEX_POINT ( 'NONE', #1900 ) ;
#2908 = VECTOR ( 'NONE', #5153, 1000.000000000000000 ) ;
#2909 = CARTESIAN_POINT ( 'NONE',  ( 0.3001938013063999400, 1.541849141708000000, -0.6351214090753000100 ) ) ;
#2910 = ORIENTED_EDGE ( 'NONE', *, *, #3708, .T. ) ;
#2911 = EDGE_CURVE ( 'NONE', #2526, #4349, #2360, .T. ) ;
#2912 = CARTESIAN_POINT ( 'NONE',  ( -0.2999999997362154900, 1.530703003389287400, -0.6337405831572274800 ) ) ;
#2913 = VERTEX_POINT ( 'NONE', #5738 ) ;
#2914 = VERTEX_POINT ( 'NONE', #3323 ) ;
#2915 = LINE ( 'NONE', #4833, #5349 ) ;
#2916 = CARTESIAN_POINT ( 'NONE',  ( -0.07981485436525000100, 1.199840342104000000, -9.774500592281557700E-018 ) ) ;
#2917 = CARTESIAN_POINT ( 'NONE',  ( -0.6769955260265000400, 1.451706253324000200, 0.3000614661020999900 ) ) ;
#2918 = DIRECTION ( 'NONE',  ( 0.9638341997458144100, -0.2665025992375040200, 0.0000000000000000000 ) ) ;
#2919 = ORIENTED_EDGE ( 'NONE', *, *, #1098, .T. ) ;
#2920 = ORIENTED_EDGE ( 'NONE', *, *, #553, .F. ) ;
#2921 = VECTOR ( 'NONE', #1311, 1000.000000000000000 ) ;
#2922 = CARTESIAN_POINT ( 'NONE',  ( 0.2999999989049362800, 1.500351963914107600, 0.6489199639507231600 ) ) ;
#2923 =( BOUNDED_SURFACE ( )  B_SPLINE_SURFACE ( 3, 3, ( 
 ( #3744, #931, #4729, #1853 ),
 ( #5211, #2331, #5692, #2789 ),
 ( #6177, #3283, #482, #3766 ),
 ( #956, #4256, #1420, #4748 ) ),
 .UNSPECIFIED., .F., .F., .F. ) 
 B_SPLINE_SURFACE_WITH_KNOTS ( ( 4, 4 ),
 ( 4, 4 ),
 ( 0.0000000000000000000, 1.000000000000000000 ),
 ( 0.0000000000000000000, 1.000000000000000000 ),
 .UNSPECIFIED. ) 
 GEOMETRIC_REPRESENTATION_ITEM ( )  RATIONAL_B_SPLINE_SURFACE ( (
 ( 1.000000000000000000, 0.3333333333333334300, 0.3333333333333334300, 1.000000000000000000),
 ( 0.9017601095693381600, 0.3005867031897794800, 0.3005867031897794800, 0.9017601095693381600),
 ( 0.9017601095693381600, 0.3005867031897794800, 0.3005867031897794800, 0.9017601095693381600),
 ( 1.000000000000000000, 0.3333333333333334300, 0.3333333333333334300, 1.000000000000000000) ) ) 
 REPRESENTATION_ITEM ( '' )  SURFACE ( )  );
#2924 = EDGE_CURVE ( 'NONE', #2593, #5039, #4605, .T. ) ;
#2925 = VERTEX_POINT ( 'NONE', #530 ) ;
#2926 = CARTESIAN_POINT ( 'NONE',  ( 0.5500000000000000400, 0.7999999999999999300, 1.600000000000000100 ) ) ;
#2927 = CARTESIAN_POINT ( 'NONE',  ( -0.2999999999999999900, 1.629407900785143900, 0.8854431780297106200 ) ) ;
#2928 = DIRECTION ( 'NONE',  ( 0.0000000000000000000, 0.0000000000000000000, 1.000000000000000000 ) ) ;
#2929 = CARTESIAN_POINT ( 'NONE',  ( 0.0000000000000000000, 1.200000000039835900, 0.0000000000000000000 ) ) ;
#2930 = VECTOR ( 'NONE', #1188, 1000.000000000000000 ) ;
#2931 = VERTEX_POINT ( 'NONE', #5284 ) ;
#2932 = CARTESIAN_POINT ( 'NONE',  ( -1.200000000000000000, -0.09999999999999999200, 1.680000000000000200 ) ) ;
#2933 = AXIS2_PLACEMENT_3D ( 'NONE', #3255, #2349, #5713 ) ;
#2934 = CARTESIAN_POINT ( 'NONE',  ( -0.3000000000006459700, 1.149999999999838500, 0.6000000000012916100 ) ) ;
#2935 = DIRECTION ( 'NONE',  ( -0.0000000000000000000, 0.0000000000000000000, 1.000000000000000000 ) ) ;
#2936 = EDGE_CURVE ( 'NONE', #3352, #332, #3611, .T. ) ;
#2937 = DIRECTION ( 'NONE',  ( -0.0000000000000000000, -1.000000000000000000, -0.0000000000000000000 ) ) ;
#2938 = LINE ( 'NONE', #4959, #614 ) ;
#2939 = ORIENTED_EDGE ( 'NONE', *, *, #4612, .T. ) ;
#2940 = CARTESIAN_POINT ( 'NONE',  ( 0.9076022680176956100, 1.200000000039835600, -0.4077104556744642300 ) ) ;
#2941 = CARTESIAN_POINT ( 'NONE',  ( 0.5999999999999998700, 0.0000000000000000000, 1.680000000000000200 ) ) ;
#2942 = CARTESIAN_POINT ( 'NONE',  ( 0.02820344264906971700, 0.1500000000000000500, 0.2002281100949288000 ) ) ;
#2943 = VECTOR ( 'NONE', #4996, 1000.000000000000000 ) ;
#2944 = EDGE_CURVE ( 'NONE', #6144, #2424, #1274, .T. ) ;
#2945 = CARTESIAN_POINT ( 'NONE',  ( 1.500000000000000000, 0.1499999999999999900, -1.500000000000000000 ) ) ;
#2946 = DIRECTION ( 'NONE',  ( 0.0000000000000000000, 1.000000000000000000, -9.856383385904661500E-017 ) ) ;
#2947 = LINE ( 'NONE', #1968, #477 ) ;
#2948 = DIRECTION ( 'NONE',  ( 0.0000000000000000000, 1.000000000000000000, -0.0000000000000000000 ) ) ;
#2949 = ORIENTED_EDGE ( 'NONE', *, *, #3928, .T. ) ;
#2950 = CARTESIAN_POINT ( 'NONE',  ( -1.450000000000000000, 0.8000000000000000400, 1.399999999999999900 ) ) ;
#2951 = CARTESIAN_POINT ( 'NONE',  ( -0.5890831602842049300, 1.422754383147809600, -0.3527134812835094300 ) ) ;
#2952 = CYLINDRICAL_SURFACE ( 'NONE', #150, 0.1000000000000000500 ) ;
#2953 = CARTESIAN_POINT ( 'NONE',  ( 0.6500000000000001300, 0.0000000000000000000, 0.0000000000000000000 ) ) ;
#2954 = DIRECTION ( 'NONE',  ( -0.0000000000000000000, 0.0000000000000000000, 1.000000000000000000 ) ) ;
#2955 = CARTESIAN_POINT ( 'NONE',  ( -0.2352112602624938400, 1.099625858879948300, -0.9738101797978001600 ) ) ;
#2956 = ORIENTED_EDGE ( 'NONE', *, *, #465, .F. ) ;
#2957 = VECTOR ( 'NONE', #1703, 1000.000000000000000 ) ;
#2958 = DIRECTION ( 'NONE',  ( -0.0000000000000000000, 1.000000000000000000, -0.0000000000000000000 ) ) ;
#2959 = EDGE_CURVE ( 'NONE', #1571, #1033, #6030, .T. ) ;
#2960 = VERTEX_POINT ( 'NONE', #4813 ) ;
#2961 = DIRECTION ( 'NONE',  ( -0.7071067811865474600, 0.0000000000000000000, -0.7071067811865474600 ) ) ;
#2962 = VECTOR ( 'NONE', #1408, 1000.000000000000000 ) ;
#2963 = ORIENTED_EDGE ( 'NONE', *, *, #3772, .T. ) ;
#2964 = CARTESIAN_POINT ( 'NONE',  ( 0.0000000000000000000, 0.0000000000000000000, 1.680000000000000200 ) ) ;
#2965 = AXIS2_PLACEMENT_3D ( 'NONE', #1218, #754, #3545 ) ;
#2966 = CARTESIAN_POINT ( 'NONE',  ( 0.6218334180712984400, 1.526134710955475300, 0.3000000000215407600 ) ) ;
#2967 = ORIENTED_EDGE ( 'NONE', *, *, #2737, .F. ) ;
#2968 = CARTESIAN_POINT ( 'NONE',  ( -0.2999999994538087300, 1.439558585352968000, 0.6790520221337353900 ) ) ;
#2969 = CARTESIAN_POINT ( 'NONE',  ( 0.5999999999999999800, 0.0000000000000000000, -0.9114601836603001300 ) ) ;
#2970 = ORIENTED_EDGE ( 'NONE', *, *, #1856, .T. ) ;
#2971 = DIRECTION ( 'NONE',  ( -0.0000000000000000000, -1.000000000000000000, -0.0000000000000000000 ) ) ;
#2972 = CARTESIAN_POINT ( 'NONE',  ( 0.5999999999999999800, 0.0000000000000000000, 0.0000000000000000000 ) ) ;
#2973 = ORIENTED_EDGE ( 'NONE', *, *, #5179, .F. ) ;
#2974 = ORIENTED_EDGE ( 'NONE', *, *, #3166, .F. ) ;
#2975 = DIRECTION ( 'NONE',  ( -1.000000000000000000, 0.0000000000000000000, 0.0000000000000000000 ) ) ;
#2976 = DIRECTION ( 'NONE',  ( -1.000000000000000000, 0.0000000000000000000, -0.0000000000000000000 ) ) ;
#2977 = EDGE_CURVE ( 'NONE', #1468, #4644, #2849, .T. ) ;
#2978 = ORIENTED_EDGE ( 'NONE', *, *, #2944, .T. ) ;
#2979 = CARTESIAN_POINT ( 'NONE',  ( 0.5474792466223877800, 1.508986332993447200, 0.3503804724351342600 ) ) ;
#2980 = EDGE_LOOP ( 'NONE', ( #3748, #5028, #5694, #1534 ) ) ;
#2981 = DIRECTION ( 'NONE',  ( 0.0000000000000000000, 0.8910065241805953400, 0.4539904997548014400 ) ) ;
#2982 = LINE ( 'NONE', #888, #520 ) ;
#2983 = ORIENTED_EDGE ( 'NONE', *, *, #64, .T. ) ;
#2984 = ORIENTED_EDGE ( 'NONE', *, *, #3208, .F. ) ;
#2985 = CARTESIAN_POINT ( 'NONE',  ( 0.6842078896604001400, 0.8000000000000001600, 0.04341340941016762900 ) ) ;
#2986 = FACE_OUTER_BOUND ( 'NONE', #267, .T. ) ;
#2987 = CARTESIAN_POINT ( 'NONE',  ( -0.3184293552700861500, 1.512413741567452800, -0.5751513707975742800 ) ) ;
#2988 = DIRECTION ( 'NONE',  ( 0.0000000000000000000, 0.0000000000000000000, 1.000000000000000000 ) ) ;
#2989 = ORIENTED_EDGE ( 'NONE', *, *, #4573, .T. ) ;
#2990 = CARTESIAN_POINT ( 'NONE',  ( -0.6500000000000003600, 0.02000000000000000000, 1.680000000000000200 ) ) ;
#2991 = FACE_OUTER_BOUND ( 'NONE', #1815, .T. ) ;
#2992 = CARTESIAN_POINT ( 'NONE',  ( -0.4941888645437743600, 1.200000000039835900, -0.8635664761546033600 ) ) ;
#2993 = CARTESIAN_POINT ( 'NONE',  ( 0.7838367176906000400, 1.576179938779915100, 1.159999999999999900 ) ) ;
#2994 = CARTESIAN_POINT ( 'NONE',  ( -0.2319984795966604800, 1.097180867543948300, -0.9738101797978001600 ) ) ;
#2995 = EDGE_CURVE ( 'NONE', #1980, #48, #5758, .T. ) ;
#2996 = B_SPLINE_CURVE_WITH_KNOTS ( 'NONE', 3,
 ( #502, #3307, #1899, #5254, #2370, #5737 ),
 .UNSPECIFIED., .F., .F.,
 ( 4, 2, 4 ),
 ( 0.0000000000000000000, 0.2500000000000000000, 0.5000000000000000000 ),
 .UNSPECIFIED. ) ;
#2997 = ORIENTED_EDGE ( 'NONE', *, *, #3914, .T. ) ;
#2998 = CARTESIAN_POINT ( 'NONE',  ( 0.0000000000000000000, 0.0000000000000000000, -1.851460183660000000 ) ) ;
#2999 = DIRECTION ( 'NONE',  ( 0.0000000000000000000, 0.0000000000000000000, -1.000000000000000000 ) ) ;
#3000 = ADVANCED_FACE ( 'NONE', ( #14 ), #5318, .F. ) ;
#3001 = CARTESIAN_POINT ( 'NONE',  ( 0.1339782380279655200, 1.119315285916009600, -0.9738101797978002700 ) ) ;
#3002 = CIRCLE ( 'NONE', #6120, 0.1200000000000000900 ) ;
#3003 = ORIENTED_EDGE ( 'NONE', *, *, #1492, .F. ) ;
#3004 = CARTESIAN_POINT ( 'NONE',  ( 0.6015903946475281700, 0.7999999999999999300, 0.3393887200737604200 ) ) ;
#3005 = CARTESIAN_POINT ( 'NONE',  ( 5.410954283830000700, 0.02000000000000000000, 1.680000000000000200 ) ) ;
#3006 = CARTESIAN_POINT ( 'NONE',  ( -0.1927668399491913900, 0.9566994801525022800, -0.9738101797978000500 ) ) ;
#3007 = AXIS2_PLACEMENT_3D ( 'NONE', #1905, #2378, #5745 ) ;
#3008 = CARTESIAN_POINT ( 'NONE',  ( 0.0000000000000000000, 1.700000000028012400, 0.0000000000000000000 ) ) ;
#3009 = LINE ( 'NONE', #4930, #550 ) ;
#3010 = ORIENTED_EDGE ( 'NONE', *, *, #3061, .T. ) ;
#3011 = DIRECTION ( 'NONE',  ( 1.000000000000000000, 0.0000000000000000000, 0.0000000000000000000 ) ) ;
#3012 = CARTESIAN_POINT ( 'NONE',  ( -0.3533596438850276100, 0.8099999999999998300, -1.434863113502226100 ) ) ;
#3013 = EDGE_CURVE ( 'NONE', #3125, #5866, #5893, .T. ) ;
#3014 = CARTESIAN_POINT ( 'NONE',  ( 0.7600000000000000100, 0.8100000000000001600, 1.238260924382924300E-014 ) ) ;
#3015 = VECTOR ( 'NONE', #262, 1000.000000000000000 ) ;
#3017 = CARTESIAN_POINT ( 'NONE',  ( 5.410954283830000700, 0.02000000000000000000, 1.680000000000000200 ) ) ;
#3016 = DIRECTION ( 'NONE',  ( 0.0000000000000000000, -1.000000000000000000, 0.0000000000000000000 ) ) ;
#3018 = DIRECTION ( 'NONE',  ( 1.000000000000000000, 0.0000000000000000000, 0.0000000000000000000 ) ) ;
#3019 = CARTESIAN_POINT ( 'NONE',  ( 0.6790520213273381100, 1.439558585106795400, -0.2999999999372051100 ) ) ;
#3020 = EDGE_CURVE ( 'NONE', #1737, #2907, #4615, .T. ) ;
#3021 = FACE_OUTER_BOUND ( 'NONE', #3303, .T. ) ;
#3022 = CARTESIAN_POINT ( 'NONE',  ( -0.2500000000000000000, -1.741415926536000100, -1.771460183659999900 ) ) ;
#3023 = VERTEX_POINT ( 'NONE', #97 ) ;
#3024 = CARTESIAN_POINT ( 'NONE',  ( -0.2299694505121663600, 0.8000000000000000400, 0.6448130154641890100 ) ) ;
#3025 = LINE ( 'NONE', #1428, #4169 ) ;
#3026 = CARTESIAN_POINT ( 'NONE',  ( 3.386025119617273700E-014, 1.600000000000000100, -1.500000000000000000 ) ) ;
#3027 = DIRECTION ( 'NONE',  ( -1.000000000000000000, -0.0000000000000000000, -0.0000000000000000000 ) ) ;
#3028 = ORIENTED_EDGE ( 'NONE', *, *, #1640, .F. ) ;
#3029 = B_SPLINE_CURVE_WITH_KNOTS ( 'NONE', 3,
 ( #2490, #641, #4422, #1570, #4911, #2033 ),
 .UNSPECIFIED., .F., .F.,
 ( 4, 2, 4 ),
 ( 0.0000000000000000000, 0.5000000000000000000, 1.000000000000000000 ),
 .UNSPECIFIED. ) ;
#3030 = CARTESIAN_POINT ( 'NONE',  ( 0.0000000000000000000, 1.100000000000000100, -1.367479433118000000 ) ) ;
#3031 = ADVANCED_FACE ( 'NONE', ( #3461 ), #5823, .T. ) ;
#3032 = CARTESIAN_POINT ( 'NONE',  ( -0.3000000000038554600, 1.200000000015934100, -0.9264481994693066800 ) ) ;
#3033 = CARTESIAN_POINT ( 'NONE',  ( -0.5626362249051000100, 1.517701093791000000, -0.3173262654326000600 ) ) ;
#3034 = ORIENTED_EDGE ( 'NONE', *, *, #4915, .F. ) ;
#3035 = VERTEX_POINT ( 'NONE', #2451 ) ;
#3036 = EDGE_CURVE ( 'NONE', #5013, #260, #988, .T. ) ;
#3038 = CARTESIAN_POINT ( 'NONE',  ( -0.1339782380279631600, 1.119315285916010300, -1.367479433118000200 ) ) ;
#3037 = DIRECTION ( 'NONE',  ( -1.000000000000000000, 0.0000000000000000000, 0.0000000000000000000 ) ) ;
#3039 = EDGE_CURVE ( 'NONE', #4556, #1084, #5303, .T. ) ;
#3040 = ORIENTED_EDGE ( 'NONE', *, *, #3495, .F. ) ;
#3041 = VERTEX_POINT ( 'NONE', #1538 ) ;
#3042 = CARTESIAN_POINT ( 'NONE',  ( 0.3000000000019771300, 1.700000000002731800, -1.058300524432975300 ) ) ;
#3043 = CARTESIAN_POINT ( 'NONE',  ( -0.8531705573916942300, 1.200000000000000000, 1.109999999999993000 ) ) ;
#3044 = ORIENTED_EDGE ( 'NONE', *, *, #4337, .T. ) ;
#3045 = ORIENTED_EDGE ( 'NONE', *, *, #844, .T. ) ;
#3046 = CARTESIAN_POINT ( 'NONE',  ( -0.7838367176906000400, 1.099999999999999900, 1.186179938779914800 ) ) ;
#3047 = DIRECTION ( 'NONE',  ( 1.000000000000000000, 0.0000000000000000000, 0.0000000000000000000 ) ) ;
#3048 = CARTESIAN_POINT ( 'NONE',  ( -0.3503804726440175600, 1.508986332922442700, -0.5474792462366107100 ) ) ;
#3049 = CARTESIAN_POINT ( 'NONE',  ( -0.7838367176906000400, 1.500000000000000000, 1.460000000000000000 ) ) ;
#3050 = ORIENTED_EDGE ( 'NONE', *, *, #3427, .F. ) ;
#3051 = EDGE_CURVE ( 'NONE', #3372, #3375, #4455, .T. ) ;
#3052 = CARTESIAN_POINT ( 'NONE',  ( 1.136833247463472100, 1.600000000000000100, -0.9793603899754596000 ) ) ;
#3053 = ORIENTED_EDGE ( 'NONE', *, *, #5547, .F. ) ;
#3054 = VECTOR ( 'NONE', #6111, 1000.000000000000000 ) ;
#3055 = DIRECTION ( 'NONE',  ( 0.0000000000000000000, -1.000000000000000000, 0.0000000000000000000 ) ) ;
#3056 = CARTESIAN_POINT ( 'NONE',  ( -0.6500000000000001300, 0.0000000000000000000, 1.680000000000000200 ) ) ;
#3057 = CARTESIAN_POINT ( 'NONE',  ( -0.6301561320620000500, 1.552456892945000000, -0.3002162990528999800 ) ) ;
#3058 = VERTEX_POINT ( 'NONE', #3422 ) ;
#3059 = VERTEX_POINT ( 'NONE', #3915 ) ;
#3060 = LINE ( 'NONE', #4812, #735 ) ;
#3061 = EDGE_CURVE ( 'NONE', #1955, #1879, #4161, .T. ) ;
#3062 = VERTEX_POINT ( 'NONE', #4871 ) ;
#3063 = CARTESIAN_POINT ( 'NONE',  ( -0.2400000000000000200, 1.100000000000000100, -1.367479433118000000 ) ) ;
#3064 = ORIENTED_EDGE ( 'NONE', *, *, #1370, .T. ) ;
#3065 = ADVANCED_FACE ( 'NONE', ( #686 ), #5372, .T. ) ;
#3066 = CONICAL_SURFACE ( 'NONE', #3174, 1.029371616141361300, 1.169370598909810000 ) ;
#3067 = CARTESIAN_POINT ( 'NONE',  ( -0.7838367176906000400, 1.110777309639018600, 1.212198665876328400 ) ) ;
#3068 = DIRECTION ( 'NONE',  ( 0.0000000000000000000, 0.0000000000000000000, 1.000000000000000000 ) ) ;
#3069 = B_SPLINE_CURVE_WITH_KNOTS ( 'NONE', 3,
 ( #2030, #2007, #2327, #2365 ),
 .UNSPECIFIED., .F., .F.,
 ( 4, 4 ),
 ( 0.0000000000000000000, 1.000000000000000000 ),
 .UNSPECIFIED. ) ;
#3070 = CARTESIAN_POINT ( 'NONE',  ( -0.9738101798165893500, 1.200000000023901300, -8.067512848135768400E-017 ) ) ;
#3071 = ORIENTED_EDGE ( 'NONE', *, *, #729, .F. ) ;
#3072 = CARTESIAN_POINT ( 'NONE',  ( -0.6000000000000000900, 0.7999999999999999300, 1.600000000000000100 ) ) ;
#3073 = CARTESIAN_POINT ( 'NONE',  ( 1.355463258859696200, 1.600000000000000300, 0.6437602785317692000 ) ) ;
#3074 = CARTESIAN_POINT ( 'NONE',  ( 0.2999999999986287500, 1.561383992044527200, -0.9846856982387111000 ) ) ;
#3075 = B_SPLINE_CURVE_WITH_KNOTS ( 'NONE', 3,
 ( #2385, #4773, #2851, #52, #3335, #542, #3828, #1012, #4316, #1476, #4800, #1929, #5291, #2409, #5770, #2869 ),
 .UNSPECIFIED., .F., .F.,
 ( 4, 1, 2, 2, 2, 1, 2, 2, 4 ),
 ( 0.0000000000000000000, 0.06249999999999988900, 0.09374999999999984700, 0.1249999999999998100, 0.2499999999999998900, 0.3124999999999998900, 0.3437499999999998900, 0.3749999999999998900, 0.5000000000000000000 ),
 .UNSPECIFIED. ) ;
#3076 = CARTESIAN_POINT ( 'NONE',  ( 0.0000000000000000000, 1.200000000000000000, 0.0000000000000000000 ) ) ;
#3077 = CARTESIAN_POINT ( 'NONE',  ( -1.349999999999999900, 0.8100000000000000500, 1.100000000000000100 ) ) ;
#3078 = EDGE_CURVE ( 'NONE', #3104, #2404, #3029, .T. ) ;
#3079 = VECTOR ( 'NONE', #5467, 1000.000000000000000 ) ;
#3080 = ORIENTED_EDGE ( 'NONE', *, *, #3036, .T. ) ;
#3081 = CARTESIAN_POINT ( 'NONE',  ( 0.0000000000000000000, 0.0000000000000000000, 1.550000000000000300 ) ) ;
#3082 = DIRECTION ( 'NONE',  ( -0.0000000000000000000, -1.000000000000000000, -0.0000000000000000000 ) ) ;
#3083 = PLANE ( 'NONE',  #5816 ) ;
#3084 = FACE_OUTER_BOUND ( 'NONE', #4786, .T. ) ;
#3085 = AXIS2_PLACEMENT_3D ( 'NONE', #605, #446, #134 ) ;
#3086 = AXIS2_PLACEMENT_3D ( 'NONE', #1670, #5016, #2130 ) ;
#3087 = DIRECTION ( 'NONE',  ( 0.0000000000000000000, 0.0000000000000000000, 1.000000000000000000 ) ) ;
#3088 = CARTESIAN_POINT ( 'NONE',  ( -1.177620359600597000, 1.599999999986394300, -1.153735203210119000E-016 ) ) ;
#3089 = DIRECTION ( 'NONE',  ( -0.0000000000000000000, -1.000000000000000000, -0.0000000000000000000 ) ) ;
#3090 = FACE_BOUND ( 'NONE', #5193, .T. ) ;
#3091 = CARTESIAN_POINT ( 'NONE',  ( 0.3000000000019771300, 1.700000000002731800, -1.058300524432975300 ) ) ;
#3092 = CARTESIAN_POINT ( 'NONE',  ( 0.3000000000002214800, 1.149999999999964200, 0.0000000000000000000 ) ) ;
#3093 = CARTESIAN_POINT ( 'NONE',  ( 0.2500000000000000000, -0.1000000000000000200, -1.682876110195898000 ) ) ;
#3094 = ADVANCED_FACE ( 'NONE', ( #5748 ), #2507, .T. ) ;
#3095 = FACE_OUTER_BOUND ( 'NONE', #3482, .T. ) ;
#3096 = CARTESIAN_POINT ( 'NONE',  ( 0.6790520213273381100, 1.439558585106795400, -0.2999999999372051100 ) ) ;
#3097 = DIRECTION ( 'NONE',  ( 0.0000000000000000000, 0.0000000000000000000, 1.000000000000000000 ) ) ;
#3098 = EDGE_CURVE ( 'NONE', #2733, #5409, #4313, .T. ) ;
#3099 = CARTESIAN_POINT ( 'NONE',  ( 0.09629463829295753500, 0.8100000000000003900, 0.7599327859096054500 ) ) ;
#3100 = ORIENTED_EDGE ( 'NONE', *, *, #5325, .T. ) ;
#3101 = LINE ( 'NONE', #4385, #4858 ) ;
#3102 = CARTESIAN_POINT ( 'NONE',  ( 0.6500000000000002400, 0.02000000000000001100, 1.700000000000000200 ) ) ;
#3103 = CARTESIAN_POINT ( 'NONE',  ( -0.01889993167819505400, 0.6500000000000001300, 0.3000334351569608500 ) ) ;
#3104 = VERTEX_POINT ( 'NONE', #4446 ) ;
#3105 = EDGE_CURVE ( 'NONE', #4854, #133, #1918, .T. ) ;
#3106 = CARTESIAN_POINT ( 'NONE',  ( 0.3614129349899108400, 0.8999999999446118800, -0.6177597427225702800 ) ) ;
#3107 = LINE ( 'NONE', #1312, #2006 ) ;
#3108 = ORIENTED_EDGE ( 'NONE', *, *, #2425, .F. ) ;
#3109 = CARTESIAN_POINT ( 'NONE',  ( -0.1541501446032904600, 1.599999999996271500, 1.177620359613315900 ) ) ;
#3110 = DIRECTION ( 'NONE',  ( 0.0000000000000000000, 0.0000000000000000000, 1.000000000000000000 ) ) ;
#3111 = B_SPLINE_CURVE_WITH_KNOTS ( 'NONE', 3,
 ( #1213, #4036, #2607, #5978 ),
 .UNSPECIFIED., .F., .F.,
 ( 4, 4 ),
 ( 0.0000000000000000000, 1.000000000000000000 ),
 .UNSPECIFIED. ) ;
#3112 = CARTESIAN_POINT ( 'NONE',  ( 0.2700000000000000700, 0.0000000000000000000, -1.631460183660000200 ) ) ;
#3113 = LINE ( 'NONE', #769, #4412 ) ;
#3114 = ORIENTED_EDGE ( 'NONE', *, *, #3270, .F. ) ;
#3115 = EDGE_CURVE ( 'NONE', #4663, #5231, #3009, .T. ) ;
#3116 = DIRECTION ( 'NONE',  ( 0.0000000000000000000, 1.000000000000000000, 0.0000000000000000000 ) ) ;
#3117 = DIRECTION ( 'NONE',  ( 0.0000000000000000000, 0.0000000000000000000, 1.000000000000000000 ) ) ;
#3118 = ORIENTED_EDGE ( 'NONE', *, *, #5826, .T. ) ;
#3119 = CARTESIAN_POINT ( 'NONE',  ( -0.5589875515136866200, 1.508986332656697900, -0.3323984240247359600 ) ) ;
#3120 = DIRECTION ( 'NONE',  ( 0.0000000000000000000, 0.0000000000000000000, 1.000000000000000000 ) ) ;
#3121 = DIRECTION ( 'NONE',  ( -0.0000000000000000000, 0.0000000000000000000, 1.000000000000000000 ) ) ;
#3122 = VERTEX_POINT ( 'NONE', #3472 ) ;
#3123 = AXIS2_PLACEMENT_3D ( 'NONE', #3590, #4039, #4258 ) ;
#3124 = EDGE_LOOP ( 'NONE', ( #324, #5196, #4805, #5983 ) ) ;
#3125 = VERTEX_POINT ( 'NONE', #679 ) ;
#3126 = CARTESIAN_POINT ( 'NONE',  ( -0.2999999999999999900, 0.6500000000000001300, 3.306546357697853100E-017 ) ) ;
#3127 = PLANE ( 'NONE',  #265 ) ;
#3128 = CYLINDRICAL_SURFACE ( 'NONE', #4520, 0.01000000000000002600 ) ;
#3129 = ADVANCED_FACE ( 'NONE', ( #5430 ), #200, .T. ) ;
#3130 = CARTESIAN_POINT ( 'NONE',  ( -0.1976376813462385800, 0.6500000000000001300, -0.2266785134940211600 ) ) ;
#3131 = ORIENTED_EDGE ( 'NONE', *, *, #664, .F. ) ;
#3132 = AXIS2_PLACEMENT_3D ( 'NONE', #5408, #2525, #5896 ) ;
#3133 = ORIENTED_EDGE ( 'NONE', *, *, #6041, .F. ) ;
#3134 = CARTESIAN_POINT ( 'NONE',  ( -0.9846856982453949800, 1.561383992050845400, -0.3000000000000476700 ) ) ;
#3135 = AXIS2_PLACEMENT_3D ( 'NONE', #6026, #822, #4117 ) ;
#3136 = FACE_OUTER_BOUND ( 'NONE', #732, .T. ) ;
#3137 = EDGE_CURVE ( 'NONE', #3945, #4261, #1949, .T. ) ;
#3138 = CARTESIAN_POINT ( 'NONE',  ( -0.6448130154641855700, 0.7999999999999998200, -0.2299694505121683800 ) ) ;
#3139 = ORIENTED_EDGE ( 'NONE', *, *, #1805, .T. ) ;
#3140 = EDGE_LOOP ( 'NONE', ( #1946, #2338, #3946, #3774, #355, #852 ) ) ;
#3141 = CARTESIAN_POINT ( 'NONE',  ( 0.0000000000000000000, 1.205000000000000100, 0.0000000000000000000 ) ) ;
#3142 = VECTOR ( 'NONE', #1104, 1000.000000000000000 ) ;
#3143 = DIRECTION ( 'NONE',  ( 0.0000000000000000000, 0.0000000000000000000, -1.000000000000000000 ) ) ;
#3144 = CARTESIAN_POINT ( 'NONE',  ( -1.200000000000000000, 0.6800000000000000500, 1.680000000000000200 ) ) ;
#3145 = DIRECTION ( 'NONE',  ( 1.000000000000000000, 0.0000000000000000000, 0.0000000000000000000 ) ) ;
#3146 = CARTESIAN_POINT ( 'NONE',  ( -0.5999999999999999800, 0.0000000000000000000, -1.149999999999999900 ) ) ;
#3147 = ORIENTED_EDGE ( 'NONE', *, *, #3878, .F. ) ;
#3148 = EDGE_CURVE ( 'NONE', #1955, #3225, #5907, .T. ) ;
#3149 = VECTOR ( 'NONE', #2833, 1000.000000000000000 ) ;
#3150 = DIRECTION ( 'NONE',  ( -0.0000000000000000000, -0.0000000000000000000, 1.000000000000000000 ) ) ;
#3151 = CARTESIAN_POINT ( 'NONE',  ( -0.5999999999999999800, 0.0000000000000000000, -1.851460183660000200 ) ) ;
#3152 = DIRECTION ( 'NONE',  ( 0.0000000000000000000, 0.0000000000000000000, -1.000000000000000000 ) ) ;
#3153 = CARTESIAN_POINT ( 'NONE',  ( -0.2400000000000000200, 1.090000000000000100, -1.973810179798000100 ) ) ;
#3154 = B_SPLINE_CURVE_WITH_KNOTS ( 'NONE', 3,
 ( #3669, #2955, #2994, #2739 ),
 .UNSPECIFIED., .F., .F.,
 ( 4, 4 ),
 ( 0.0000000000000000000, 1.000000000000000000 ),
 .UNSPECIFIED. ) ;
#3155 = CARTESIAN_POINT ( 'NONE',  ( -0.7838715289068810500, 1.243782875401555400, 1.159976477319400800 ) ) ;
#3156 = CARTESIAN_POINT ( 'NONE',  ( -0.2700000000000000700, -0.05000000000000000300, -1.631460183660000200 ) ) ;
#3157 = DIRECTION ( 'NONE',  ( 0.0000000000000000000, 0.0000000000000000000, -1.000000000000000000 ) ) ;
#3158 = CARTESIAN_POINT ( 'NONE',  ( 0.1927668399491828700, 0.9566994801525047200, -0.9738101797978002700 ) ) ;
#3159 = CARTESIAN_POINT ( 'NONE',  ( 0.2110614649893137700, 0.7999999999999999300, -0.6512101985941347600 ) ) ;
#3160 = LINE ( 'NONE', #4102, #1760 ) ;
#3161 = DIRECTION ( 'NONE',  ( 0.0000000000000000000, -1.000000000000000000, 0.0000000000000000000 ) ) ;
#3162 = ADVANCED_FACE ( 'NONE', ( #4150 ), #881, .T. ) ;
#3163 = EDGE_CURVE ( 'NONE', #1296, #4647, #3317, .T. ) ;
#3164 = CARTESIAN_POINT ( 'NONE',  ( -0.5751513669996968200, 1.512413740606136000, -0.3184293587429334300 ) ) ;
#3165 = CARTESIAN_POINT ( 'NONE',  ( -0.2999999998189495900, 1.434823480246557800, -0.6668566670645990100 ) ) ;
#3166 = EDGE_CURVE ( 'NONE', #1445, #5338, #386, .T. ) ;
#3167 = DIRECTION ( 'NONE',  ( 1.000000000000000000, 0.0000000000000000000, 0.0000000000000000000 ) ) ;
#3168 = VECTOR ( 'NONE', #2937, 1000.000000000000000 ) ;
#3169 = VERTEX_POINT ( 'NONE', #3077 ) ;
#3170 = CARTESIAN_POINT ( 'NONE',  ( -0.2987600967242000100, 1.421601724577999900, -0.6462359116192001300 ) ) ;
#3171 = CARTESIAN_POINT ( 'NONE',  ( 0.5957075149260999700, 1.405528860497000000, 0.3560075167873000300 ) ) ;
#3172 = CARTESIAN_POINT ( 'NONE',  ( 0.5234830178197114000, 0.9000000000000003600, 0.4556368946573897700 ) ) ;
#3173 = AXIS2_PLACEMENT_3D ( 'NONE', #3320, #3365, #2364 ) ;
#3174 = AXIS2_PLACEMENT_3D ( 'NONE', #5009, #1223, #275 ) ;
#3175 = VECTOR ( 'NONE', #3082, 1000.000000000000000 ) ;
#3176 = VERTEX_POINT ( 'NONE', #782 ) ;
#3177 = DIRECTION ( 'NONE',  ( 1.000000000000000000, 0.0000000000000000000, 0.0000000000000000000 ) ) ;
#3178 = FACE_OUTER_BOUND ( 'NONE', #3438, .T. ) ;
#3179 = CARTESIAN_POINT ( 'NONE',  ( 0.4796188333398749300, 1.700000000003883700, -1.007383371169879000 ) ) ;
#3180 = CARTESIAN_POINT ( 'NONE',  ( -6.504724334620824100E-017, 1.200000000019917800, 0.9738101798134577400 ) ) ;
#3181 =( LENGTH_UNIT ( ) NAMED_UNIT ( * ) SI_UNIT ( .MILLI., .METRE. ) );
#3182 = EDGE_LOOP ( 'NONE', ( #1096, #4182, #2004, #1971 ) ) ;
#3183 = CARTESIAN_POINT ( 'NONE',  ( -0.5474792456178281300, 1.508986332787305400, -0.3503804727975972100 ) ) ;
#3184 = CARTESIAN_POINT ( 'NONE',  ( -0.7838367176906000400, 1.100000000000000100, 1.159999999999999900 ) ) ;
#3185 = EDGE_CURVE ( 'NONE', #5189, #1505, #5578, .T. ) ;
#3186 = LINE ( 'NONE', #744, #5765 ) ;
#3187 = CARTESIAN_POINT ( 'NONE',  ( -0.5918697457819096500, 1.416935847957749600, -0.3528625240847166300 ) ) ;
#3188 = EDGE_LOOP ( 'NONE', ( #430, #2235, #3712, #4658 ) ) ;
#3189 = CARTESIAN_POINT ( 'NONE',  ( -0.3002162983753000100, 1.552456855487999800, -0.6301561520674999800 ) ) ;
#3190 = FACE_OUTER_BOUND ( 'NONE', #2344, .T. ) ;
#3191 = ORIENTED_EDGE ( 'NONE', *, *, #92, .T. ) ;
#3192 = CARTESIAN_POINT ( 'NONE',  ( 0.6334329852251998600, 1.449364009289000100, 0.2984672903894000600 ) ) ;
#3193 = CARTESIAN_POINT ( 'NONE',  ( 0.03755226525633942300, 0.6500000000000001300, -0.2982948602620020300 ) ) ;
#3194 = CARTESIAN_POINT ( 'NONE',  ( 0.04814731914649150700, 0.8100000000000000500, -0.7600336070451911800 ) ) ;
#3195 = CARTESIAN_POINT ( 'NONE',  ( -0.3279366275123026300, 0.7999999999999999300, 0.6861288132144629500 ) ) ;
#3196 = ADVANCED_FACE ( 'NONE', ( #5301 ), #232, .F. ) ;
#3197 = ORIENTED_EDGE ( 'NONE', *, *, #4994, .F. ) ;
#3198 =( BOUNDED_CURVE ( )  B_SPLINE_CURVE ( 3, ( #800, #2166, #1269, #4589, #1722, #5068, #2190 ),
 .UNSPECIFIED., .F., .T. ) 
 B_SPLINE_CURVE_WITH_KNOTS ( ( 4, 1, 1, 1, 4 ),
 ( 0.0000000000000000000, 0.03799136068227317700, 0.4676853543455817800, 0.8634746599167961700, 1.000000000000000000 ),
 .UNSPECIFIED. ) 
 CURVE ( )  GEOMETRIC_REPRESENTATION_ITEM ( )  RATIONAL_B_SPLINE_CURVE ( ( 1.077293646641452900, 1.077293646641452900, 1.077293646641452900, 1.077293646641452900, 1.077293646641452900, 1.077293646641452900, 1.077293646641452900 ) ) 
 REPRESENTATION_ITEM ( '' )  );
#3199 = CARTESIAN_POINT ( 'NONE',  ( 0.3000000000000000400, 0.6500000000000001300, 0.01898481357484984100 ) ) ;
#3200 = EDGE_LOOP ( 'NONE', ( #2008, #4041, #4984, #5015 ) ) ;
#3201 = ORIENTED_EDGE ( 'NONE', *, *, #1083, .F. ) ;
#3202 = CARTESIAN_POINT ( 'NONE',  ( 0.2400000000000000200, 1.200000000000000000, -0.9738101797978002700 ) ) ;
#3203 = ORIENTED_EDGE ( 'NONE', *, *, #2399, .F. ) ;
#3204 = CARTESIAN_POINT ( 'NONE',  ( 0.1567505699424746900, 0.8775316280130199800, -0.9738101797978002700 ) ) ;
#3205 = ORIENTED_EDGE ( 'NONE', *, *, #3573, .T. ) ;
#3206 = DIRECTION ( 'NONE',  ( 1.000000000000000000, 0.0000000000000000000, 0.0000000000000000000 ) ) ;
#3207 =( NAMED_UNIT ( * ) SI_UNIT ( $, .STERADIAN. ) SOLID_ANGLE_UNIT ( ) );
#3208 = EDGE_CURVE ( 'NONE', #4663, #1391, #2708, .T. ) ;
#3209 = PLANE ( 'NONE',  #1499 ) ;
#3210 = CARTESIAN_POINT ( 'NONE',  ( -0.6067543176326148900, 1.521077163718520500, -0.3024647643351208700 ) ) ;
#3211 = ORIENTED_EDGE ( 'NONE', *, *, #3228, .T. ) ;
#3212 = ORIENTED_EDGE ( 'NONE', *, *, #3406, .T. ) ;
#3213 = FACE_OUTER_BOUND ( 'NONE', #626, .T. ) ;
#3214 = AXIS2_PLACEMENT_3D ( 'NONE', #2230, #2408, #2623 ) ;
#3215 = AXIS2_PLACEMENT_3D ( 'NONE', #685, #5413, #203 ) ;
#3216 = CARTESIAN_POINT ( 'NONE',  ( 0.2999999999999999900, 1.607589328045833100, 1.009223973657239900 ) ) ;
#3217 = ORIENTED_EDGE ( 'NONE', *, *, #2564, .T. ) ;
#3218 = DIRECTION ( 'NONE',  ( -0.0000000000000000000, -1.000000000000000000, -0.0000000000000000000 ) ) ;
#3219 = CARTESIAN_POINT ( 'NONE',  ( 0.0000000000000000000, 1.010000000000000000, 0.02618982020222999900 ) ) ;
#3220 = CARTESIAN_POINT ( 'NONE',  ( -0.2700000000000000200, -0.05000000000000000300, -1.741460183660000100 ) ) ;
#3221 = ORIENTED_EDGE ( 'NONE', *, *, #3039, .T. ) ;
#3222 = VECTOR ( 'NONE', #4302, 1000.000000000000000 ) ;
#3223 = CARTESIAN_POINT ( 'NONE',  ( 1.219256453093048800, 1.100000000000000100, 0.6943664807649181400 ) ) ;
#3224 = AXIS2_PLACEMENT_3D ( 'NONE', #3314, #1444, #4769 ) ;
#3225 = VERTEX_POINT ( 'NONE', #4594 ) ;
#3226 = FACE_OUTER_BOUND ( 'NONE', #118, .T. ) ;
#3227 = CARTESIAN_POINT ( 'NONE',  ( -1.000000000000000000, 1.600000000000000100, 1.560000000000000300 ) ) ;
#3228 = EDGE_CURVE ( 'NONE', #2150, #3664, #3990, .T. ) ;
#3229 = ADVANCED_FACE ( 'NONE', ( #2570 ), #89, .F. ) ;
#3230 = ORIENTED_EDGE ( 'NONE', *, *, #5407, .F. ) ;
#3231 = CARTESIAN_POINT ( 'NONE',  ( -0.3000000000006651800, 1.561383992048451600, 0.9846856982372748100 ) ) ;
#3232 = DIRECTION ( 'NONE',  ( 1.000000000000000000, 0.0000000000000000000, 0.0000000000000000000 ) ) ;
#3233 = DIRECTION ( 'NONE',  ( 0.0000000000000000000, -0.0000000000000000000, -1.000000000000000000 ) ) ;
#3234 = CARTESIAN_POINT ( 'NONE',  ( -0.6337405836785827700, 1.530703003552336600, 0.2999999994448311300 ) ) ;
#3235 = B_SPLINE_CURVE_WITH_KNOTS ( 'NONE', 3,
 ( #5294, #5332, #5355, #5279 ),
 .UNSPECIFIED., .F., .F.,
 ( 4, 4 ),
 ( 0.0000000000000000000, 1.000000000000000000 ),
 .UNSPECIFIED. ) ;
#3236 = EDGE_CURVE ( 'NONE', #4113, #4224, #1345, .T. ) ;
#3237 = CARTESIAN_POINT ( 'NONE',  ( 0.6977456269420216900, 0.8100000000000002800, -0.3021719340848649800 ) ) ;
#3238 = VECTOR ( 'NONE', #3476, 1000.000000000000000 ) ;
#3239 = ORIENTED_EDGE ( 'NONE', *, *, #3518, .F. ) ;
#3240 = CARTESIAN_POINT ( 'NONE',  ( -0.3177423253344999200, 1.499192903248000300, 0.5714033631885999700 ) ) ;
#3241 = CARTESIAN_POINT ( 'NONE',  ( 0.1494002559260535200, 1.600000000000000100, -1.177553066064328100 ) ) ;
#3242 = CARTESIAN_POINT ( 'NONE',  ( 1.176157565642580700, 1.100000000000000100, -0.7602751196772357100 ) ) ;
#3243 = VECTOR ( 'NONE', #2961, 1000.000000000000100 ) ;
#3244 = CARTESIAN_POINT ( 'NONE',  ( 0.1806329963160920000, 0.9128161803220006300, -0.9738101797978001600 ) ) ;
#3245 = DIRECTION ( 'NONE',  ( 1.000000000000000000, -0.0000000000000000000, 0.0000000000000000000 ) ) ;
#3246 = CARTESIAN_POINT ( 'NONE',  ( -1.058300524439611500, 1.700000000010851300, -0.3000000000026191200 ) ) ;
#3247 = CYLINDRICAL_SURFACE ( 'NONE', #1381, 0.03000000000000007900 ) ;
#3248 = EDGE_CURVE ( 'NONE', #5549, #4716, #1619, .T. ) ;
#3249 = CARTESIAN_POINT ( 'NONE',  ( -0.6218334183858274000, 1.526134711083752000, -0.2999999997101678300 ) ) ;
#3250 = CARTESIAN_POINT ( 'NONE',  ( -0.5004517608268087600, 0.8100000000000002800, -0.5744029427046636300 ) ) ;
#3251 = CARTESIAN_POINT ( 'NONE',  ( -5.410954122340999800, 1.500000000000000000, 1.360000000000000100 ) ) ;
#3252 = LINE ( 'NONE', #2347, #1850 ) ;
#3253 = CARTESIAN_POINT ( 'NONE',  ( 0.8089488030467922900, 0.8764413300365039300, -9.906765623253367400E-017 ) ) ;
#3254 = DIRECTION ( 'NONE',  ( -1.000000000000000000, 0.0000000000000000000, 0.0000000000000000000 ) ) ;
#3255 = CARTESIAN_POINT ( 'NONE',  ( 0.0000000000000000000, 0.6500000000000001300, 0.0000000000000000000 ) ) ;
#3256 = VERTEX_POINT ( 'NONE', #5095 ) ;
#3257 = DIRECTION ( 'NONE',  ( 1.000000000000000000, 0.0000000000000000000, 0.0000000000000000000 ) ) ;
#3258 = CARTESIAN_POINT ( 'NONE',  ( -0.3002088313440000000, 1.548935983790999900, 0.6318041973957000400 ) ) ;
#3259 = ADVANCED_FACE ( 'NONE', ( #3858 ), #4613, .T. ) ;
#3260 = AXIS2_PLACEMENT_3D ( 'NONE', #5756, #2859, #59 ) ;
#3261 = LINE ( 'NONE', #3488, #774 ) ;
#3262 = EDGE_CURVE ( 'NONE', #6140, #5989, #1128, .T. ) ;
#3263 = ORIENTED_EDGE ( 'NONE', *, *, #6075, .T. ) ;
#3264 = DIRECTION ( 'NONE',  ( 0.0000000000000000000, 0.0000000000000000000, 1.000000000000000000 ) ) ;
#3265 = CARTESIAN_POINT ( 'NONE',  ( -0.6977456269420214700, 0.8000000000000000400, -0.3021719340848650900 ) ) ;
#3266 = LINE ( 'NONE', #1011, #4254 ) ;
#3267 = CARTESIAN_POINT ( 'NONE',  ( 0.5628661471170000000, 1.517216019213000000, -0.3173372140064000300 ) ) ;
#3268 = VERTEX_POINT ( 'NONE', #841 ) ;
#3269 = DIRECTION ( 'NONE',  ( 0.0000000000000000000, 1.000000000000000000, 0.0000000000000000000 ) ) ;
#3270 = EDGE_CURVE ( 'NONE', #1247, #5462, #2201, .T. ) ;
#3271 = CARTESIAN_POINT ( 'NONE',  ( -0.6500000000000001300, 0.0000000000000000000, 0.0000000000000000000 ) ) ;
#3272 = CARTESIAN_POINT ( 'NONE',  ( -0.3000000010500065200, 1.425862144071788700, 0.6437765717166581400 ) ) ;
#3273 = VECTOR ( 'NONE', #2117, 1000.000000000000000 ) ;
#3274 = EDGE_LOOP ( 'NONE', ( #3884, #486 ) ) ;
#3275 = CARTESIAN_POINT ( 'NONE',  ( 1.200000000000000000, 0.6800000000000000500, 1.800000000000000300 ) ) ;
#3276 = ORIENTED_EDGE ( 'NONE', *, *, #1784, .F. ) ;
#3277 = DIRECTION ( 'NONE',  ( 0.0000000000000000000, 0.0000000000000000000, 1.000000000000000000 ) ) ;
#3278 = B_SPLINE_CURVE_WITH_KNOTS ( 'NONE', 3,
 ( #3369, #77, #4832, #1959, #5316, #2433 ),
 .UNSPECIFIED., .F., .F.,
 ( 4, 2, 4 ),
 ( 0.0000000000000000000, 0.2500000000000000000, 0.5000000000000000000 ),
 .UNSPECIFIED. ) ;
#3279 = VERTEX_POINT ( 'NONE', #823 ) ;
#3280 = CARTESIAN_POINT ( 'NONE',  ( -0.5999999999999999800, 0.02000000000000000000, -1.149999999999999900 ) ) ;
#3281 = CARTESIAN_POINT ( 'NONE',  ( -1.063175067144618300, 1.200000000000000200, 0.9485858877110816500 ) ) ;
#3282 = CARTESIAN_POINT ( 'NONE',  ( 1.528788438951439200, 1.700000000000000200, 0.06081104660688422400 ) ) ;
#3283 = CARTESIAN_POINT ( 'NONE',  ( -0.7843973260861401000, 0.8282563434278216200, -1.568794652172279800 ) ) ;
#3284 = CARTESIAN_POINT ( 'NONE',  ( 0.2676680710829438300, 0.1500000000000000200, 0.1565959976289847100 ) ) ;
#3285 = ORIENTED_EDGE ( 'NONE', *, *, #1122, .F. ) ;
#3286 = CARTESIAN_POINT ( 'NONE',  ( -0.2999999998899776600, 1.439558585120840300, -0.6790520214074912100 ) ) ;
#3287 = ORIENTED_EDGE ( 'NONE', *, *, #1347, .F. ) ;
#3288 = EDGE_LOOP ( 'NONE', ( #5329, #4137, #58, #5850 ) ) ;
#3289 = VECTOR ( 'NONE', #775, 1000.000000000000000 ) ;
#3290 = CARTESIAN_POINT ( 'NONE',  ( 0.04398165083047801700, 0.8096956502299490500, -0.9738101797978002700 ) ) ;
#3291 = EDGE_CURVE ( 'NONE', #4124, #4963, #3689, .T. ) ;
#3292 = DIRECTION ( 'NONE',  ( 0.0000000000000000000, 0.0000000000000000000, -1.000000000000000000 ) ) ;
#3293 = VERTEX_POINT ( 'NONE', #487 ) ;
#3294 = EDGE_CURVE ( 'NONE', #3726, #1495, #2435, .T. ) ;
#3295 = ORIENTED_EDGE ( 'NONE', *, *, #5524, .F. ) ;
#3296 = CARTESIAN_POINT ( 'NONE',  ( 0.6374830879201000000, 1.536800187477000100, -0.3001834030946999900 ) ) ;
#3297 = ADVANCED_FACE ( 'NONE', ( #6110 ), #2794, .T. ) ;
#3298 = VECTOR ( 'NONE', #780, 1000.000000000000000 ) ;
#3299 = PLANE ( 'NONE',  #5249 ) ;
#3300 = CARTESIAN_POINT ( 'NONE',  ( 0.08548855171422142800, 0.8241600184380951700, -0.9738101797978001600 ) ) ;
#3301 = ORIENTED_EDGE ( 'NONE', *, *, #4660, .F. ) ;
#3302 = AXIS2_PLACEMENT_3D ( 'NONE', #2929, #3116, #3232 ) ;
#3303 = EDGE_LOOP ( 'NONE', ( #3496, #2013, #4778, #5872 ) ) ;
#3304 = CIRCLE ( 'NONE', #5336, 0.1200000000000000900 ) ;
#3305 = DIRECTION ( 'NONE',  ( 1.000000000000000000, 0.0000000000000000000, -0.0000000000000000000 ) ) ;
#3306 = CARTESIAN_POINT ( 'NONE',  ( -0.5587178810351834900, 1.200000000000000400, -1.310721457508855500 ) ) ;
#3307 = CARTESIAN_POINT ( 'NONE',  ( -0.6049725677420999500, 0.9000000000000001300, 0.1583814478701613700 ) ) ;
#3308 = CARTESIAN_POINT ( 'NONE',  ( 0.8076462587976381800, 1.212420781882637400, 1.143573068646658800 ) ) ;
#3309 = ORIENTED_EDGE ( 'NONE', *, *, #4612, .F. ) ;
#3310 = DIRECTION ( 'NONE',  ( 0.0000000000000000000, 1.000000000000000000, 0.0000000000000000000 ) ) ;
#3311 = VECTOR ( 'NONE', #952, 1000.000000000000000 ) ;
#3312 = PLANE ( 'NONE',  #3007 ) ;
#3313 = CARTESIAN_POINT ( 'NONE',  ( -0.08631425483948876300, 0.8239331831997148700, -0.9738101797977999400 ) ) ;
#3314 = CARTESIAN_POINT ( 'NONE',  ( 0.0000000000000000000, 0.8000000000000000400, -0.1200000000000000100 ) ) ;
#3315 = EDGE_CURVE ( 'NONE', #575, #387, #3779, .T. ) ;
#3316 = DIRECTION ( 'NONE',  ( -1.000000000000000000, -0.0000000000000000000, -0.0000000000000000000 ) ) ;
#3317 = B_SPLINE_CURVE_WITH_KNOTS ( 'NONE', 3,
 ( #3014, #5486, #279, #3554, #761, #4053, #1226, #4541, #1687, #5036, #2149, #5498, #2625, #5993, #3099, #295 ),
 .UNSPECIFIED., .F., .F.,
 ( 4, 1, 2, 2, 2, 1, 2, 2, 4 ),
 ( 0.0000000000000000000, 0.06250000000000004200, 0.09375000000000005600, 0.1250000000000000800, 0.2500000000000001100, 0.3125000000000000600, 0.3437500000000000000, 0.3749999999999999400, 0.5000000000000000000 ),
 .UNSPECIFIED. ) ;
#3318 = CARTESIAN_POINT ( 'NONE',  ( -0.2400000000000000500, 1.200000000000000000, -0.9738101797978002700 ) ) ;
#3319 = DIRECTION ( 'NONE',  ( -0.0000000000000000000, 1.000000000000000000, 0.0000000000000000000 ) ) ;
#3320 = CARTESIAN_POINT ( 'NONE',  ( -1.500000000000000000, 0.0000000000000000000, 1.700000000000000000 ) ) ;
#3321 = CARTESIAN_POINT ( 'NONE',  ( -0.04398165083048854300, 0.8103043497700510600, -0.9738101797978001600 ) ) ;
#3322 = DIRECTION ( 'NONE',  ( 0.0000000000000000000, 0.0000000000000000000, -1.000000000000000000 ) ) ;
#3323 = CARTESIAN_POINT ( 'NONE',  ( -0.1927668399491913900, 0.9566994801525022800, -1.367479433118000000 ) ) ;
#3324 = ADVANCED_FACE ( 'NONE', ( #2279 ), #3312, .T. ) ;
#3325 = VECTOR ( 'NONE', #587, 1000.000000000000000 ) ;
#3326 = ORIENTED_EDGE ( 'NONE', *, *, #3902, .F. ) ;
#3327 = CARTESIAN_POINT ( 'NONE',  ( -1.200000000000000000, -0.09999999999999999200, 1.000000000000000000 ) ) ;
#3328 = EDGE_CURVE ( 'NONE', #1887, #2054, #4841, .T. ) ;
#3329 = CARTESIAN_POINT ( 'NONE',  ( -0.6233090288450224800, 0.8100000000000000500, 0.4405335693663066700 ) ) ;
#3330 = VECTOR ( 'NONE', #5429, 1000.000000000000000 ) ;
#3331 = CARTESIAN_POINT ( 'NONE',  ( 0.6842078896604000300, 0.8000000000000000400, -5.027478012143845300E-017 ) ) ;
#3332 = EDGE_LOOP ( 'NONE', ( #3492, #5924, #998, #3131 ) ) ;
#3333 = CARTESIAN_POINT ( 'NONE',  ( 0.5930719647724704800, 1.599999999996271300, 1.028988640878961900 ) ) ;
#3334 = AXIS2_PLACEMENT_3D ( 'NONE', #1532, #2140, #4066 ) ;
#3335 = CARTESIAN_POINT ( 'NONE',  ( 0.7233143873051199900, 0.8000000000000002700, -0.2345328161370254800 ) ) ;
#3336 = FACE_BOUND ( 'NONE', #4689, .T. ) ;
#3337 = DIRECTION ( 'NONE',  ( 0.0000000000000000000, -0.0000000000000000000, 1.000000000000000000 ) ) ;
#3338 = CARTESIAN_POINT ( 'NONE',  ( -0.3528625245805536200, 1.416935847603695300, 0.5918697444310432300 ) ) ;
#3339 = CARTESIAN_POINT ( 'NONE',  ( 0.0000000000000000000, 1.700000000028012400, 0.0000000000000000000 ) ) ;
#3340 = VERTEX_POINT ( 'NONE', #3795 ) ;
#3341 = DIRECTION ( 'NONE',  ( -0.0000000000000000000, 0.0000000000000000000, -1.000000000000000000 ) ) ;
#3342 = LINE ( 'NONE', #2563, #2067 ) ;
#3343 = CARTESIAN_POINT ( 'NONE',  ( 0.0000000000000000000, 0.8764413300365039300, 0.0000000000000000000 ) ) ;
#3344 = ORIENTED_EDGE ( 'NONE', *, *, #5995, .T. ) ;
#3345 = CARTESIAN_POINT ( 'NONE',  ( 0.0000000000000000000, 1.100000000000000100, -1.367479433118000000 ) ) ;
#3346 = ORIENTED_EDGE ( 'NONE', *, *, #3637, .F. ) ;
#3347 = AXIS2_PLACEMENT_3D ( 'NONE', #2463, #1549, #4883 ) ;
#3348 = EDGE_CURVE ( 'NONE', #4927, #436, #1062, .T. ) ;
#3349 = VECTOR ( 'NONE', #1089, 1000.000000000000000 ) ;
#3350 = VERTEX_POINT ( 'NONE', #4309 ) ;
#3351 =( BOUNDED_SURFACE ( )  B_SPLINE_SURFACE ( 3, 3, ( 
 ( #1037, #3803, #4336, #1496, #4826, #1951, #5307 ),
 ( #2428, #5794, #2890, #91, #3383, #578, #3867 ),
 ( #1054, #4359, #1512, #4843, #1974, #5330, #2442 ),
 ( #5815, #2909, #107, #3399, #597, #3886, #1069 ) ),
 .UNSPECIFIED., .F., .F., .F. ) 
 B_SPLINE_SURFACE_WITH_KNOTS ( ( 4, 4 ),
 ( 4, 1, 1, 1, 4 ),
 ( 0.0000000000000000000, 1.000000000000000000 ),
 ( 0.5662031989370000000, 0.5694075687312000200, 0.5732492089606999700, 0.5774646726147999500, 0.5775650629977000500 ),
 .UNSPECIFIED. ) 
 GEOMETRIC_REPRESENTATION_ITEM ( )  RATIONAL_B_SPLINE_SURFACE ( (
 ( 1.087292534816000100, 1.087292534816000100, 1.087292534816000100, 1.087292534816000100, 1.087292534816000100, 1.087292534816000100, 1.087292534816000100),
 ( 0.9709024883947999800, 0.9709024883947999800, 0.9709024883947999800, 0.9709024883947999800, 0.9709024883947999800, 0.9709024883947999800, 0.9709024883947999800),
 ( 0.9709024883947999800, 0.9709024883947999800, 0.9709024883947999800, 0.9709024883947999800, 0.9709024883947999800, 0.9709024883947999800, 0.9709024883947999800),
 ( 1.087292534816000100, 1.087292534816000100, 1.087292534816000100, 1.087292534816000100, 1.087292534816000100, 1.087292534816000100, 1.087292534816000100) ) ) 
 REPRESENTATION_ITEM ( '' )  SURFACE ( )  );
#3352 = VERTEX_POINT ( 'NONE', #1921 ) ;
#3353 = CARTESIAN_POINT ( 'NONE',  ( 0.3000000000026188400, 1.700000000010851300, 1.058300524439611500 ) ) ;
#3354 = EDGE_LOOP ( 'NONE', ( #2612, #2120, #4332, #4671, #5177 ) ) ;
#3355 = VERTEX_POINT ( 'NONE', #3820 ) ;
#3356 = CARTESIAN_POINT ( 'NONE',  ( 1.063175067144619000, 1.200000000000000600, 0.9485858877110812100 ) ) ;
#3357 = ADVANCED_FACE ( 'NONE', ( #906 ), #5825, .T. ) ;
#3358 = ORIENTED_EDGE ( 'NONE', *, *, #3228, .F. ) ;
#3359 = EDGE_CURVE ( 'NONE', #1980, #3225, #4440, .T. ) ;
#3360 = CARTESIAN_POINT ( 'NONE',  ( 7.210845020056011800E-017, 1.599999999998135400, -1.177620359604657900 ) ) ;
#3361 = CARTESIAN_POINT ( 'NONE',  ( -0.6923796403594879600, 0.9000000000000003600, 0.04411135382223563300 ) ) ;
#3362 = B_SPLINE_CURVE_WITH_KNOTS ( 'NONE', 3,
 ( #217, #3670, #6010, #195, #5261, #2377, #5744, #2842, #43, #3329, #535, #3819, #1003, #4308, #1469, #4789 ),
 .UNSPECIFIED., .F., .F.,
 ( 4, 1, 2, 2, 2, 1, 2, 2, 4 ),
 ( 0.5000000000000000000, 0.5624999999999998900, 0.5937499999999998900, 0.6249999999999998900, 0.7500000000000000000, 0.8125000000000001100, 0.8437500000000002200, 0.8750000000000002200, 1.000000000000000000 ),
 .UNSPECIFIED. ) ;
#3363 = EDGE_LOOP ( 'NONE', ( #1114, #3413, #510 ) ) ;
#3364 = B_SPLINE_CURVE_WITH_KNOTS ( 'NONE', 3,
 ( #4794, #3845, #4968, #2081 ),
 .UNSPECIFIED., .F., .F.,
 ( 4, 4 ),
 ( 0.0000000000000000000, 1.000000000000000000 ),
 .UNSPECIFIED. ) ;
#3365 = DIRECTION ( 'NONE',  ( 0.0000000000000000000, 0.0000000000000000000, 1.000000000000000000 ) ) ;
#3366 = EDGE_LOOP ( 'NONE', ( #6004, #5490, #2447, #1817 ) ) ;
#3367 = CARTESIAN_POINT ( 'NONE',  ( 0.8688596414526461600, 1.200000000039835600, 0.5083159220386719300 ) ) ;
#3368 = EDGE_LOOP ( 'NONE', ( #2600, #3885, #219, #5931, #4413, #5905, #5717, #2317, #1575, #1099, #4838, #601, #3064, #3565, #1222, #75, #3211, #2963, #1934, #2983, #2601, #2523, #2029, #1831, #3118, #443 ) ) ;
#3369 = CARTESIAN_POINT ( 'NONE',  ( 0.9228576348229943200, 1.099999999970750600, 6.781047891416917600E-017 ) ) ;
#3370 = CARTESIAN_POINT ( 'NONE',  ( -0.3157876092791422900, 1.150000000000000100, 0.5397728008854116900 ) ) ;
#3371 = CARTESIAN_POINT ( 'NONE',  ( 0.3157876092791422900, 1.149999999999999700, 0.5397728008854114600 ) ) ;
#3372 = VERTEX_POINT ( 'NONE', #2863 ) ;
#3373 = VECTOR ( 'NONE', #1582, 1000.000000000000000 ) ;
#3374 = ORIENTED_EDGE ( 'NONE', *, *, #983, .T. ) ;
#3375 = VERTEX_POINT ( 'NONE', #1945 ) ;
#3376 = CARTESIAN_POINT ( 'NONE',  ( -0.2779113193416793400, 1.157583416801716300, -3.403432076786054700E-017 ) ) ;
#3377 = FACE_OUTER_BOUND ( 'NONE', #2461, .T. ) ;
#3378 = EDGE_CURVE ( 'NONE', #5396, #5280, #5551, .T. ) ;
#3379 = CARTESIAN_POINT ( 'NONE',  ( -0.5999999999999999800, 0.0000000000000000000, 0.0000000000000000000 ) ) ;
#3380 = EDGE_CURVE ( 'NONE', #1887, #5749, #4695, .T. ) ;
#3381 = CARTESIAN_POINT ( 'NONE',  ( -0.1988298050177071700, 0.1499999999999999900, -0.02566887355049672600 ) ) ;
#3382 = ORIENTED_EDGE ( 'NONE', *, *, #5428, .F. ) ;
#3383 = CARTESIAN_POINT ( 'NONE',  ( 0.3194200400996998800, 1.420787536788000300, -0.6082754120719998700 ) ) ;
#3384 = VECTOR ( 'NONE', #4028, 1000.000000000000000 ) ;
#3385 = CARTESIAN_POINT ( 'NONE',  ( -0.6923796403815998300, 0.8999999999667671600, 3.185360720447597500E-010 ) ) ;
#3386 = PLANE ( 'NONE',  #3173 ) ;
#3387 = CARTESIAN_POINT ( 'NONE',  ( -8.172580936934491800E-015, 1.700000000014006300, -1.100000000018299000 ) ) ;
#3388 = AXIS2_PLACEMENT_3D ( 'NONE', #3970, #3018, #223 ) ;
#3389 = DIRECTION ( 'NONE',  ( 0.0000000000000000000, 1.000000000000000000, -9.856383385649992600E-017 ) ) ;
#3390 = EDGE_LOOP ( 'NONE', ( #5697, #2215, #3301, #2749, #2813, #2333, #611, #5024, #4374 ) ) ;
#3391 = CARTESIAN_POINT ( 'NONE',  ( -0.5978867272183999700, 1.442972424640000000, 0.3189598584235000000 ) ) ;
#3392 = EDGE_CURVE ( 'NONE', #2035, #1925, #2649, .T. ) ;
#3393 = LINE ( 'NONE', #4935, #2119 ) ;
#3394 = ORIENTED_EDGE ( 'NONE', *, *, #4327, .T. ) ;
#3395 = CARTESIAN_POINT ( 'NONE',  ( 1.200000000000000000, 0.8000000000000000400, 1.693333333333333400 ) ) ;
#3396 = B_SPLINE_CURVE_WITH_KNOTS ( 'NONE', 3,
 ( #3520, #238, #4508, #1646, #4995, #2113 ),
 .UNSPECIFIED., .F., .F.,
 ( 4, 2, 4 ),
 ( 0.0000000000000000000, 0.5000000000000000000, 1.000000000000000000 ),
 .UNSPECIFIED. ) ;
#3397 = EDGE_CURVE ( 'NONE', #4956, #1110, #507, .T. ) ;
#3398 = LINE ( 'NONE', #101, #2124 ) ;
#3399 = CARTESIAN_POINT ( 'NONE',  ( 0.3000931645548000100, 1.481206956008999800, -0.6633564736607000500 ) ) ;
#3400 = CARTESIAN_POINT ( 'NONE',  ( 1.500000000000000000, 0.0000000000000000000, 1.700000000000000000 ) ) ;
#3401 = LINE ( 'NONE', #1502, #1698 ) ;
#3402 = CARTESIAN_POINT ( 'NONE',  ( 0.07981485436524997400, 1.199840342104000300, 0.1596297087305000300 ) ) ;
#3403 = CARTESIAN_POINT ( 'NONE',  ( -0.6480455182396001000, 1.514165681479000100, 0.3001415071631999800 ) ) ;
#3404 = CARTESIAN_POINT ( 'NONE',  ( -1.200000000000000000, 0.02000000000000001400, 1.800000000000000300 ) ) ;
#3405 = LINE ( 'NONE', #2762, #2135 ) ;
#3406 = EDGE_CURVE ( 'NONE', #676, #4266, #3398, .T. ) ;
#3407 = ORIENTED_EDGE ( 'NONE', *, *, #4595, .F. ) ;
#3408 = CARTESIAN_POINT ( 'NONE',  ( -0.6000000000000000900, 0.0000000000000000000, 1.600000000000000100 ) ) ;
#3409 = CARTESIAN_POINT ( 'NONE',  ( -1.350000000000000100, 0.8100000000000000500, 1.100000000000000100 ) ) ;
#3410 = FACE_OUTER_BOUND ( 'NONE', #493, .T. ) ;
#3411 = CARTESIAN_POINT ( 'NONE',  ( -0.7838367176906021500, 1.250000000000000000, 1.160000000000003000 ) ) ;
#3412 = DIRECTION ( 'NONE',  ( 0.0000000000000000000, 0.0000000000000000000, -1.000000000000000000 ) ) ;
#3413 = ORIENTED_EDGE ( 'NONE', *, *, #6135, .T. ) ;
#3414 = AXIS2_PLACEMENT_3D ( 'NONE', #136, #1073, #1092 ) ;
#3415 = CARTESIAN_POINT ( 'NONE',  ( 0.5999999999999999800, 0.0000000000000000000, -1.500000000000000000 ) ) ;
#3416 = CARTESIAN_POINT ( 'NONE',  ( -0.6863029964774765000, 0.9000000000000001300, 0.1090525292692572400 ) ) ;
#3417 = LINE ( 'NONE', #5227, #1368 ) ;
#3418 = EDGE_LOOP ( 'NONE', ( #5647, #5184, #5091, #4006 ) ) ;
#3419 = CARTESIAN_POINT ( 'NONE',  ( 0.3000000000006458600, 1.149999999999838500, 7.347880794899938100E-017 ) ) ;
#3420 = DIRECTION ( 'NONE',  ( -0.0000000000000000000, -1.000000000000000000, 0.0000000000000000000 ) ) ;
#3421 = VECTOR ( 'NONE', #6062, 1000.000000000000000 ) ;
#3422 = CARTESIAN_POINT ( 'NONE',  ( -0.2700000000000000700, 0.0000000000000000000, -1.631460183660000200 ) ) ;
#3423 = ORIENTED_EDGE ( 'NONE', *, *, #5038, .F. ) ;
#3424 = ORIENTED_EDGE ( 'NONE', *, *, #2002, .F. ) ;
#3425 = B_SPLINE_CURVE_WITH_KNOTS ( 'NONE', 3,
 ( #3360, #5985, #3508, #3709, #3759, #3805, #3592, #311, #3848, #3888, #3907, #3922, #3957, #3977, #4203, #4248, #4296, #4338 ),
 .UNSPECIFIED., .F., .F.,
 ( 4, 1, 1, 2, 2, 2, 1, 1, 2, 2, 4 ),
 ( 0.5000000000000000000, 0.5624999999999998900, 0.5937499999999997800, 0.6093749999999997800, 0.6249999999999997800, 0.7499999999999997800, 0.8124999999999997800, 0.8437499999999997800, 0.8593749999999997800, 0.8749999999999997800, 1.000000000000000000 ),
 .UNSPECIFIED. ) ;
#3426 = VERTEX_POINT ( 'NONE', #5811 ) ;
#3427 = EDGE_CURVE ( 'NONE', #1021, #2222, #758, .T. ) ;
#3428 = CARTESIAN_POINT ( 'NONE',  ( 0.4941888645437747000, 1.200000000039835900, -0.8635664761546031400 ) ) ;
#3429 = ORIENTED_EDGE ( 'NONE', *, *, #4424, .T. ) ;
#3430 = DIRECTION ( 'NONE',  ( 0.0000000000000000000, 0.0000000000000000000, 1.000000000000000000 ) ) ;
#3431 = VERTEX_POINT ( 'NONE', #1969 ) ;
#3432 = DIRECTION ( 'NONE',  ( 1.000000000000000000, 0.0000000000000000000, 0.0000000000000000000 ) ) ;
#3433 = FACE_OUTER_BOUND ( 'NONE', #4354, .T. ) ;
#3434 = CARTESIAN_POINT ( 'NONE',  ( 0.5589875533398497300, 1.508986333161676600, 0.3323984231706199100 ) ) ;
#3435 = EDGE_CURVE ( 'NONE', #2634, #738, #4531, .T. ) ;
#3436 = DIRECTION ( 'NONE',  ( -0.0000000000000000000, -1.000000000000000000, -0.0000000000000000000 ) ) ;
#3437 = CARTESIAN_POINT ( 'NONE',  ( -0.6711113868143242500, 0.9000000000000003600, 0.1721549225034876000 ) ) ;
#3438 = EDGE_LOOP ( 'NONE', ( #4626, #3139, #4274, #328 ) ) ;
#3439 = ORIENTED_EDGE ( 'NONE', *, *, #1426, .F. ) ;
#3440 = VECTOR ( 'NONE', #4072, 1000.000000000000000 ) ;
#3441 = CARTESIAN_POINT ( 'NONE',  ( -0.5654044332311885000, 1.472010747390144500, -0.3514152696976148800 ) ) ;
#3442 = CARTESIAN_POINT ( 'NONE',  ( -1.200000000000000000, 0.6800000000000000500, 1.680000000000000200 ) ) ;
#3443 = EDGE_LOOP ( 'NONE', ( #1148, #5719, #413, #648 ) ) ;
#3444 = DIRECTION ( 'NONE',  ( 0.0000000000000000000, -1.000000000000000000, 0.0000000000000000000 ) ) ;
#3445 = EDGE_CURVE ( 'NONE', #4300, #771, #1577, .T. ) ;
#3446 = ORIENTED_EDGE ( 'NONE', *, *, #5675, .F. ) ;
#3447 = FACE_OUTER_BOUND ( 'NONE', #6009, .T. ) ;
#3448 = CARTESIAN_POINT ( 'NONE',  ( -0.2416035638255970800, 1.100000000008094700, 0.9228576348350868700 ) ) ;
#3449 = DIRECTION ( 'NONE',  ( -1.000000000000000000, 0.0000000000000000000, -0.0000000000000000000 ) ) ;
#3450 = ORIENTED_EDGE ( 'NONE', *, *, #4460, .F. ) ;
#3451 = LINE ( 'NONE', #977, #2188 ) ;
#3452 = CARTESIAN_POINT ( 'NONE',  ( -0.7913755984842719700, 1.226987619436612700, 1.154875653019505500 ) ) ;
#3453 = FACE_OUTER_BOUND ( 'NONE', #5030, .T. ) ;
#3454 = AXIS2_PLACEMENT_3D ( 'NONE', #4404, #5884, #2976 ) ;
#3455 = CARTESIAN_POINT ( 'NONE',  ( -0.5999999999999999800, 0.0000000000000000000, 1.700000000000000000 ) ) ;
#3456 = EDGE_CURVE ( 'NONE', #4335, #3169, #4387, .T. ) ;
#3457 = EDGE_LOOP ( 'NONE', ( #6105, #1871, #4048, #2015 ) ) ;
#3458 = B_SPLINE_CURVE_WITH_KNOTS ( 'NONE', 3,
 ( #2043, #5891, #1131, #4451 ),
 .UNSPECIFIED., .F., .F.,
 ( 4, 4 ),
 ( 0.0000000000000000000, 1.000000000000000000 ),
 .UNSPECIFIED. ) ;
#3459 = CARTESIAN_POINT ( 'NONE',  ( -0.2999999999999999900, 1.653794664036922800, 1.033762249059110300 ) ) ;
#3460 = DIRECTION ( 'NONE',  ( 0.0000000000000000000, 1.000000000000000000, 0.0000000000000000000 ) ) ;
#3461 = FACE_OUTER_BOUND ( 'NONE', #1432, .T. ) ;
#3462 = EDGE_CURVE ( 'NONE', #514, #2083, #961, .T. ) ;
#3463 = CARTESIAN_POINT ( 'NONE',  ( -0.5999999999999998700, 0.1499999999999999900, -1.500000000000000200 ) ) ;
#3464 = CARTESIAN_POINT ( 'NONE',  ( -0.7838367176906000400, 0.0000000000000000000, 1.260000000000000000 ) ) ;
#3465 = LINE ( 'NONE', #4937, #2204 ) ;
#3466 = CARTESIAN_POINT ( 'NONE',  ( 0.2303616580024712700, 1.092665025992008100, -1.367479433118000000 ) ) ;
#3467 = EDGE_LOOP ( 'NONE', ( #5525, #6092, #2904, #1652 ) ) ;
#3468 = CARTESIAN_POINT ( 'NONE',  ( 1.000000000000000000, 1.626179938779915400, 1.560000000000000100 ) ) ;
#3469 = DIRECTION ( 'NONE',  ( 0.0000000000000000000, 0.0000000000000000000, 1.000000000000000000 ) ) ;
#3470 = ADVANCED_FACE ( 'NONE', ( #3084 ), #1986, .T. ) ;
#3471 = LINE ( 'NONE', #314, #4776 ) ;
#3472 = CARTESIAN_POINT ( 'NONE',  ( -1.200000000000000000, 0.6800000000000000500, 1.800000000000000300 ) ) ;
#3473 = ORIENTED_EDGE ( 'NONE', *, *, #2425, .T. ) ;
#3474 = EDGE_CURVE ( 'NONE', #4963, #2466, #5493, .T. ) ;
#3475 = CIRCLE ( 'NONE', #5472, 0.1200000000000000900 ) ;
#3476 = DIRECTION ( 'NONE',  ( -1.000000000000000000, -0.0000000000000000000, 0.0000000000000000000 ) ) ;
#3477 = VERTEX_POINT ( 'NONE', #1559 ) ;
#3478 = EDGE_CURVE ( 'NONE', #577, #3169, #4230, .T. ) ;
#3479 = CARTESIAN_POINT ( 'NONE',  ( -0.8089488030467922900, 0.8764413300365039300, 0.0000000000000000000 ) ) ;
#3480 = ORIENTED_EDGE ( 'NONE', *, *, #3821, .T. ) ;
#3481 = CONICAL_SURFACE ( 'NONE', #521, 0.9228576347481976000, 0.4712388979908163600 ) ;
#3482 = EDGE_LOOP ( 'NONE', ( #5540, #5386, #6163, #2274 ) ) ;
#3483 = DIRECTION ( 'NONE',  ( 0.0000000000000000000, -1.000000000000000000, 0.0000000000000000000 ) ) ;
#3484 = CARTESIAN_POINT ( 'NONE',  ( 0.4505584704547381200, 0.8000000000000000400, 0.5171099832119582200 ) ) ;
#3485 = EDGE_LOOP ( 'NONE', ( #4896, #4484, #5395, #5487, #2469, #3636 ) ) ;
#3486 = VERTEX_POINT ( 'NONE', #5890 ) ;
#3487 = ORIENTED_EDGE ( 'NONE', *, *, #4055, .T. ) ;
#3488 = CARTESIAN_POINT ( 'NONE',  ( 0.5500000000000000400, 3.916119999999999400, 1.550000000000000300 ) ) ;
#3489 = VERTEX_POINT ( 'NONE', #3933 ) ;
#3490 = B_SPLINE_CURVE_WITH_KNOTS ( 'NONE', 3,
 ( #6077, #2698, #3668, #861 ),
 .UNSPECIFIED., .F., .F.,
 ( 4, 4 ),
 ( 0.0000000000000000000, 0.5000000000000000000 ),
 .UNSPECIFIED. ) ;
#3491 = CARTESIAN_POINT ( 'NONE',  ( -1.250000000000000000, 0.8000000000000000400, 1.399999999999999900 ) ) ;
#3492 = ORIENTED_EDGE ( 'NONE', *, *, #5308, .F. ) ;
#3493 = CARTESIAN_POINT ( 'NONE',  ( 0.1767145867644260800, 0.8100000000000000500, -1.470000000000000600 ) ) ;
#3494 = ORIENTED_EDGE ( 'NONE', *, *, #889, .T. ) ;
#3495 = EDGE_CURVE ( 'NONE', #3959, #5915, #4909, .T. ) ;
#3496 = ORIENTED_EDGE ( 'NONE', *, *, #3456, .F. ) ;
#3497 = DIRECTION ( 'NONE',  ( 1.000000000000000000, 0.0000000000000000000, 0.0000000000000000000 ) ) ;
#3498 = ORIENTED_EDGE ( 'NONE', *, *, #1805, .F. ) ;
#3499 = CARTESIAN_POINT ( 'NONE',  ( 0.0000000000000000000, 0.1385840734641000100, -1.771460183659999900 ) ) ;
#3500 = CARTESIAN_POINT ( 'NONE',  ( -0.6049725677420999500, 0.9000000000000001300, 6.667899467915861100E-017 ) ) ;
#3501 = LINE ( 'NONE', #1117, #3373 ) ;
#3502 = ADVANCED_FACE ( 'NONE', ( #5364 ), #304, .T. ) ;
#3503 = CARTESIAN_POINT ( 'NONE',  ( -0.7946121216653919700, 1.222869246936361100, 1.152678292345355600 ) ) ;
#3504 = ORIENTED_EDGE ( 'NONE', *, *, #1987, .F. ) ;
#3505 = DIRECTION ( 'NONE',  ( -1.000000000000000000, -0.0000000000000000000, -0.0000000000000000000 ) ) ;
#3506 = EDGE_LOOP ( 'NONE', ( #5784, #3203, #4638, #2292, #3991, #5541 ) ) ;
#3507 = CARTESIAN_POINT ( 'NONE',  ( -0.4172041491366951800, 0.8000000000000001600, 0.5503071746511430900 ) ) ;
#3508 = CARTESIAN_POINT ( 'NONE',  ( -0.1849097019652514400, 1.599999999999999900, -1.167343900667375100 ) ) ;
#3509 = LINE ( 'NONE', #910, #1042 ) ;
#3510 = CARTESIAN_POINT ( 'NONE',  ( 0.1025050415749557100, 1.700000000000000000, -1.099837572553935300 ) ) ;
#3511 = DIRECTION ( 'NONE',  ( -0.0000000000000000000, 1.000000000000000000, -0.0000000000000000000 ) ) ;
#3512 = VERTEX_POINT ( 'NONE', #2532 ) ;
#3513 = DIRECTION ( 'NONE',  ( 1.000000000000000000, 0.0000000000000000000, 0.0000000000000000000 ) ) ;
#3514 = VECTOR ( 'NONE', #1182, 1000.000000000000000 ) ;
#3515 = CARTESIAN_POINT ( 'NONE',  ( -0.6674845996165553700, 1.200000000039836100, -0.7378577111150029800 ) ) ;
#3516 = CARTESIAN_POINT ( 'NONE',  ( -0.5806476386784000800, 1.479627730484000000, -0.3181749373950000200 ) ) ;
#3517 = CARTESIAN_POINT ( 'NONE',  ( 0.5500000000000000400, 0.7999999999999999300, 1.550000000000000300 ) ) ;
#3518 = EDGE_CURVE ( 'NONE', #44, #525, #1556, .T. ) ;
#3519 = ORIENTED_EDGE ( 'NONE', *, *, #6146, .T. ) ;
#3521 = CARTESIAN_POINT ( 'NONE',  ( -1.058300524439611500, 1.700000000010851300, 0.3000000000026184500 ) ) ;
#3520 = CARTESIAN_POINT ( 'NONE',  ( -0.6790520215888218300, 1.439558585176701700, -0.2999999997757660200 ) ) ;
#3522 = CARTESIAN_POINT ( 'NONE',  ( 0.0000000000000000000, 1.599999999939427700, 0.0000000000000000000 ) ) ;
#3523 = AXIS2_PLACEMENT_3D ( 'NONE', #4979, #2097, #5449 ) ;
#3524 = CARTESIAN_POINT ( 'NONE',  ( 1.200000000000000000, -0.09999999999999999200, 1.000000000000000000 ) ) ;
#3525 = CYLINDRICAL_SURFACE ( 'NONE', #4062, 0.1200000000000000900 ) ;
#3526 = ORIENTED_EDGE ( 'NONE', *, *, #3914, .F. ) ;
#3527 = B_SPLINE_CURVE_WITH_KNOTS ( 'NONE', 3,
 ( #1066, #5813, #30, #73 ),
 .UNSPECIFIED., .F., .F.,
 ( 4, 4 ),
 ( 0.0000000000000000000, 1.000000000000000000 ),
 .UNSPECIFIED. ) ;
#3528 = CARTESIAN_POINT ( 'NONE',  ( 0.7838367176906021500, 1.250000000000000000, 1.160000000000003000 ) ) ;
#3529 = CARTESIAN_POINT ( 'NONE',  ( 1.276274694186628100, 1.600000000000000100, -0.8019790051237916100 ) ) ;
#3530 = AXIS2_PLACEMENT_3D ( 'NONE', #5289, #5764, #2864 ) ;
#3531 = VECTOR ( 'NONE', #1470, 1000.000000000000000 ) ;
#3532 = ADVANCED_FACE ( 'NONE', ( #461 ), #3921, .T. ) ;
#3533 = B_SPLINE_CURVE_WITH_KNOTS ( 'NONE', 3,
 ( #4119, #3603, #4095, #3850, #3784, #4141 ),
 .UNSPECIFIED., .F., .F.,
 ( 4, 2, 4 ),
 ( 0.0000000000000000000, 0.5000000000000000000, 1.000000000000000000 ),
 .UNSPECIFIED. ) ;
#3534 = DIRECTION ( 'NONE',  ( 0.0000000000000000000, -1.000000000000000000, 0.0000000000000000000 ) ) ;
#3535 = EDGE_CURVE ( 'NONE', #5025, #5927, #2938, .T. ) ;
#3536 = CARTESIAN_POINT ( 'NONE',  ( -0.6363737072141000300, 1.539172089473000100, -0.3001882705537000100 ) ) ;
#3537 = FACE_OUTER_BOUND ( 'NONE', #5213, .T. ) ;
#3538 = DIRECTION ( 'NONE',  ( 1.000000000000000000, 0.0000000000000000000, 0.0000000000000000000 ) ) ;
#3539 = CARTESIAN_POINT ( 'NONE',  ( 1.058300524439611500, 1.700000000010851300, -0.3000000000026190100 ) ) ;
#3540 = EDGE_CURVE ( 'NONE', #6071, #2598, #6019, .T. ) ;
#3541 = FACE_OUTER_BOUND ( 'NONE', #1802, .T. ) ;
#3542 = CARTESIAN_POINT ( 'NONE',  ( -0.8332578331485992500, 1.200000000000000000, 1.125305360397875300 ) ) ;
#3543 = CARTESIAN_POINT ( 'NONE',  ( -0.1819152030507588700, 0.6500000000000001300, -0.2395187910599467500 ) ) ;
#3544 = ORIENTED_EDGE ( 'NONE', *, *, #5121, .F. ) ;
#3545 = DIRECTION ( 'NONE',  ( 0.0000000000000000000, 0.0000000000000000000, -1.000000000000000000 ) ) ;
#3546 = CYLINDRICAL_SURFACE ( 'NONE', #3085, 0.04999999999999991300 ) ;
#3547 = CARTESIAN_POINT ( 'NONE',  ( -2.449293598294706500E-017, 0.1499999999999999900, 0.2000000000000000100 ) ) ;
#3548 = CARTESIAN_POINT ( 'NONE',  ( 1.300688112699436300, 1.600000000000000300, 0.7480259291448664300 ) ) ;
#3549 = ORIENTED_EDGE ( 'NONE', *, *, #3105, .F. ) ;
#3550 = CARTESIAN_POINT ( 'NONE',  ( 0.3000145871186788400, 1.652278545674890700, -1.033023015337682300 ) ) ;
#3551 = CARTESIAN_POINT ( 'NONE',  ( -0.6337405831790701200, 1.530703003394620100, -0.2999999996869777700 ) ) ;
#3552 = CARTESIAN_POINT ( 'NONE',  ( 0.5999999999999999800, 0.0000000000000000000, -1.851460183660000200 ) ) ;
#3553 = LINE ( 'NONE', #5673, #2453 ) ;
#3554 = CARTESIAN_POINT ( 'NONE',  ( 0.7366546101032582800, 0.8100000000000001600, 0.1887110101151246400 ) ) ;
#3555 = PLANE ( 'NONE',  #5814 ) ;
#3556 = ORIENTED_EDGE ( 'NONE', *, *, #2816, .T. ) ;
#3557 = EDGE_CURVE ( 'NONE', #615, #5013, #2782, .T. ) ;
#3558 = DIRECTION ( 'NONE',  ( 1.000000000000000000, 0.0000000000000000000, 0.0000000000000000000 ) ) ;
#3559 = VERTEX_POINT ( 'NONE', #224 ) ;
#3560 = VERTEX_POINT ( 'NONE', #704 ) ;
#3561 = CARTESIAN_POINT ( 'NONE',  ( 0.2303616580024712700, 1.092665025992008100, -0.9738101797978002700 ) ) ;
#3562 = SURFACE_SIDE_STYLE ('',( #4913 ) ) ;
#3563 = VERTEX_POINT ( 'NONE', #1171 ) ;
#3564 = ADVANCED_FACE ( 'NONE', ( #2499 ), #1630, .T. ) ;
#3565 = ORIENTED_EDGE ( 'NONE', *, *, #5067, .T. ) ;
#3566 = CARTESIAN_POINT ( 'NONE',  ( 1.120345346168687400, 1.599999999999999900, -0.3633723509909647700 ) ) ;
#3567 = EDGE_LOOP ( 'NONE', ( #1374, #5130, #4655, #3114 ) ) ;
#3568 = AXIS2_PLACEMENT_3D ( 'NONE', #996, #5779, #2876 ) ;
#3569 = CARTESIAN_POINT ( 'NONE',  ( -1.146970053751685800, 1.599999999996271300, 0.3082396377072004800 ) ) ;
#3570 = B_SPLINE_CURVE_WITH_KNOTS ( 'NONE', 3,
 ( #390, #3194, #894, #4189, #1359, #4687, #1812, #5166, #2284, #5644, #2747, #6124, #3237, #433, #3716, #911 ),
 .UNSPECIFIED., .F., .F.,
 ( 4, 1, 2, 2, 2, 1, 2, 2, 4 ),
 ( 0.5000000000000000000, 0.5624999999999998900, 0.5937499999999998900, 0.6249999999999998900, 0.7500000000000000000, 0.8125000000000000000, 0.8437500000000000000, 0.8750000000000000000, 1.000000000000000000 ),
 .UNSPECIFIED. ) ;
#3571 = CARTESIAN_POINT ( 'NONE',  ( -0.5999999999999999800, 0.0000000000000000000, 0.0000000000000000000 ) ) ;
#3572 = ORIENTED_EDGE ( 'NONE', *, *, #336, .T. ) ;
#3573 = EDGE_CURVE ( 'NONE', #1452, #575, #3773, .T. ) ;
#3574 = DIRECTION ( 'NONE',  ( 0.0000000000000000000, 1.000000000000000000, 0.0000000000000000000 ) ) ;
#3575 = CARTESIAN_POINT ( 'NONE',  ( -0.6589580990875250100, 0.9000000000000000200, 0.2138145663901320200 ) ) ;
#3576 = CARTESIAN_POINT ( 'NONE',  ( -0.2500000000000000000, 0.1385840734641000100, -1.721460183660000100 ) ) ;
#3577 = CARTESIAN_POINT ( 'NONE',  ( 0.2500000000000000000, -0.05000000000000000300, -1.631460183660000200 ) ) ;
#3578 = CARTESIAN_POINT ( 'NONE',  ( 1.000000000000000000, 1.600000000000000100, 0.0000000000000000000 ) ) ;
#3579 = VERTEX_POINT ( 'NONE', #3043 ) ;
#3580 = CARTESIAN_POINT ( 'NONE',  ( -0.2999999994538087300, 1.439558585352968000, 0.6790520221337353900 ) ) ;
#3581 = ORIENTED_EDGE ( 'NONE', *, *, #666, .F. ) ;
#3582 = FACE_BOUND ( 'NONE', #796, .T. ) ;
#3583 = EDGE_CURVE ( 'NONE', #5866, #4556, #4245, .T. ) ;
#3584 = CARTESIAN_POINT ( 'NONE',  ( 0.0000000000000000000, 0.0000000000000000000, 1.000000000000000000 ) ) ;
#3585 = VERTEX_POINT ( 'NONE', #3500 ) ;
#3586 = CARTESIAN_POINT ( 'NONE',  ( -0.03755226525633942300, 0.6500000000000001300, 0.2982948602620020300 ) ) ;
#3587 = DIRECTION ( 'NONE',  ( 0.0000000000000000000, -1.000000000000000000, 0.0000000000000000000 ) ) ;
#3588 = EDGE_LOOP ( 'NONE', ( #4120, #981, #2819, #2481, #2082, #2666, #1821, #127, #42, #5155, #3504, #4106, #4473, #2677, #305, #1442 ) ) ;
#3589 = VECTOR ( 'NONE', #1034, 1000.000000000000000 ) ;
#3590 = CARTESIAN_POINT ( 'NONE',  ( -0.5999999999999999800, 0.02000000000000000000, -1.149999999999999900 ) ) ;
#3591 = CARTESIAN_POINT ( 'NONE',  ( 0.0000000000000000000, 1.215000000000000100, 0.0000000000000000000 ) ) ;
#3592 = CARTESIAN_POINT ( 'NONE',  ( -0.4146160391692609900, 1.600000000000000300, -1.102394487763722600 ) ) ;
#3593 = VERTEX_POINT ( 'NONE', #5469 ) ;
#3594 = CARTESIAN_POINT ( 'NONE',  ( 0.3000000000019771300, 1.700000000002731800, -1.058300524432975300 ) ) ;
#3595 = CARTESIAN_POINT ( 'NONE',  ( -0.6842078896604000300, 0.8000000000000000400, 0.0000000000000000000 ) ) ;
#3596 = CARTESIAN_POINT ( 'NONE',  ( -0.6526127539725943300, 0.9000000000000002400, 0.2325646779498256900 ) ) ;
#3597 = CARTESIAN_POINT ( 'NONE',  ( -1.250000000000000000, 0.0000000000000000000, 1.399999999999999900 ) ) ;
#3598 = ADVANCED_FACE ( 'NONE', ( #1266 ), #2352, .T. ) ;
#3599 = EDGE_CURVE ( 'NONE', #810, #1059, #2020, .T. ) ;
#3600 = DIRECTION ( 'NONE',  ( 0.0000000000000000000, -1.000000000000000000, 0.0000000000000000000 ) ) ;
#3601 = CARTESIAN_POINT ( 'NONE',  ( -0.3000000000019771300, 1.700000000002731800, -1.058300524432975300 ) ) ;
#3602 = EDGE_CURVE ( 'NONE', #1785, #2764, #3111, .T. ) ;
#3603 = CARTESIAN_POINT ( 'NONE',  ( -0.7838367176906001500, 1.427957363345842400, 1.260000000000000200 ) ) ;
#3604 = DIRECTION ( 'NONE',  ( 1.000000000000000000, 0.0000000000000000000, -0.0000000000000000000 ) ) ;
#3605 = VECTOR ( 'NONE', #1256, 1000.000000000000000 ) ;
#3606 = ORIENTED_EDGE ( 'NONE', *, *, #2205, .T. ) ;
#3607 = AXIS2_PLACEMENT_3D ( 'NONE', #54, #472, #495 ) ;
#3608 = MANIFOLD_SOLID_BREP ( 'Imported1', #4755 ) ;
#3609 = CARTESIAN_POINT ( 'NONE',  ( -0.8160055755601696200, 1.205717311734090200, 1.137733527159078100 ) ) ;
#3610 = CARTESIAN_POINT ( 'NONE',  ( -0.6790520215888218300, 1.439558585176701700, -0.2999999997757660200 ) ) ;
#3611 = CIRCLE ( 'NONE', #5509, 0.1299999999999998900 ) ;
#3612 = CARTESIAN_POINT ( 'NONE',  ( 0.3002162991153000100, 1.552456861075000000, 0.6301561481233000100 ) ) ;
#3613 = CARTESIAN_POINT ( 'NONE',  ( -0.5503071746511415400, 0.8000000000000000400, -0.4172041491367014000 ) ) ;
#3614 = VECTOR ( 'NONE', #5377, 1000.000000000000000 ) ;
#3615 = CARTESIAN_POINT ( 'NONE',  ( 0.0000000000000000000, 0.1499999999999999900, 0.0000000000000000000 ) ) ;
#3616 = DIRECTION ( 'NONE',  ( 0.0000000000000000000, 0.0000000000000000000, -1.000000000000000000 ) ) ;
#3617 = EDGE_CURVE ( 'NONE', #2098, #1980, #5370, .T. ) ;
#3618 = ORIENTED_EDGE ( 'NONE', *, *, #2701, .T. ) ;
#3619 = DIRECTION ( 'NONE',  ( 1.000000000000000000, 0.0000000000000000000, 0.0000000000000000000 ) ) ;
#3620 = ORIENTED_EDGE ( 'NONE', *, *, #426, .F. ) ;
#3621 = FACE_OUTER_BOUND ( 'NONE', #4029, .T. ) ;
#3622 = CARTESIAN_POINT ( 'NONE',  ( -0.3544270898620999800, 1.465157314200999900, -0.5670311562097999400 ) ) ;
#3623 = DIRECTION ( 'NONE',  ( -0.0000000000000000000, -1.000000000000000000, -0.0000000000000000000 ) ) ;
#3624 = CARTESIAN_POINT ( 'NONE',  ( 1.200000000000000000, 0.02000000000000000700, 1.800000000000000300 ) ) ;
#3625 = ORIENTED_EDGE ( 'NONE', *, *, #449, .F. ) ;
#3626 = DIRECTION ( 'NONE',  ( -1.000000000000000000, -0.0000000000000000000, -0.0000000000000000000 ) ) ;
#3627 = ADVANCED_FACE ( 'NONE', ( #830 ), #3083, .T. ) ;
#3628 = VECTOR ( 'NONE', #4721, 1000.000000000000000 ) ;
#3629 = ORIENTED_EDGE ( 'NONE', *, *, #396, .T. ) ;
#3630 = ORIENTED_EDGE ( 'NONE', *, *, #1050, .F. ) ;
#3631 = CARTESIAN_POINT ( 'NONE',  ( -1.000000000000000000, 1.700000000000000200, 1.460000000000000000 ) ) ;
#3632 = CARTESIAN_POINT ( 'NONE',  ( 0.3000613654768000100, 1.451593537471999900, 0.6770475172361000200 ) ) ;
#3633 = CARTESIAN_POINT ( 'NONE',  ( 0.6790520221695108800, 1.439558585355854600, 0.2999999994212074700 ) ) ;
#3634 = CARTESIAN_POINT ( 'NONE',  ( 0.3393887200737687500, 0.8000000000000000400, -0.6015903946475152900 ) ) ;
#3635 = FACE_OUTER_BOUND ( 'NONE', #3831, .T. ) ;
#3636 = ORIENTED_EDGE ( 'NONE', *, *, #3013, .F. ) ;
#3637 = EDGE_CURVE ( 'NONE', #6129, #5812, #5215, .T. ) ;
#3638 = CARTESIAN_POINT ( 'NONE',  ( -0.6049725677420999500, 1.149999999999999900, 6.667899467915861100E-017 ) ) ;
#3639 = EDGE_LOOP ( 'NONE', ( #574, #2021, #2771, #1093 ) ) ;
#3640 = DIRECTION ( 'NONE',  ( 1.000000000000000000, 0.0000000000000000000, -0.0000000000000000000 ) ) ;
#3641 = DIRECTION ( 'NONE',  ( 1.000000000000000000, 0.0000000000000000000, 0.0000000000000000000 ) ) ;
#3642 = ORIENTED_EDGE ( 'NONE', *, *, #366, .T. ) ;
#3643 = ORIENTED_EDGE ( 'NONE', *, *, #5863, .T. ) ;
#3644 = AXIS2_PLACEMENT_3D ( 'NONE', #4924, #4945, #3110 ) ;
#3645 = EDGE_LOOP ( 'NONE', ( #2822, #703, #1463, #5661, #187 ) ) ;
#3646 = CARTESIAN_POINT ( 'NONE',  ( -0.2984219949997999900, 1.453627015791000100, -0.6314635689300001100 ) ) ;
#3647 = CARTESIAN_POINT ( 'NONE',  ( 0.5623619771654998500, 1.518279688632999700, 0.3173132060719999800 ) ) ;
#3648 = CARTESIAN_POINT ( 'NONE',  ( 0.6036480883826346200, 0.9000000000000003600, 0.3402136409746425700 ) ) ;
#3649 = CARTESIAN_POINT ( 'NONE',  ( -0.2700000000000000700, 0.0000000000000000000, -1.631460183660000200 ) ) ;
#3650 = ORIENTED_EDGE ( 'NONE', *, *, #2865, .T. ) ;
#3651 = B_SPLINE_CURVE_WITH_KNOTS ( 'NONE', 3,
 ( #4114, #1283, #5564, #2671 ),
 .UNSPECIFIED., .F., .F.,
 ( 4, 4 ),
 ( 0.0000000000000000000, 1.000000000000000000 ),
 .UNSPECIFIED. ) ;
#3652 = CARTESIAN_POINT ( 'NONE',  ( 7.210845020056011800E-017, 1.599999999998135400, -1.177620359604657900 ) ) ;
#3653 = ORIENTED_EDGE ( 'NONE', *, *, #745, .T. ) ;
#3654 = AXIS2_PLACEMENT_3D ( 'NONE', #536, #2402, #5762 ) ;
#3655 = ORIENTED_EDGE ( 'NONE', *, *, #2924, .F. ) ;
#3656 = CARTESIAN_POINT ( 'NONE',  ( -0.5500000000000000400, 0.7999999999999999300, 1.550000000000000300 ) ) ;
#3657 = AXIS2_PLACEMENT_3D ( 'NONE', #2710, #6094, #3206 ) ;
#3658 = VECTOR ( 'NONE', #5830, 1000.000000000000000 ) ;
#3659 = CARTESIAN_POINT ( 'NONE',  ( 0.3001888437073000300, 1.539511426384000000, 0.6362156455001000100 ) ) ;
#3660 = CARTESIAN_POINT ( 'NONE',  ( 0.3503804726434976400, 1.508986332826825400, -0.5474792458595146800 ) ) ;
#3661 = EDGE_CURVE ( 'NONE', #3958, #425, #4452, .T. ) ;
#3662 =( NAMED_UNIT ( * ) SI_UNIT ( $, .STERADIAN. ) SOLID_ANGLE_UNIT ( ) );
#3663 = ORIENTED_EDGE ( 'NONE', *, *, #2701, .F. ) ;
#3664 = VERTEX_POINT ( 'NONE', #5530 ) ;
#3665 = DIRECTION ( 'NONE',  ( 0.0000000000000000000, -1.000000000000000000, 0.0000000000000000000 ) ) ;
#3666 = ADVANCED_FACE ( 'NONE', ( #5575 ), #3127, .T. ) ;
#3667 = CYLINDRICAL_SURFACE ( 'NONE', #1074, 0.1299999999999998900 ) ;
#3668 = CARTESIAN_POINT ( 'NONE',  ( -0.1012830979499978900, 1.700000000028012400, 1.100000000036516200 ) ) ;
#3669 = CARTESIAN_POINT ( 'NONE',  ( -0.2400000000000000200, 1.100000000000000100, -0.9738101797978002700 ) ) ;
#3670 = CARTESIAN_POINT ( 'NONE',  ( -0.04814731914647873300, 0.8099999999999998300, 0.7600336070452153900 ) ) ;
#3671 = ORIENTED_EDGE ( 'NONE', *, *, #5701, .F. ) ;
#3672 = EDGE_CURVE ( 'NONE', #4517, #3477, #5743, .T. ) ;
#3673 = FACE_OUTER_BOUND ( 'NONE', #3332, .T. ) ;
#3674 = CARTESIAN_POINT ( 'NONE',  ( 0.6462358964446000000, 1.421601759283999800, 0.2987600967681999800 ) ) ;
#3675 = CARTESIAN_POINT ( 'NONE',  ( 0.09132252707972236800, 0.6500000000000000200, -0.2864623387669920600 ) ) ;
#3676 = CARTESIAN_POINT ( 'NONE',  ( 0.5477598378405834600, 1.508408740615253300, -0.3503968671742075400 ) ) ;
#3677 = CARTESIAN_POINT ( 'NONE',  ( -0.1902428302386108000, 0.8000000000000001600, 0.7421453352981501900 ) ) ;
#3678 = EDGE_LOOP ( 'NONE', ( #5420, #1315, #937, #2376, #4743, #1091, #5523, #135, #5494, #3620, #3382, #3889, #5176, #2696, #1031 ) ) ;
#3679 = DIRECTION ( 'NONE',  ( 1.000000000000000000, -0.0000000000000000000, 0.0000000000000000000 ) ) ;
#3680 = CARTESIAN_POINT ( 'NONE',  ( 0.3181648516110999700, 1.480098082189000000, 0.5804263764060001400 ) ) ;
#3681 = DIRECTION ( 'NONE',  ( 0.0000000000000000000, 0.0000000000000000000, 1.000000000000000000 ) ) ;
#3682 = VECTOR ( 'NONE', #2016, 1000.000000000000000 ) ;
#3683 = ORIENTED_EDGE ( 'NONE', *, *, #6146, .F. ) ;
#3684 = EDGE_CURVE ( 'NONE', #1738, #3104, #3160, .T. ) ;
#3685 = DIRECTION ( 'NONE',  ( 0.0000000000000000000, -0.0000000000000000000, -1.000000000000000000 ) ) ;
#3686 = DIRECTION ( 'NONE',  ( 0.0000000000000000000, 0.0000000000000000000, 1.000000000000000000 ) ) ;
#3687 = EDGE_CURVE ( 'NONE', #3355, #6129, #3002, .T. ) ;
#3688 = DIRECTION ( 'NONE',  ( 1.000000000000000000, 0.0000000000000000000, 0.0000000000000000000 ) ) ;
#3689 = LINE ( 'NONE', #6184, #1192 ) ;
#3690 = B_SPLINE_CURVE_WITH_KNOTS ( 'NONE', 3,
 ( #2877, #2417, #3370, #564, #3856, #1046 ),
 .UNSPECIFIED., .F., .F.,
 ( 4, 2, 4 ),
 ( 0.5000000000000000000, 0.7500000000000000000, 1.000000000000000000 ),
 .UNSPECIFIED. ) ;
#3691 = CARTESIAN_POINT ( 'NONE',  ( 0.3000000000026188400, 1.700000000010851300, 1.058300524439611500 ) ) ;
#3692 = PLANE ( 'NONE',  #111 ) ;
#3693 = DIRECTION ( 'NONE',  ( 0.0000000000000000000, 0.0000000000000000000, -1.000000000000000000 ) ) ;
#3694 = CARTESIAN_POINT ( 'NONE',  ( 0.0000000000000000000, 1.416935847316835900, 0.0000000000000000000 ) ) ;
#3695 = CARTESIAN_POINT ( 'NONE',  ( 0.3203030677612373500, 1.416935847563974800, 0.6112811304383096700 ) ) ;
#3696 = AXIS2_PLACEMENT_3D ( 'NONE', #4012, #1190, #4510 ) ;
#3697 = ADVANCED_FACE ( 'NONE', ( #4306 ), #1616, .F. ) ;
#3698 = AXIS2_PLACEMENT_3D ( 'NONE', #519, #987, #4292 ) ;
#3699 = CIRCLE ( 'NONE', #4363, 0.1400000000000000400 ) ;
#3700 = CARTESIAN_POINT ( 'NONE',  ( 0.6824623745972754300, 1.600000000000000100, -0.9659119584708747400 ) ) ;
#3701 = EDGE_CURVE ( 'NONE', #2014, #3058, #5424, .T. ) ;
#3702 = CARTESIAN_POINT ( 'NONE',  ( 1.346412701596350700, 1.100000000000000300, 0.4080830693764007100 ) ) ;
#3703 = VECTOR ( 'NONE', #6, 1000.000000000000000 ) ;
#3704 = CARTESIAN_POINT ( 'NONE',  ( -0.2999999998571950500, 1.530703003293021100, 0.6337405828477753500 ) ) ;
#3705 = EDGE_LOOP ( 'NONE', ( #4191, #1515, #4817, #2709 ) ) ;
#3706 = CARTESIAN_POINT ( 'NONE',  ( 0.3000000000000184200, 1.150000000000053600, 0.6000000000000368400 ) ) ;
#3707 = DIRECTION ( 'NONE',  ( 0.0000000000000000000, 0.0000000000000000000, 1.000000000000000000 ) ) ;
#3708 = EDGE_CURVE ( 'NONE', #3122, #4663, #2861, .T. ) ;
#3709 = CARTESIAN_POINT ( 'NONE',  ( -0.3102664569021286200, 1.600000000000000100, -1.137184436298210000 ) ) ;
#3710 = FACE_OUTER_BOUND ( 'NONE', #4816, .T. ) ;
#3711 = CARTESIAN_POINT ( 'NONE',  ( -0.6083814312780159200, 0.9000000000000002400, 0.3440477025632614500 ) ) ;
#3712 = ORIENTED_EDGE ( 'NONE', *, *, #2194, .T. ) ;
#3713 = VECTOR ( 'NONE', #5948, 1000.000000000000000 ) ;
#3714 = PLANE ( 'NONE',  #753 ) ;
#3715 = CARTESIAN_POINT ( 'NONE',  ( 0.2999999999999999900, 1.100000000000000100, -0.9738101797978001600 ) ) ;
#3716 = CARTESIAN_POINT ( 'NONE',  ( 0.7599999999999999000, 0.8100000000000000500, -0.09682150023992072700 ) ) ;
#3717 = CARTESIAN_POINT ( 'NONE',  ( -0.3190924458312000000, 1.436615623470000000, 0.6008655834175999900 ) ) ;
#3718 = ORIENTED_EDGE ( 'NONE', *, *, #3115, .T. ) ;
#3719 = ORIENTED_EDGE ( 'NONE', *, *, #2602, .F. ) ;
#3720 = EDGE_LOOP ( 'NONE', ( #603, #3736, #4941, #3871, #2253 ) ) ;
#3721 = CARTESIAN_POINT ( 'NONE',  ( 1.051855352086006800, 1.100000000000000300, -0.9265769760594515500 ) ) ;
#3722 = ORIENTED_EDGE ( 'NONE', *, *, #1065, .F. ) ;
#3723 = ORIENTED_EDGE ( 'NONE', *, *, #2669, .F. ) ;
#3724 = CARTESIAN_POINT ( 'NONE',  ( -0.04814731914649152800, 0.8000000000000003800, -0.7600336070451911800 ) ) ;
#3725 = CARTESIAN_POINT ( 'NONE',  ( 0.3176028391109000400, 1.505448038938999900, 0.5684440757891999800 ) ) ;
#3726 = VERTEX_POINT ( 'NONE', #1299 ) ;
#3727 = CARTESIAN_POINT ( 'NONE',  ( 5.410954283830000700, 1.600000000000000100, 1.560000000000000100 ) ) ;
#3728 = VERTEX_POINT ( 'NONE', #374 ) ;
#3729 = EDGE_CURVE ( 'NONE', #3058, #5991, #300, .T. ) ;
#3730 = ORIENTED_EDGE ( 'NONE', *, *, #1998, .F. ) ;
#3731 = CARTESIAN_POINT ( 'NONE',  ( 0.5991210108240000400, 1.398397068595000000, -0.3561897342741999200 ) ) ;
#3732 = ADVANCED_FACE ( 'NONE', ( #544 ), #5574, .F. ) ;
#3733 = B_SPLINE_CURVE_WITH_KNOTS ( 'NONE', 3,
 ( #5275, #1991, #2927, #130 ),
 .UNSPECIFIED., .F., .F.,
 ( 4, 4 ),
 ( 0.0000000000000000000, 1.000000000000000000 ),
 .UNSPECIFIED. ) ;
#3734 = CARTESIAN_POINT ( 'NONE',  ( -0.3738742246834916300, 0.8100000000000001600, -0.6623202189394821200 ) ) ;
#3735 = CARTESIAN_POINT ( 'NONE',  ( -0.5574852274752971600, 0.9000000000000002400, 0.4217929809177349300 ) ) ;
#3736 = ORIENTED_EDGE ( 'NONE', *, *, #756, .T. ) ;
#3737 = CARTESIAN_POINT ( 'NONE',  ( -1.319698465680818600, 1.100000000000000500, 0.4725891809542962500 ) ) ;
#3738 = VECTOR ( 'NONE', #5218, 1000.000000000000000 ) ;
#3739 = AXIS2_PLACEMENT_3D ( 'NONE', #2950, #2971, #2988 ) ;
#3740 = B_SPLINE_CURVE_WITH_KNOTS ( 'NONE', 3,
 ( #1692, #3103, #3586, #790, #4078, #1255, #4577, #1710, #5059, #2178, #5529, #2642, #6022, #3126 ),
 .UNSPECIFIED., .F., .F.,
 ( 4, 2, 2, 2, 2, 2, 4 ),
 ( 0.5000000000000000000, 0.5625000000000000000, 0.6250000000000000000, 0.7500000000000000000, 0.8125000000000000000, 0.8749999999999998900, 1.000000000000000000 ),
 .UNSPECIFIED. ) ;
#3741 = CARTESIAN_POINT ( 'NONE',  ( -0.8089488030467917300, 0.8764413300365038200, 1.617897606093584100 ) ) ;
#3742 = VERTEX_POINT ( 'NONE', #5128 ) ;
#3743 = DIRECTION ( 'NONE',  ( 0.0000000000000000000, -1.000000000000000000, 0.0000000000000000000 ) ) ;
#3744 = CARTESIAN_POINT ( 'NONE',  ( -0.6842078896604000300, 0.7999999999999999300, 0.0000000000000000000 ) ) ;
#3745 = CARTESIAN_POINT ( 'NONE',  ( -0.3001257708633000000, 1.504240610451000200, 0.6526627190063000200 ) ) ;
#3746 = ORIENTED_EDGE ( 'NONE', *, *, #4994, .T. ) ;
#3747 = CIRCLE ( 'NONE', #310, 0.5999999999999999800 ) ;
#3748 = ORIENTED_EDGE ( 'NONE', *, *, #2785, .T. ) ;
#3749 = CARTESIAN_POINT ( 'NONE',  ( 0.0000000000000000000, 0.05000000000000000300, 0.0000000000000000000 ) ) ;
#3750 = VERTEX_POINT ( 'NONE', #870 ) ;
#3751 = CARTESIAN_POINT ( 'NONE',  ( -0.7599999999999999000, 0.8000000000000000400, -0.09682150023992081000 ) ) ;
#3752 = LINE ( 'NONE', #2358, #143 ) ;
#3753 = CARTESIAN_POINT ( 'NONE',  ( 1.200000000000000000, 0.0000000000000000000, 0.0000000000000000000 ) ) ;
#3754 = EDGE_CURVE ( 'NONE', #3125, #1730, #5837, .T. ) ;
#3755 = DIRECTION ( 'NONE',  ( 0.0000000000000000000, -1.000000000000000000, 0.0000000000000000000 ) ) ;
#3756 = CARTESIAN_POINT ( 'NONE',  ( 0.6462359152665999600, 1.421601716602000100, -0.2987600967585000200 ) ) ;
#3757 = ORIENTED_EDGE ( 'NONE', *, *, #5088, .F. ) ;
#3758 = DIRECTION ( 'NONE',  ( 0.9638341997458144100, 0.2665025992375040200, 0.0000000000000000000 ) ) ;
#3759 = CARTESIAN_POINT ( 'NONE',  ( -0.3633005487181361600, 1.599999999999999900, -1.120373735627361800 ) ) ;
#3760 = CARTESIAN_POINT ( 'NONE',  ( 0.04814731914647872600, 0.8000000000000002700, 0.7600336070452155000 ) ) ;
#3761 = CARTESIAN_POINT ( 'NONE',  ( -0.9999999999999738000, 1.700000000000000000, 1.118033988749970800 ) ) ;
#3762 = EDGE_CURVE ( 'NONE', #1293, #1296, #3570, .T. ) ;
#3763 = DIRECTION ( 'NONE',  ( 0.0000000000000000000, 0.0000000000000000000, -1.000000000000000000 ) ) ;
#3764 = CARTESIAN_POINT ( 'NONE',  ( -0.7838367176906000400, 1.600000000000000100, 1.210000000000000000 ) ) ;
#3765 = CARTESIAN_POINT ( 'NONE',  ( 1.224712253610614100, 1.700000000000000200, 0.9170452389697113500 ) ) ;
#3766 = CARTESIAN_POINT ( 'NONE',  ( 0.7843973260861401000, 0.8282563434278217300, -9.606096746511342800E-017 ) ) ;
#3767 = VECTOR ( 'NONE', #4576, 1000.000000000000000 ) ;
#3768 = EDGE_LOOP ( 'NONE', ( #2372, #1048, #5331, #4027 ) ) ;
#3769 = CARTESIAN_POINT ( 'NONE',  ( 0.07853981633974491100, 0.1499999999999999900, 0.2999999999999999900 ) ) ;
#3770 = ADVANCED_FACE ( 'NONE', ( #2705 ), #1340, .F. ) ;
#3771 = CARTESIAN_POINT ( 'NONE',  ( -0.6337405836785827700, 1.530703003552336600, 0.2999999994448311300 ) ) ;
#3772 = EDGE_CURVE ( 'NONE', #3664, #965, #4720, .T. ) ;
#3773 = LINE ( 'NONE', #5941, #159 ) ;
#3774 = ORIENTED_EDGE ( 'NONE', *, *, #2128, .F. ) ;
#3775 = DIRECTION ( 'NONE',  ( -0.0000000000000000000, -1.000000000000000000, 0.0000000000000000000 ) ) ;
#3776 = CARTESIAN_POINT ( 'NONE',  ( -0.3000000000019771300, 1.700000000002731800, -1.058300524432975300 ) ) ;
#3777 = CARTESIAN_POINT ( 'NONE',  ( 0.6301561475421000300, 1.552456863342999800, -0.3002162988104000200 ) ) ;
#3778 = LINE ( 'NONE', #1437, #4920 ) ;
#3779 = B_SPLINE_CURVE_WITH_KNOTS ( 'NONE', 3,
 ( #515, #4262, #982, #4288, #1443, #4766 ),
 .UNSPECIFIED., .F., .F.,
 ( 4, 2, 4 ),
 ( 0.0000000000000000000, 0.5000000000000000000, 1.000000000000000000 ),
 .UNSPECIFIED. ) ;
#3780 = AXIS2_PLACEMENT_3D ( 'NONE', #1423, #1835, #5621 ) ;
#3781 = CARTESIAN_POINT ( 'NONE',  ( 0.2400000000000000200, 1.100000000000000100, 0.0000000000000000000 ) ) ;
#3782 = CARTESIAN_POINT ( 'NONE',  ( 0.2700000000000000700, -0.1000000000000000100, -1.631460183660000200 ) ) ;
#3783 = CARTESIAN_POINT ( 'NONE',  ( -0.4556368944101114600, 0.9000000000000003600, 0.5234830180383499600 ) ) ;
#3784 = CARTESIAN_POINT ( 'NONE',  ( -0.7838367176906000400, 1.500000000000000000, 1.332735025818181800 ) ) ;
#3785 = CARTESIAN_POINT ( 'NONE',  ( 0.2987600966615000000, 1.421601718767000000, 0.6462359142678999500 ) ) ;
#3786 = DIRECTION ( 'NONE',  ( 0.0000000000000000000, 0.8910065242100017000, 0.4539904996970879900 ) ) ;
#3787 = CARTESIAN_POINT ( 'NONE',  ( 1.113545850615516700, 1.700000000028012400, -0.1051128078718122400 ) ) ;
#3788 = EDGE_LOOP ( 'NONE', ( #5515, #5480, #350, #1369 ) ) ;
#3789 = DIRECTION ( 'NONE',  ( -0.0000000000000000000, -0.0000000000000000000, 1.000000000000000000 ) ) ;
#3790 = CARTESIAN_POINT ( 'NONE',  ( 0.7839063534936636700, 1.237562785936114200, 1.159952945604057200 ) ) ;
#3791 = DIRECTION ( 'NONE',  ( 0.0000000000000000000, 0.0000000000000000000, -1.000000000000000000 ) ) ;
#3792 = LINE ( 'NONE', #2614, #2374 ) ;
#3793 = EDGE_CURVE ( 'NONE', #709, #1245, #227, .T. ) ;
#3794 = EDGE_LOOP ( 'NONE', ( #3053, #2536, #2735, #6088, #834, #6074, #1902, #55 ) ) ;
#3795 = CARTESIAN_POINT ( 'NONE',  ( 0.9846856982372749200, 1.561383992048451600, 0.3000000000006650100 ) ) ;
#3796 = CARTESIAN_POINT ( 'NONE',  ( 0.2979687511719000300, 1.495830547640000500, 0.6119059908367000500 ) ) ;
#3797 = CARTESIAN_POINT ( 'NONE',  ( -1.500000000000000000, 0.0000000000000000000, 0.0000000000000000000 ) ) ;
#3798 = VECTOR ( 'NONE', #4680, 1000.000000000000000 ) ;
#3799 = VERTEX_POINT ( 'NONE', #1379 ) ;
#3800 = PLANE ( 'NONE',  #3698 ) ;
#3801 = ADVANCED_FACE ( 'NONE', ( #382 ), #2923, .T. ) ;
#3802 = VERTEX_POINT ( 'NONE', #5665 ) ;
#3803 = CARTESIAN_POINT ( 'NONE',  ( 0.3534640551232000000, 1.499282130865000000, -0.5504770013194000300 ) ) ;
#3804 = EDGE_CURVE ( 'NONE', #4124, #3023, #4983, .T. ) ;
#3805 = CARTESIAN_POINT ( 'NONE',  ( -0.3985032251002816900, 1.599999999999999900, -1.108303220526529100 ) ) ;
#3806 = VECTOR ( 'NONE', #4552, 1000.000000000000100 ) ;
#3807 = ORIENTED_EDGE ( 'NONE', *, *, #2718, .T. ) ;
#3808 = CARTESIAN_POINT ( 'NONE',  ( 0.2986335141834000100, 1.433645474883000100, 0.6406864514746001300 ) ) ;
#3809 = EDGE_LOOP ( 'NONE', ( #1953, #5615, #693, #1459, #5988, #2517 ) ) ;
#3810 = CARTESIAN_POINT ( 'NONE',  ( -0.6337405831790701200, 1.530703003394620100, -0.2999999996869777700 ) ) ;
#3811 = CARTESIAN_POINT ( 'NONE',  ( 0.2999999994344137400, 1.530703003535926600, 0.6337405836429488300 ) ) ;
#3812 = CARTESIAN_POINT ( 'NONE',  ( -0.2500000000000000000, -0.1000000000000000100, -1.651460183660000200 ) ) ;
#3813 = ORIENTED_EDGE ( 'NONE', *, *, #4544, .T. ) ;
#3814 = ORIENTED_EDGE ( 'NONE', *, *, #1640, .T. ) ;
#3815 = CARTESIAN_POINT ( 'NONE',  ( -1.500000000000000000, 0.8000000000000000400, -1.500000000000000000 ) ) ;
#3816 = ORIENTED_EDGE ( 'NONE', *, *, #2718, .F. ) ;
#3817 = ORIENTED_EDGE ( 'NONE', *, *, #1441, .T. ) ;
#3818 = B_SPLINE_CURVE_WITH_KNOTS ( 'NONE', 3,
 ( #2182, #5981, #5741, #980, #3566, #2373, #1238, #1854, #5195, #2288, #3700, #6108, #6153, #6182, #2245, #2632, #3241, #3652 ),
 .UNSPECIFIED., .F., .F.,
 ( 4, 1, 1, 2, 2, 2, 1, 1, 2, 2, 4 ),
 ( 0.0000000000000000000, 0.06250000000000016700, 0.09375000000000022200, 0.1093750000000002400, 0.1250000000000002500, 0.2500000000000002200, 0.3125000000000002200, 0.3437500000000002200, 0.3593750000000002200, 0.3750000000000002200, 0.5000000000000000000 ),
 .UNSPECIFIED. ) ;
#3819 = CARTESIAN_POINT ( 'NONE',  ( -0.6861288132144439700, 0.8099999999999999400, 0.3279366275123270500 ) ) ;
#3820 = CARTESIAN_POINT ( 'NONE',  ( 0.5999999999999999800, 0.0000000000000000000, -1.031678404338003800 ) ) ;
#3821 = EDGE_CURVE ( 'NONE', #5865, #5867, #763, .T. ) ;
#3822 = CARTESIAN_POINT ( 'NONE',  ( 0.6500000000000001300, 0.7991607978309981400, 1.699999999999999500 ) ) ;
#3823 = EDGE_LOOP ( 'NONE', ( #299, #3723, #5639, #6147, #5022, #2558, #5790, #5528, #5760, #5554, #1228, #1438, #4582, #5653, #1455, #4207, #4728, #4726, #4830, #3050, #5389, #4328, #3964, #3285, #4938, #4429, #1689, #2967, #1541, #793, #4563, #896, #2400, #3108 ) ) ;
#3824 = EDGE_CURVE ( 'NONE', #4543, #580, #2565, .T. ) ;
#3825 = ORIENTED_EDGE ( 'NONE', *, *, #836, .F. ) ;
#3826 = CARTESIAN_POINT ( 'NONE',  ( 0.1541501446032898500, 1.599999999996271500, 1.177620359613316100 ) ) ;
#3827 = VECTOR ( 'NONE', #71, 1000.000000000000000 ) ;
#3828 = CARTESIAN_POINT ( 'NONE',  ( 0.6682090325753972100, 0.8000000000000000400, -0.3770173721499369700 ) ) ;
#3829 = CARTESIAN_POINT ( 'NONE',  ( -0.4008341791199790400, 0.9000000000000001300, 0.5681780461396872500 ) ) ;
#3830 = CARTESIAN_POINT ( 'NONE',  ( 0.0000000000000000000, 1.200000000000000000, 0.0000000000000000000 ) ) ;
#3831 = EDGE_LOOP ( 'NONE', ( #505, #6083, #2723, #3807, #2603, #3071 ) ) ;
#3832 = ORIENTED_EDGE ( 'NONE', *, *, #3701, .F. ) ;
#3833 = CARTESIAN_POINT ( 'NONE',  ( 1.000000000000000000, 1.600000000000000100, 1.560000000000000300 ) ) ;
#3834 = AXIS2_PLACEMENT_3D ( 'NONE', #3982, #5461, #1621 ) ;
#3835 = LINE ( 'NONE', #3524, #2549 ) ;
#3836 = DIRECTION ( 'NONE',  ( 0.0000000000000000000, -0.0000000000000000000, 1.000000000000000000 ) ) ;
#3837 = DIRECTION ( 'NONE',  ( -1.000000000000000000, 0.0000000000000000000, 0.0000000000000000000 ) ) ;
#3838 = DIRECTION ( 'NONE',  ( 0.0000000000000000000, -0.0000000000000000000, -1.000000000000000000 ) ) ;
#3839 = DIRECTION ( 'NONE',  ( 1.000000000000000000, 0.0000000000000000000, 0.0000000000000000000 ) ) ;
#3840 = ADVANCED_FACE ( 'NONE', ( #2430 ), #3525, .T. ) ;
#3841 = ORIENTED_EDGE ( 'NONE', *, *, #489, .T. ) ;
#3842 = LINE ( 'NONE', #2560, #2420 ) ;
#3843 = CARTESIAN_POINT ( 'NONE',  ( -1.058300524426000200, 1.700000000000000000, 0.2999999999999999900 ) ) ;
#3844 = ORIENTED_EDGE ( 'NONE', *, *, #1742, .F. ) ;
#3845 = CARTESIAN_POINT ( 'NONE',  ( -0.6489199613360244800, 1.500351968308268700, -0.2999999991648617500 ) ) ;
#3846 = EDGE_CURVE ( 'NONE', #5409, #5027, #6104, .T. ) ;
#3847 = DIRECTION ( 'NONE',  ( 1.000000000000000000, 0.0000000000000000000, 0.0000000000000000000 ) ) ;
#3848 = CARTESIAN_POINT ( 'NONE',  ( -0.7179269646785752000, 1.600000000000000300, -0.9473748020760917000 ) ) ;
#3849 = CARTESIAN_POINT ( 'NONE',  ( -0.3402136406935381600, 0.9000000000000003600, 0.6036480885525689100 ) ) ;
#3850 = CARTESIAN_POINT ( 'NONE',  ( -0.7838367176906000400, 1.490236892706218000, 1.309164799778630200 ) ) ;
#3851 = CARTESIAN_POINT ( 'NONE',  ( 0.3173132055752000400, 1.518279661417000000, 0.5623619889444999600 ) ) ;
#3852 = VECTOR ( 'NONE', #3257, 1000.000000000000000 ) ;
#3853 = DIRECTION ( 'NONE',  ( -1.000000000000000000, 0.0000000000000000000, 0.0000000000000000000 ) ) ;
#3854 = CARTESIAN_POINT ( 'NONE',  ( 0.9738101798165893500, 1.200000000023901300, 8.628516427621277400E-017 ) ) ;
#3855 = CARTESIAN_POINT ( 'NONE',  ( 0.0000000000000000000, 0.0000000000000000000, 1.680000000000000200 ) ) ;
#3856 = CARTESIAN_POINT ( 'NONE',  ( -0.6049725677420999500, 1.149999999999999900, 0.1583814478701612800 ) ) ;
#3857 = CARTESIAN_POINT ( 'NONE',  ( 3.704388593286589500E-017, 1.149999999999999900, 0.6049725677420999500 ) ) ;
#3858 = FACE_OUTER_BOUND ( 'NONE', #5351, .T. ) ;
#3859 = ORIENTED_EDGE ( 'NONE', *, *, #4023, .F. ) ;
#3860 = EDGE_CURVE ( 'NONE', #4932, #4782, #1185, .T. ) ;
#3861 = DIRECTION ( 'NONE',  ( 0.0000000000000000000, 0.0000000000000000000, 1.000000000000000000 ) ) ;
#3862 = CARTESIAN_POINT ( 'NONE',  ( -0.8854431781999524400, 1.629407900853984100, 0.2999999999999999900 ) ) ;
#3863 = VECTOR ( 'NONE', #3623, 1000.000000000000000 ) ;
#3864 =( BOUNDED_CURVE ( )  B_SPLINE_CURVE ( 3, ( #2786, #5688, #4253, #1418, #4747, #1872 ),
 .UNSPECIFIED., .F., .F. ) 
 B_SPLINE_CURVE_WITH_KNOTS ( ( 4, 1, 1, 4 ),
 ( 0.0000000000000000000, 0.2654856122126080800, 0.6744936288960058400, 1.000000000000000000 ),
 .UNSPECIFIED. ) 
 CURVE ( )  GEOMETRIC_REPRESENTATION_ITEM ( )  RATIONAL_B_SPLINE_CURVE ( ( 1.077293648701329600, 1.077293648701329600, 1.077293648701329600, 1.077293648701329600, 1.077293648701329600, 1.077293648701329600 ) ) 
 REPRESENTATION_ITEM ( '' )  );
#3865 = CARTESIAN_POINT ( 'NONE',  ( -0.1913883988900523000, 0.1500000000000000200, -0.06025667072694365600 ) ) ;
#3866 = AXIS2_PLACEMENT_3D ( 'NONE', #3615, #3600, #3143 ) ;
#3867 = CARTESIAN_POINT ( 'NONE',  ( 0.3197164295479999500, 1.406250986877999800, -0.6150675694560998600 ) ) ;
#3868 = STYLED_ITEM ( 'NONE', ( #7 ), #3608 ) ;
#3869 = CIRCLE ( 'NONE', #1602, 0.1200000000000000900 ) ;
#3870 = CARTESIAN_POINT ( 'NONE',  ( -0.2985070988233978200, 0.9000000000000003600, 0.6252447866748334100 ) ) ;
#3871 = ORIENTED_EDGE ( 'NONE', *, *, #1849, .F. ) ;
#3872 = CARTESIAN_POINT ( 'NONE',  ( 1.000000000000000000, 1.652198665876328600, 1.549222690360981400 ) ) ;
#3873 = CARTESIAN_POINT ( 'NONE',  ( -1.200000000000000000, 0.7991607978309981400, 1.699999999999999500 ) ) ;
#3874 = FACE_OUTER_BOUND ( 'NONE', #4895, .T. ) ;
#3875 = CARTESIAN_POINT ( 'NONE',  ( -0.5683927976485000400, 1.505556223009999900, 0.3176003971838999900 ) ) ;
#3876 = CARTESIAN_POINT ( 'NONE',  ( 0.2303616580025000000, 1.092665025992000100, -1.367479433118000000 ) ) ;
#3877 = ORIENTED_EDGE ( 'NONE', *, *, #764, .T. ) ;
#3878 = EDGE_CURVE ( 'NONE', #2066, #2533, #1834, .T. ) ;
#3879 = LINE ( 'NONE', #4398, #109 ) ;
#3880 = ORIENTED_EDGE ( 'NONE', *, *, #5350, .T. ) ;
#3881 = PLANE ( 'NONE',  #873 ) ;
#3882 = ORIENTED_EDGE ( 'NONE', *, *, #5214, .T. ) ;
#3883 = VERTEX_POINT ( 'NONE', #5392 ) ;
#3884 = ORIENTED_EDGE ( 'NONE', *, *, #6183, .T. ) ;
#3885 = ORIENTED_EDGE ( 'NONE', *, *, #3397, .T. ) ;
#3886 = CARTESIAN_POINT ( 'NONE',  ( 0.3000508900075000200, 1.439852615890999900, -0.6824631084611000300 ) ) ;
#3887 = EDGE_CURVE ( 'NONE', #1737, #5321, #5953, .T. ) ;
#3888 = CARTESIAN_POINT ( 'NONE',  ( -0.8900915305612205900, 1.599999999999999900, -0.7753676118624626100 ) ) ;
#3889 = ORIENTED_EDGE ( 'NONE', *, *, #1523, .F. ) ;
#3890 = CARTESIAN_POINT ( 'NONE',  ( -0.2500000000000000000, 0.02000000000000000000, -1.771460183660000100 ) ) ;
#3891 = CARTESIAN_POINT ( 'NONE',  ( 1.000000000000000000, 1.689222690360981500, 1.512198665876328000 ) ) ;
#3892 = CARTESIAN_POINT ( 'NONE',  ( -0.1806186265694414200, 1.186941683428969400, -2.211940228946575000E-017 ) ) ;
#3893 = EDGE_LOOP ( 'NONE', ( #2311, #174, #141, #4653 ) ) ;
#3894 = CARTESIAN_POINT ( 'NONE',  ( -0.6301561482329000000, 1.552456860953000100, 0.3002162991041000300 ) ) ;
#3895 = CARTESIAN_POINT ( 'NONE',  ( 0.2999999997078354700, 1.530703003353430800, -0.6337405830508041600 ) ) ;
#3896 = LINE ( 'NONE', #1389, #3738 ) ;
#3897 = VERTEX_POINT ( 'NONE', #2979 ) ;
#3898 = ORIENTED_EDGE ( 'NONE', *, *, #609, .F. ) ;
#3899 = CARTESIAN_POINT ( 'NONE',  ( 1.500000000000000000, 0.0000000000000000000, 0.0000000000000000000 ) ) ;
#3900 = DIRECTION ( 'NONE',  ( -1.000000000000000000, -0.0000000000000000000, 0.0000000000000000000 ) ) ;
#3901 = CYLINDRICAL_SURFACE ( 'NONE', #5858, 0.1200000000000000900 ) ;
#3902 = EDGE_CURVE ( 'NONE', #50, #3726, #114, .T. ) ;
#3903 = PLANE ( 'NONE',  #944 ) ;
#3904 = ORIENTED_EDGE ( 'NONE', *, *, #3754, .T. ) ;
#3905 = DIRECTION ( 'NONE',  ( 0.0000000000000000000, -1.000000000000000000, 0.0000000000000000000 ) ) ;
#3906 = ORIENTED_EDGE ( 'NONE', *, *, #1890, .T. ) ;
#3907 = CARTESIAN_POINT ( 'NONE',  ( -0.9659119584708347700, 1.600000000000000100, -0.6824623745973010800 ) ) ;
#3908 = FACE_OUTER_BOUND ( 'NONE', #2034, .T. ) ;
#3909 = CARTESIAN_POINT ( 'NONE',  ( -0.2754141961911961700, 0.9000000000000002400, 0.6356474997094225800 ) ) ;
#3910 = CARTESIAN_POINT ( 'NONE',  ( 1.000000000000000000, 1.700000000000000400, 1.486179938779914800 ) ) ;
#3911 = AXIS2_PLACEMENT_3D ( 'NONE', #5883, #2975, #171 ) ;
#3912 = ORIENTED_EDGE ( 'NONE', *, *, #4523, .T. ) ;
#3913 = CARTESIAN_POINT ( 'NONE',  ( -0.2700000000000000200, -0.1000000000000000100, -1.851460183660000200 ) ) ;
#3914 = EDGE_CURVE ( 'NONE', #3375, #2829, #3393, .T. ) ;
#3915 = CARTESIAN_POINT ( 'NONE',  ( 0.5999999999999998700, 0.02000000000000000000, 1.700000000000000200 ) ) ;
#3916 = DIRECTION ( 'NONE',  ( 0.0000000000000000000, 1.000000000000000000, 0.0000000000000000000 ) ) ;
#3917 = VECTOR ( 'NONE', #787, 1000.000000000000000 ) ;
#3918 = CARTESIAN_POINT ( 'NONE',  ( 0.7838367176906018100, 1.100000000000000100, 1.160000000000002400 ) ) ;
#3919 = EDGE_CURVE ( 'NONE', #1136, #2419, #4837, .T. ) ;
#3920 = CARTESIAN_POINT ( 'NONE',  ( -0.9846856982453949800, 1.561383992050845400, -0.3000000000000476700 ) ) ;
#3921 = CYLINDRICAL_SURFACE ( 'NONE', #3215, 1.500000000000000000 ) ;
#3922 = CARTESIAN_POINT ( 'NONE',  ( -1.036410878059894000, 1.599999999999999900, -0.5619950573441722100 ) ) ;
#3923 = CARTESIAN_POINT ( 'NONE',  ( 0.2983724975323000500, 1.458285300088000100, 0.6293115109303000200 ) ) ;
#3924 = CARTESIAN_POINT ( 'NONE',  ( 1.000000000000000000, 1.700000000000000200, 1.460000000000000000 ) ) ;
#3925 = FACE_OUTER_BOUND ( 'NONE', #864, .T. ) ;
#3926 = CARTESIAN_POINT ( 'NONE',  ( -0.5475256707081402900, 1.508890768682910100, -0.3503831844714682700 ) ) ;
#3927 = CIRCLE ( 'NONE', #6087, 0.02000000000000005200 ) ;
#3928 = EDGE_CURVE ( 'NONE', #5398, #2733, #900, .T. ) ;
#3929 = CARTESIAN_POINT ( 'NONE',  ( -5.880735623267340600E-017, 1.100000000004047300, 0.9228576348416935900 ) ) ;
#3930 = EDGE_CURVE ( 'NONE', #2829, #5288, #4044, .T. ) ;
#3931 = ORIENTED_EDGE ( 'NONE', *, *, #422, .T. ) ;
#3932 = CARTESIAN_POINT ( 'NONE',  ( 0.0000000000000000000, 0.8000000000000000400, 1.224647799146999900E-014 ) ) ;
#3933 = CARTESIAN_POINT ( 'NONE',  ( 0.6500000000000001300, -0.09999999999999997800, 1.000000000000000000 ) ) ;
#3934 = VECTOR ( 'NONE', #3177, 1000.000000000000000 ) ;
#3935 = CARTESIAN_POINT ( 'NONE',  ( -0.8531705573916942300, 1.200000000000000000, 1.109999999999993000 ) ) ;
#3936 = ORIENTED_EDGE ( 'NONE', *, *, #1291, .T. ) ;
#3937 = VECTOR ( 'NONE', #4071, 1000.000000000000000 ) ;
#3938 = CARTESIAN_POINT ( 'NONE',  ( 0.2975490777370000100, 1.534231299845999900, 0.5940037830522999500 ) ) ;
#3939 = CARTESIAN_POINT ( 'NONE',  ( 0.6923796403815998300, 0.8999999999667671600, 1.274145339362647500E-010 ) ) ;
#3940 = EDGE_LOOP ( 'NONE', ( #3663, #1729, #2070, #1596, #5576, #335 ) ) ;
#3941 = CARTESIAN_POINT ( 'NONE',  ( 0.07853981633974471700, 0.1499999999999999700, -0.3000000000000000400 ) ) ;
#3942 = CARTESIAN_POINT ( 'NONE',  ( 0.08631425483947935400, 0.8239331831997101000, -1.367479433118000000 ) ) ;
#3943 = LINE ( 'NONE', #3327, #1295 ) ;
#3944 = CARTESIAN_POINT ( 'NONE',  ( 0.2700000000000000200, -0.05000000000000000300, -1.851460183660000000 ) ) ;
#3945 = VERTEX_POINT ( 'NONE', #2068 ) ;
#3946 = ORIENTED_EDGE ( 'NONE', *, *, #5567, .F. ) ;
#3947 = EDGE_CURVE ( 'NONE', #662, #2733, #1983, .T. ) ;
#3948 = DIRECTION ( 'NONE',  ( -0.0000000000000000000, 0.0000000000000000000, 1.000000000000000000 ) ) ;
#3949 = ORIENTED_EDGE ( 'NONE', *, *, #1354, .F. ) ;
#3950 = CARTESIAN_POINT ( 'NONE',  ( 0.3001292295377412400, 1.473118905263606700, 0.7654301831796903600 ) ) ;
#3951 = CARTESIAN_POINT ( 'NONE',  ( -0.2999999999489109100, 1.526134711292885800, 0.6218334189307157500 ) ) ;
#3952 = ADVANCED_FACE ( 'NONE', ( #2273 ), #1830, .T. ) ;
#3953 = EDGE_LOOP ( 'NONE', ( #122, #4512, #2465, #121 ) ) ;
#3954 = ORIENTED_EDGE ( 'NONE', *, *, #2091, .T. ) ;
#3955 = ORIENTED_EDGE ( 'NONE', *, *, #3208, .T. ) ;
#3956 = DIRECTION ( 'NONE',  ( 0.0000000000000000000, -1.000000000000000000, 0.0000000000000000000 ) ) ;
#3957 = CARTESIAN_POINT ( 'NONE',  ( -1.062776505104029200, 1.600000000000000300, -0.5077780912834509700 ) ) ;
#3958 = VERTEX_POINT ( 'NONE', #3987 ) ;
#3959 = VERTEX_POINT ( 'NONE', #1169 ) ;
#3960 = FACE_OUTER_BOUND ( 'NONE', #3678, .T. ) ;
#3961 = B_SPLINE_CURVE_WITH_KNOTS ( 'NONE', 3,
 ( #4643, #5082, #307, #750 ),
 .UNSPECIFIED., .F., .F.,
 ( 4, 4 ),
 ( 0.0000000000000000000, 1.000000000000000000 ),
 .UNSPECIFIED. ) ;
#3962 = CARTESIAN_POINT ( 'NONE',  ( 0.1565959976289843800, 0.1499999999999999900, -0.2676680710829440500 ) ) ;
#3963 = CARTESIAN_POINT ( 'NONE',  ( 0.5999999999999999800, 0.02000000000000000000, -1.000000000000000000 ) ) ;
#3964 = ORIENTED_EDGE ( 'NONE', *, *, #4055, .F. ) ;
#3965 = CARTESIAN_POINT ( 'NONE',  ( -1.200000000000000000, -0.1000000000000000100, 1.680000000000000200 ) ) ;
#3966 = EDGE_CURVE ( 'NONE', #5458, #1879, #5181, .T. ) ;
#3967 = VERTEX_POINT ( 'NONE', #1627 ) ;
#3968 = VECTOR ( 'NONE', #5452, 1000.000000000000100 ) ;
#3969 = CARTESIAN_POINT ( 'NONE',  ( 0.0000000000000000000, 1.215000000000000100, 0.0000000000000000000 ) ) ;
#3970 = CARTESIAN_POINT ( 'NONE',  ( -0.5999999999999999800, 0.1771238898038000100, -1.080000000000000100 ) ) ;
#3971 = CARTESIAN_POINT ( 'NONE',  ( 0.8672907435737536900, 1.513727374278321000, -0.3000918946173252700 ) ) ;
#3972 = AXIS2_PLACEMENT_3D ( 'NONE', #2575, #2594, #4584 ) ;
#3973 = VERTEX_POINT ( 'NONE', #5446 ) ;
#3974 = VECTOR ( 'NONE', #1119, 1000.000000000000000 ) ;
#3975 = CARTESIAN_POINT ( 'NONE',  ( -0.2500000000000000000, 0.0006920078688068651200, -1.664101509124528400 ) ) ;
#3976 = CARTESIAN_POINT ( 'NONE',  ( 0.3366096862633106100, 0.8000000000000002700, 0.5962559105628991700 ) ) ;
#3977 = CARTESIAN_POINT ( 'NONE',  ( -1.079498435214143000, 1.599999999999999900, -0.4710583103964409200 ) ) ;
#3978 = ORIENTED_EDGE ( 'NONE', *, *, #666, .T. ) ;
#3979 = AXIS2_PLACEMENT_3D ( 'NONE', #5869, #162, #3449 ) ;
#3980 = PLANE ( 'NONE',  #5365 ) ;
#3981 = AXIS2_PLACEMENT_3D ( 'NONE', #674, #3956, #1133 ) ;
#3982 = CARTESIAN_POINT ( 'NONE',  ( 0.0000000000000000000, 1.010000000000000000, 0.02618982020222999900 ) ) ;
#3983 = ADVANCED_FACE ( 'NONE', ( #4384 ), #5489, .T. ) ;
#3984 = CARTESIAN_POINT ( 'NONE',  ( 0.6798856235007142400, 0.8100000000000001600, -1.299611624278248500 ) ) ;
#3985 = EDGE_CURVE ( 'NONE', #1456, #2080, #3396, .T. ) ;
#3986 = CARTESIAN_POINT ( 'NONE',  ( 1.058300524439611500, 1.700000000010851300, 0.3000000000026191700 ) ) ;
#3988 = CARTESIAN_POINT ( 'NONE',  ( 1.192573519704834800E-016, 1.200000000039835900, -0.9738101798291155500 ) ) ;
#3987 = CARTESIAN_POINT ( 'NONE',  ( -1.099999999999999900, 0.0000000000000000000, -1.500000000000000200 ) ) ;
#3989 = DIRECTION ( 'NONE',  ( 0.0000000000000000000, 0.0000000000000000000, -1.000000000000000000 ) ) ;
#3990 = LINE ( 'NONE', #1272, #5140 ) ;
#3991 = ORIENTED_EDGE ( 'NONE', *, *, #3878, .T. ) ;
#3992 = EDGE_CURVE ( 'NONE', #3967, #4064, #4525, .T. ) ;
#3993 = DIRECTION ( 'NONE',  ( 0.0000000000000000000, 0.0000000000000000000, -1.000000000000000000 ) ) ;
#3994 = B_SPLINE_CURVE_WITH_KNOTS ( 'NONE', 3,
 ( #1524, #4376, #2922, #124 ),
 .UNSPECIFIED., .F., .F.,
 ( 4, 4 ),
 ( 0.0000000000000000000, 1.000000000000000000 ),
 .UNSPECIFIED. ) ;
#3995 = CARTESIAN_POINT ( 'NONE',  ( -0.5611314983283587400, 0.8000000000000000400, 0.3966269526436712600 ) ) ;
#3996 = LINE ( 'NONE', #302, #1500 ) ;
#3997 = CARTESIAN_POINT ( 'NONE',  ( -0.09638341997458715900, 0.9833497400762980500, -0.9738101797978002700 ) ) ;
#3998 = CARTESIAN_POINT ( 'NONE',  ( 0.1838805200330989000, 1.600000000000000100, -1.491975249713675100 ) ) ;
#3999 = DIRECTION ( 'NONE',  ( 1.000000000000000000, -0.0000000000000000000, 0.0000000000000000000 ) ) ;
#4000 = FACE_OUTER_BOUND ( 'NONE', #776, .T. ) ;
#4001 = B_SPLINE_CURVE_WITH_KNOTS ( 'NONE', 3,
 ( #2411, #2386, #2485, #2637, #2738, #2780 ),
 .UNSPECIFIED., .F., .F.,
 ( 4, 2, 4 ),
 ( 0.5000000000000000000, 0.7500000000000000000, 1.000000000000000000 ),
 .UNSPECIFIED. ) ;
#4002 = B_SPLINE_CURVE_WITH_KNOTS ( 'NONE', 3,
 ( #2142, #5492, #2618, #5986, #3092 ),
 .UNSPECIFIED., .F., .F.,
 ( 4, 1, 4 ),
 ( 0.0000000000000000000, 0.7634525149664284100, 0.9901138647392713200 ),
 .UNSPECIFIED. ) ;
#4003 = CARTESIAN_POINT ( 'NONE',  ( -0.9738101798291154400, 1.200000000039835600, -0.2041162076816296400 ) ) ;
#4004 = CARTESIAN_POINT ( 'NONE',  ( -0.6095304802858001500, 1.418102106396000200, -0.3194748995170000300 ) ) ;
#4005 = DIRECTION ( 'NONE',  ( -1.000000000000000000, 0.0000000000000000000, -0.0000000000000000000 ) ) ;
#4006 = ORIENTED_EDGE ( 'NONE', *, *, #4237, .T. ) ;
#4007 = EDGE_CURVE ( 'NONE', #2925, #44, #5652, .T. ) ;
#4008 = FACE_OUTER_BOUND ( 'NONE', #3506, .T. ) ;
#4010 = CARTESIAN_POINT ( 'NONE',  ( -0.9098316285998424600, 1.700000000003884000, 0.6458032900220088700 ) ) ;
#4009 = CARTESIAN_POINT ( 'NONE',  ( 0.5999999999999999800, 0.0000000000000000000, 1.600000000000000100 ) ) ;
#4011 = EDGE_CURVE ( 'NONE', #1730, #3035, #610, .T. ) ;
#4012 = CARTESIAN_POINT ( 'NONE',  ( 0.0000000000000000000, 0.8764413300365039300, 0.0000000000000000000 ) ) ;
#4013 = ORIENTED_EDGE ( 'NONE', *, *, #4973, .F. ) ;
#4014 = ADVANCED_FACE ( 'NONE', ( #4223 ), #2776, .F. ) ;
#4015 = CYLINDRICAL_SURFACE ( 'NONE', #4635, 0.02000000000000005200 ) ;
#4016 = VERTEX_POINT ( 'NONE', #2604 ) ;
#4017 = CARTESIAN_POINT ( 'NONE',  ( -0.7838367176906000400, 1.600000000000000100, 1.210000000000000000 ) ) ;
#4018 = AXIS2_PLACEMENT_3D ( 'NONE', #4486, #1629, #3989 ) ;
#4019 = EDGE_LOOP ( 'NONE', ( #2197, #4479, #1603, #6143 ) ) ;
#4020 = AXIS2_PLACEMENT_3D ( 'NONE', #2926, #128, #3412 ) ;
#4021 = CARTESIAN_POINT ( 'NONE',  ( 0.3528625245654851700, 1.416935847626257500, 0.5918697446014255000 ) ) ;
#4022 = CARTESIAN_POINT ( 'NONE',  ( 0.3189644586886999900, 1.442752163688000100, 0.5979899615082000500 ) ) ;
#4023 = EDGE_CURVE ( 'NONE', #3122, #2741, #4063, .T. ) ;
#4024 = CARTESIAN_POINT ( 'NONE',  ( 1.427680115319996700, 1.600000000000000100, -0.4661345542637871400 ) ) ;
#4025 = ORIENTED_EDGE ( 'NONE', *, *, #609, .T. ) ;
#4026 = ORIENTED_EDGE ( 'NONE', *, *, #543, .F. ) ;
#4027 = ORIENTED_EDGE ( 'NONE', *, *, #4591, .F. ) ;
#4028 = DIRECTION ( 'NONE',  ( -0.0000000000000000000, 1.000000000000000000, 0.0000000000000000000 ) ) ;
#4029 = EDGE_LOOP ( 'NONE', ( #1364, #5835, #2755, #6137, #3719, #3954 ) ) ;
#4030 = DIRECTION ( 'NONE',  ( 0.0000000000000000000, 1.000000000000000000, 0.0000000000000000000 ) ) ;
#4031 = CARTESIAN_POINT ( 'NONE',  ( -0.6655787431733000100, 1.476406808068000000, -0.3000874904779000100 ) ) ;
#4032 = EDGE_CURVE ( 'NONE', #5855, #2763, #5361, .T. ) ;
#4033 = VERTEX_POINT ( 'NONE', #765 ) ;
#4035 = PLANE ( 'NONE',  #4887 ) ;
#4034 = CARTESIAN_POINT ( 'NONE',  ( 5.410954283830000700, 1.250000000000000000, 1.110000000000000100 ) ) ;
#4036 = CARTESIAN_POINT ( 'NONE',  ( -0.1911338510082375400, 1.200000000000000000, -1.367479433118000000 ) ) ;
#4037 = FACE_OUTER_BOUND ( 'NONE', #585, .T. ) ;
#4038 = ORIENTED_EDGE ( 'NONE', *, *, #4176, .T. ) ;
#4039 = DIRECTION ( 'NONE',  ( 1.000000000000000000, 0.0000000000000000000, 0.0000000000000000000 ) ) ;
#4040 = ORIENTED_EDGE ( 'NONE', *, *, #3380, .T. ) ;
#4041 = ORIENTED_EDGE ( 'NONE', *, *, #3474, .T. ) ;
#4042 = PLANE ( 'NONE',  #2965 ) ;
#4043 = VECTOR ( 'NONE', #2489, 1000.000000000000000 ) ;
#4044 = B_SPLINE_CURVE_WITH_KNOTS ( 'NONE', 3,
 ( #176, #1594, #4461, #1612 ),
 .UNSPECIFIED., .F., .F.,
 ( 4, 4 ),
 ( 0.0000000000000000000, 1.000000000000000000 ),
 .UNSPECIFIED. ) ;
#4045 = CARTESIAN_POINT ( 'NONE',  ( 0.3194721722193000200, 1.418235898031000100, 0.6094679674196000800 ) ) ;
#4046 = CARTESIAN_POINT ( 'NONE',  ( 1.110678270642683000, 1.600000000000000300, 1.019040334034330400 ) ) ;
#4047 = VERTEX_POINT ( 'NONE', #4546 ) ;
#4048 = ORIENTED_EDGE ( 'NONE', *, *, #2208, .F. ) ;
#4049 = CARTESIAN_POINT ( 'NONE',  ( 1.200000000000000000, -0.09999999999999999200, 1.000000000000000000 ) ) ;
#4050 = ADVANCED_FACE ( 'NONE', ( #455, #298 ), #1230, .T. ) ;
#4051 = LINE ( 'NONE', #4654, #4209 ) ;
#4052 = CARTESIAN_POINT ( 'NONE',  ( 1.249999999999999800, 0.0000000000000000000, 1.399999999999999900 ) ) ;
#4053 = CARTESIAN_POINT ( 'NONE',  ( 0.7162466278654587800, 0.8100000000000000500, 0.2554356310463049600 ) ) ;
#4054 = CARTESIAN_POINT ( 'NONE',  ( 1.500000000000000000, 0.0000000000000000000, -1.500000000000000000 ) ) ;
#4055 = EDGE_CURVE ( 'NONE', #5846, #1876, #1411, .T. ) ;
#4056 = ORIENTED_EDGE ( 'NONE', *, *, #745, .F. ) ;
#4058 = CARTESIAN_POINT ( 'NONE',  ( -0.7533298886009310900, 0.8000000000000001600, 0.1193756581903086100 ) ) ;
#4057 = CARTESIAN_POINT ( 'NONE',  ( 5.410954283830000700, 1.250000000000000000, 1.159999999999999900 ) ) ;
#4059 = CARTESIAN_POINT ( 'NONE',  ( 0.5999999999999999800, 0.02000000000000000400, -1.129999999999999900 ) ) ;
#4060 =( LENGTH_UNIT ( ) NAMED_UNIT ( * ) SI_UNIT ( .MILLI., .METRE. ) );
#4061 = AXIS2_PLACEMENT_3D ( 'NONE', #2432, #2784, #2832 ) ;
#4062 = AXIS2_PLACEMENT_3D ( 'NONE', #1097, #4409, #4898 ) ;
#4063 = LINE ( 'NONE', #258, #1552 ) ;
#4064 = VERTEX_POINT ( 'NONE', #301 ) ;
#4065 = PLANE ( 'NONE',  #2025 ) ;
#4066 = DIRECTION ( 'NONE',  ( -1.000000000000000000, 0.0000000000000000000, -0.0000000000000000000 ) ) ;
#4067 = CARTESIAN_POINT ( 'NONE',  ( 0.3197164302161000200, 1.406250948889999900, 0.6150675873876001500 ) ) ;
#4068 = CARTESIAN_POINT ( 'NONE',  ( 4.653657836759942400E-017, 0.8000000000000000400, -0.7599999999999876900 ) ) ;
#4069 = VECTOR ( 'NONE', #2513, 1000.000000000000000 ) ;
#4070 = CARTESIAN_POINT ( 'NONE',  ( -0.1726496281076541100, 0.9000000000000002400, 0.6762424490003735600 ) ) ;
#4071 = DIRECTION ( 'NONE',  ( 0.0000000000000000000, 1.000000000000000000, 0.0000000000000000000 ) ) ;
#4072 = DIRECTION ( 'NONE',  ( 0.0000000000000000000, -1.000000000000000000, 0.0000000000000000000 ) ) ;
#4073 = EDGE_CURVE ( 'NONE', #1553, #559, #5057, .T. ) ;
#4074 = DIRECTION ( 'NONE',  ( -0.0000000000000000000, 0.0000000000000000000, 1.000000000000000000 ) ) ;
#4075 = CARTESIAN_POINT ( 'NONE',  ( 0.0000000000000000000, 1.200000000000000000, 0.0000000000000000000 ) ) ;
#4076 = CYLINDRICAL_SURFACE ( 'NONE', #4234, 0.02000000000000005200 ) ;
#4077 = ORIENTED_EDGE ( 'NONE', *, *, #92, .F. ) ;
#4078 = CARTESIAN_POINT ( 'NONE',  ( -0.09132252707972236800, 0.6500000000000000200, 0.2864623387669920600 ) ) ;
#4079 = ADVANCED_FACE ( 'NONE', ( #154 ), #5058, .F. ) ;
#4080 = LINE ( 'NONE', #3899, #3614 ) ;
#4081 = ORIENTED_EDGE ( 'NONE', *, *, #1397, .T. ) ;
#4082 = DIRECTION ( 'NONE',  ( 0.0000000000000000000, -1.000000000000000000, 0.0000000000000000000 ) ) ;
#4083 = CARTESIAN_POINT ( 'NONE',  ( -0.9999999999999476000, 1.745000000000000300, 1.118033988749941800 ) ) ;
#4084 = CIRCLE ( 'NONE', #5686, 0.2000000000000000100 ) ;
#4085 = CARTESIAN_POINT ( 'NONE',  ( 0.3531616849204999900, 1.509724611125000000, 0.5453921246199000500 ) ) ;
#4086 = DIRECTION ( 'NONE',  ( 0.0000000000000000000, -1.000000000000000000, 0.0000000000000000000 ) ) ;
#4087 = EDGE_CURVE ( 'NONE', #5045, #4109, #5212, .T. ) ;
#4088 = ORIENTED_EDGE ( 'NONE', *, *, #5267, .F. ) ;
#4089 = CARTESIAN_POINT ( 'NONE',  ( -0.08839340895897326900, 0.9000000000000002400, 0.6924473670662216800 ) ) ;
#4090 = CARTESIAN_POINT ( 'NONE',  ( 0.8531705573916944500, 1.200000000000000000, 1.109999999999992800 ) ) ;
#4091 = CARTESIAN_POINT ( 'NONE',  ( 0.0000000000000000000, 1.700000000028012400, 0.0000000000000000000 ) ) ;
#4092 = ORIENTED_EDGE ( 'NONE', *, *, #2037, .F. ) ;
#4093 = VECTOR ( 'NONE', #1395, 1000.000000000000000 ) ;
#4094 = CARTESIAN_POINT ( 'NONE',  ( 0.2999999999999999900, 1.100000000000000100, 0.0000000000000000000 ) ) ;
#4095 = CARTESIAN_POINT ( 'NONE',  ( -0.7838367176906000400, 1.451184463531092000, 1.269413843984061000 ) ) ;
#4096 = ORIENTED_EDGE ( 'NONE', *, *, #2410, .F. ) ;
#4097 = AXIS2_PLACEMENT_3D ( 'NONE', #5048, #6037, #6090 ) ;
#4098 = DIRECTION ( 'NONE',  ( -1.000000000000000000, 0.0000000000000000000, 0.0000000000000000000 ) ) ;
#4099 = FACE_OUTER_BOUND ( 'NONE', #5769, .T. ) ;
#4100 = ORIENTED_EDGE ( 'NONE', *, *, #2640, .T. ) ;
#4101 = DIRECTION ( 'NONE',  ( -0.0000000000000000000, -1.000000000000000000, -0.0000000000000000000 ) ) ;
#4102 = CARTESIAN_POINT ( 'NONE',  ( 0.7838367176906000400, 1.500000000000000000, 1.560000000000000300 ) ) ;
#4103 = ORIENTED_EDGE ( 'NONE', *, *, #4735, .T. ) ;
#4104 = CARTESIAN_POINT ( 'NONE',  ( -0.7838367176906017000, 1.100000000000000100, 1.160000000000002800 ) ) ;
#4105 = DIRECTION ( 'NONE',  ( 0.0000000000000000000, 1.000000000000000000, 0.0000000000000000000 ) ) ;
#4106 = ORIENTED_EDGE ( 'NONE', *, *, #1050, .T. ) ;
#4107 = AXIS2_PLACEMENT_3D ( 'NONE', #2639, #6017, #3120 ) ;
#4108 = AXIS2_PLACEMENT_3D ( 'NONE', #4139, #2231, #5587 ) ;
#4109 = VERTEX_POINT ( 'NONE', #3102 ) ;
#4110 = VERTEX_POINT ( 'NONE', #6021 ) ;
#4111 = EDGE_CURVE ( 'NONE', #5915, #3750, #1208, .T. ) ;
#4112 = CARTESIAN_POINT ( 'NONE',  ( -0.3966269526436723100, 0.7999999999999999300, -0.5611314983283536300 ) ) ;
#4113 = VERTEX_POINT ( 'NONE', #322 ) ;
#4114 = CARTESIAN_POINT ( 'NONE',  ( -1.058300524439611500, 1.700000000010851300, -0.3000000000026191200 ) ) ;
#4115 = ADVANCED_FACE ( 'NONE', ( #1 ), #2287, .T. ) ;
#4116 = PLANE ( 'NONE',  #4184 ) ;
#4117 = DIRECTION ( 'NONE',  ( 0.0000000000000000000, 0.0000000000000000000, -1.000000000000000000 ) ) ;
#4118 = VERTEX_POINT ( 'NONE', #1732 ) ;
#4119 = CARTESIAN_POINT ( 'NONE',  ( -0.7838367176906000400, 1.399999999999999900, 1.260000000000000000 ) ) ;
#4120 = ORIENTED_EDGE ( 'NONE', *, *, #6024, .F. ) ;
#4121 = LINE ( 'NONE', #3415, #1319 ) ;
#4122 = EDGE_CURVE ( 'NONE', #2079, #2393, #1258, .T. ) ;
#4123 = CARTESIAN_POINT ( 'NONE',  ( -0.3532207159460999900, 1.507685950218000200, -0.5463848337340999600 ) ) ;
#4124 = VERTEX_POINT ( 'NONE', #5143 ) ;
#4125 = CARTESIAN_POINT ( 'NONE',  ( 0.0000000000000000000, 0.0000000000000000000, 0.0000000000000000000 ) ) ;
#4126 = VERTEX_POINT ( 'NONE', #5618 ) ;
#4127 = FACE_OUTER_BOUND ( 'NONE', #5270, .T. ) ;
#4128 = B_SPLINE_CURVE_WITH_KNOTS ( 'NONE', 3,
 ( #3638, #362, #4627, #1762, #5116, #2227 ),
 .UNSPECIFIED., .F., .F.,
 ( 4, 2, 4 ),
 ( 0.0000000000000000000, 0.2500000000000000600, 0.5000000000000000000 ),
 .UNSPECIFIED. ) ;
#4129 = CARTESIAN_POINT ( 'NONE',  ( -0.7853910043032462700, 1.237936974369189500, 1.158953874048966200 ) ) ;
#4130 = CARTESIAN_POINT ( 'NONE',  ( 0.3000000000019771300, 1.700000000002731800, -1.058300524432975300 ) ) ;
#4131 = EDGE_LOOP ( 'NONE', ( #5699, #3276, #3230, #2752, #1440 ) ) ;
#4132 = VECTOR ( 'NONE', #5337, 1000.000000000000000 ) ;
#4133 = CARTESIAN_POINT ( 'NONE',  ( 0.3535306905589999900, 1.496980830546000000, 0.5515975990425999700 ) ) ;
#4134 = CARTESIAN_POINT ( 'NONE',  ( 0.8669798128418636500, 1.513589753283940000, 0.2999999999923824700 ) ) ;
#4135 = CARTESIAN_POINT ( 'NONE',  ( 0.5171099832119613300, 0.7999999999999999300, -0.4505584704547373500 ) ) ;
#4136 = EDGE_CURVE ( 'NONE', #5910, #1980, #583, .T. ) ;
#4137 = ORIENTED_EDGE ( 'NONE', *, *, #5547, .T. ) ;
#4138 = DIRECTION ( 'NONE',  ( 0.0000000000000000000, -0.0000000000000000000, -1.000000000000000000 ) ) ;
#4139 = CARTESIAN_POINT ( 'NONE',  ( 0.0000000000000000000, -0.1000000000000000100, 0.02853981633973999900 ) ) ;
#4140 = EDGE_CURVE ( 'NONE', #5806, #3959, #4516, .T. ) ;
#4141 = CARTESIAN_POINT ( 'NONE',  ( -0.7838367176906000400, 1.500000000000000000, 1.360000000000000100 ) ) ;
#4142 = CARTESIAN_POINT ( 'NONE',  ( -0.2977407048941000400, 1.516753971633000300, -0.6021627707264001200 ) ) ;
#4143 = CARTESIAN_POINT ( 'NONE',  ( 0.5725836257976000300, 1.496697481945999900, 0.3177978753192000600 ) ) ;
#4144 = CARTESIAN_POINT ( 'NONE',  ( 0.6356642976188766600, 0.9000000000000001300, 0.2753716728568190200 ) ) ;
#4145 = CARTESIAN_POINT ( 'NONE',  ( -0.2652359877559829500, -0.0000000000000000000, -1.621460183660000000 ) ) ;
#4146 = VECTOR ( 'NONE', #2216, 1000.000000000000000 ) ;
#4147 = ADVANCED_FACE ( 'NONE', ( #4906 ), #5633, .T. ) ;
#4148 = AXIS2_PLACEMENT_3D ( 'NONE', #739, #1200, #4521 ) ;
#4149 = CARTESIAN_POINT ( 'NONE',  ( -0.6790520212323885000, 1.439558585075217900, 0.2999999999970413000 ) ) ;
#4150 = FACE_OUTER_BOUND ( 'NONE', #4696, .T. ) ;
#4151 = VERTEX_POINT ( 'NONE', #1356 ) ;
#4152 = CARTESIAN_POINT ( 'NONE',  ( 0.3552504341557999900, 1.434685476302999900, 0.5817234107450000000 ) ) ;
#4153 = CARTESIAN_POINT ( 'NONE',  ( 0.1339782380279999900, 1.119315285916000000, -0.9738101797978001600 ) ) ;
#4154 = APPLICATION_PROTOCOL_DEFINITION ( 'draft international standard', 'automotive_design', 1998, #4652 ) ;
#4155 = DIRECTION ( 'NONE',  ( 0.0000000000000000000, -1.000000000000000000, 0.0000000000000000000 ) ) ;
#4156 = LINE ( 'NONE', #1232, #5306 ) ;
#4157 = DIRECTION ( 'NONE',  ( 0.0000000000000000000, 1.000000000000000000, 0.0000000000000000000 ) ) ;
#4158 = EDGE_CURVE ( 'NONE', #4349, #3352, #1919, .T. ) ;
#4159 = CARTESIAN_POINT ( 'NONE',  ( -0.5999999999999998700, 0.0000000000000000000, 1.680000000000000200 ) ) ;
#4160 = DIRECTION ( 'NONE',  ( 1.000000000000000000, 0.0000000000000000000, 0.0000000000000000000 ) ) ;
#4161 = B_SPLINE_CURVE_WITH_KNOTS ( 'NONE', 3,
 ( #1094, #1555, #4894, #2012 ),
 .UNSPECIFIED., .F., .F.,
 ( 4, 4 ),
 ( 0.0000000000000000000, 1.000000000000000000 ),
 .UNSPECIFIED. ) ;
#4162 = LINE ( 'NONE', #4801, #1631 ) ;
#4163 = CARTESIAN_POINT ( 'NONE',  ( 0.1927668399491656900, 0.9566994801525095000, 0.02618982020222999900 ) ) ;
#4164 = CARTESIAN_POINT ( 'NONE',  ( 0.6323709579799000600, 1.547725164382000000, 0.3002062631535001300 ) ) ;
#4165 = CARTESIAN_POINT ( 'NONE',  ( 0.1830390760798545100, 0.6499999999999999100, -0.2411207403754102300 ) ) ;
#4166 = ORIENTED_EDGE ( 'NONE', *, *, #1347, .T. ) ;
#4167 = CARTESIAN_POINT ( 'NONE',  ( 0.5474792456280190800, 1.508986332753474500, -0.3503804728533401200 ) ) ;
#4168 = CARTESIAN_POINT ( 'NONE',  ( -9.307315673519884700E-017, 0.8000000000000000400, 0.7600000000000122200 ) ) ;
#4169 = VECTOR ( 'NONE', #1861, 1000.000000000000000 ) ;
#4170 = EDGE_LOOP ( 'NONE', ( #5093, #3446, #3040, #1587, #4056, #2323 ) ) ;
#4171 = CARTESIAN_POINT ( 'NONE',  ( 0.8089488030467922900, 0.8764413300365039300, -9.906765623253368600E-017 ) ) ;
#4172 = DIRECTION ( 'NONE',  ( 0.0000000000000000000, -1.000000000000000000, 0.0000000000000000000 ) ) ;
#4173 = PRODUCT_CONTEXT ( 'NONE', #4652, 'mechanical' ) ;
#4174 = FACE_OUTER_BOUND ( 'NONE', #3188, .T. ) ;
#4175 = EDGE_LOOP ( 'NONE', ( #3844, #2092, #1870, #849 ) ) ;
#4176 = EDGE_CURVE ( 'NONE', #3035, #5866, #3864, .T. ) ;
#4177 = DIRECTION ( 'NONE',  ( -1.000000000000000000, 0.0000000000000000000, 0.0000000000000000000 ) ) ;
#4178 = ADVANCED_FACE ( 'NONE', ( #3453 ), #6174, .F. ) ;
#4179 = ORIENTED_EDGE ( 'NONE', *, *, #1113, .T. ) ;
#4180 = CARTESIAN_POINT ( 'NONE',  ( -0.2500000000000000000, -0.05000000000000000300, -1.741460183660000100 ) ) ;
#4181 = ORIENTED_EDGE ( 'NONE', *, *, #6135, .F. ) ;
#4182 = ORIENTED_EDGE ( 'NONE', *, *, #1477, .T. ) ;
#4183 = ORIENTED_EDGE ( 'NONE', *, *, #5871, .F. ) ;
#4184 = AXIS2_PLACEMENT_3D ( 'NONE', #4180, #4268, #4294 ) ;
#4185 = PRESENTATION_LAYER_ASSIGNMENT (  '', '', ( #3868 ) ) ;
#4186 = ORIENTED_EDGE ( 'NONE', *, *, #4353, .T. ) ;
#4187 = CARTESIAN_POINT ( 'NONE',  ( 1.000000000000000000, 1.700000000000000000, 1.560000000000000300 ) ) ;
#4188 = CARTESIAN_POINT ( 'NONE',  ( 0.7838367176906000400, 1.500000000000000000, 1.360000000000000100 ) ) ;
#4189 = CARTESIAN_POINT ( 'NONE',  ( 0.1885940547557485900, 0.8100000000000002800, -0.7367008197904007000 ) ) ;
#4190 = CARTESIAN_POINT ( 'NONE',  ( -0.3532620465276999900, 1.506258580903000000, 0.5470798789291999600 ) ) ;
#4191 = ORIENTED_EDGE ( 'NONE', *, *, #4032, .F. ) ;
#4192 = CARTESIAN_POINT ( 'NONE',  ( 0.1812645658443858800, 0.8999999999446114400, -0.6923796404256292700 ) ) ;
#4193 = ORIENTED_EDGE ( 'NONE', *, *, #4111, .F. ) ;
#4194 = CARTESIAN_POINT ( 'NONE',  ( 1.396890630833949900, 1.100000000000000300, 0.09938795264585720300 ) ) ;
#4195 =( GEOMETRIC_REPRESENTATION_CONTEXT ( 3 ) GLOBAL_UNCERTAINTY_ASSIGNED_CONTEXT ( ( #1801 ) ) GLOBAL_UNIT_ASSIGNED_CONTEXT ( ( #3181, #380, #3662 ) ) REPRESENTATION_CONTEXT ( 'NONE', 'WORKASPACE' ) );
#4196 = FACE_OUTER_BOUND ( 'NONE', #1321, .T. ) ;
#4197 = EDGE_CURVE ( 'NONE', #1958, #2066, #3451, .T. ) ;
#4198 = EDGE_LOOP ( 'NONE', ( #5861, #3191, #919, #1810 ) ) ;
#4199 = VERTEX_POINT ( 'NONE', #4276 ) ;
#4200 = B_SPLINE_CURVE_WITH_KNOTS ( 'NONE', 3,
 ( #1554, #1402, #1535, #1566, #1586, #1848 ),
 .UNSPECIFIED., .F., .F.,
 ( 4, 2, 4 ),
 ( 0.0000000000000000000, 0.2500000000000000600, 0.5000000000000000000 ),
 .UNSPECIFIED. ) ;
#4201 = FACE_OUTER_BOUND ( 'NONE', #4645, .T. ) ;
#4202 = CARTESIAN_POINT ( 'NONE',  ( -0.7600000000000002300, 0.8099999999999999400, -0.04823237758965548400 ) ) ;
#4203 = CARTESIAN_POINT ( 'NONE',  ( -1.088047406266067900, 1.599999999999999900, -0.4508579097866416400 ) ) ;
#4204 = CARTESIAN_POINT ( 'NONE',  ( 7.963372722499701700E-011, 0.8999999999723059500, 0.6923796403942167300 ) ) ;
#4205 = DIRECTION ( 'NONE',  ( 1.000000000000000000, 0.0000000000000000000, 0.0000000000000000000 ) ) ;
#4206 = ORIENTED_EDGE ( 'NONE', *, *, #3115, .F. ) ;
#4207 = ORIENTED_EDGE ( 'NONE', *, *, #5542, .F. ) ;
#4208 = EDGE_CURVE ( 'NONE', #865, #1593, #4598, .T. ) ;
#4209 = VECTOR ( 'NONE', #383, 1000.000000000000000 ) ;
#4210 =( BOUNDED_CURVE ( )  B_SPLINE_CURVE ( 3, ( #4700, #1415, #5223, #2345, #5705, #2801 ),
 .UNSPECIFIED., .F., .F. ) 
 B_SPLINE_CURVE_WITH_KNOTS ( ( 4, 1, 1, 4 ),
 ( 0.0000000000000000000, 0.3971796053691763500, 0.8027437332308260400, 1.000000000000000000 ),
 .UNSPECIFIED. ) 
 CURVE ( )  GEOMETRIC_REPRESENTATION_ITEM ( )  RATIONAL_B_SPLINE_CURVE ( ( 1.077293651853000500, 1.077293651853000500, 1.077293651853000500, 1.077293651853000500, 1.077293651853000500, 1.077293651853000500 ) ) 
 REPRESENTATION_ITEM ( '' )  );
#4211 = CARTESIAN_POINT ( 'NONE',  ( -0.6842078896604000300, 0.7999999999999999300, 1.675826004047948800E-016 ) ) ;
#4212 = DIRECTION ( 'NONE',  ( 0.0000000000000000000, 1.000000000000000000, -0.0000000000000000000 ) ) ;
#4213 = DIRECTION ( 'NONE',  ( 0.0000000000000000000, -0.0000000000000000000, 1.000000000000000000 ) ) ;
#4214 = DIRECTION ( 'NONE',  ( 0.0000000000000000000, 0.0000000000000000000, -1.000000000000000000 ) ) ;
#4215 = CARTESIAN_POINT ( 'NONE',  ( -0.3197164305172999800, 1.406250989215999800, 0.6150675705957999700 ) ) ;
#4216 = ADVANCED_FACE ( 'NONE', ( #818 ), #4443, .T. ) ;
#4217 = ORIENTED_EDGE ( 'NONE', *, *, #1742, .T. ) ;
#4218 = CARTESIAN_POINT ( 'NONE',  ( -0.1480139958882913400, 0.6500000000000001300, -0.2617869430475350300 ) ) ;
#4219 = CARTESIAN_POINT ( 'NONE',  ( 0.7949999950605461900, 1.100000000000000100, -1.160871668251105100 ) ) ;
#4220 = CARTESIAN_POINT ( 'NONE',  ( -0.1885940547557485600, 0.8000000000000001600, -0.7367008197904007000 ) ) ;
#4221 = CARTESIAN_POINT ( 'NONE',  ( 0.3542437008602000200, 1.471798791594999900, 0.5638193206035000400 ) ) ;
#4222 = CARTESIAN_POINT ( 'NONE',  ( -1.500000000000000000, 0.0000000000000000000, -1.500000000000000000 ) ) ;
#4223 = FACE_OUTER_BOUND ( 'NONE', #3705, .T. ) ;
#4224 = VERTEX_POINT ( 'NONE', #528 ) ;
#4225 = CARTESIAN_POINT ( 'NONE',  ( 0.5657619530487000300, 1.467783318830999900, -0.3543548817423999900 ) ) ;
#4226 = EDGE_CURVE ( 'NONE', #642, #3593, #973, .T. ) ;
#4227 = CARTESIAN_POINT ( 'NONE',  ( -0.6500000000000000200, 0.7991607978309981400, 1.699999999999999500 ) ) ;
#4228 = CARTESIAN_POINT ( 'NONE',  ( -0.3021292665241329700, 0.8100000000000000500, -0.6977625521847622400 ) ) ;
#4229 = CARTESIAN_POINT ( 'NONE',  ( -5.880735623267340600E-017, 1.100000000004047300, 0.9228576348416935900 ) ) ;
#4230 = LINE ( 'NONE', #1576, #1693 ) ;
#4231 = DIRECTION ( 'NONE',  ( -0.0000000000000000000, -0.0000000000000000000, 1.000000000000000000 ) ) ;
#4232 = DIRECTION ( 'NONE',  ( 0.0000000000000000000, -0.0000000000000000000, 1.000000000000000000 ) ) ;
#4233 = CARTESIAN_POINT ( 'NONE',  ( -0.3000583355358000200, 1.448199382536999900, 0.6786130985566000100 ) ) ;
#4234 = AXIS2_PLACEMENT_3D ( 'NONE', #3017, #4483, #702 ) ;
#4235 = AXIS2_PLACEMENT_3D ( 'NONE', #2391, #548, #3838 ) ;
#4236 = LINE ( 'NONE', #4977, #622 ) ;
#4237 = EDGE_CURVE ( 'NONE', #4199, #249, #1645, .T. ) ;
#4238 = CARTESIAN_POINT ( 'NONE',  ( 3.704388593286589500E-017, 0.9000000000000001300, 0.6049725677420999500 ) ) ;
#4239 = CYLINDRICAL_SURFACE ( 'NONE', #5433, 0.02000000000000005200 ) ;
#4240 = DIRECTION ( 'NONE',  ( 0.0000000000000000000, -0.0000000000000000000, 1.000000000000000000 ) ) ;
#4241 = ORIENTED_EDGE ( 'NONE', *, *, #4997, .T. ) ;
#4242 = DIRECTION ( 'NONE',  ( 0.0000000000000000000, 0.0000000000000000000, 1.000000000000000000 ) ) ;
#4243 = CARTESIAN_POINT ( 'NONE',  ( 0.6306954925851000500, 1.455289722662000100, -0.2984043343102000300 ) ) ;
#4244 = ADVANCED_FACE ( 'NONE', ( #1904 ), #5755, .F. ) ;
#4245 = B_SPLINE_CURVE_WITH_KNOTS ( 'NONE', 3,
 ( #240, #727, #4511, #1651, #4999, #2116 ),
 .UNSPECIFIED., .F., .F.,
 ( 4, 2, 4 ),
 ( 0.0000000000000000000, 0.5000000000000000000, 1.000000000000000000 ),
 .UNSPECIFIED. ) ;
#4246 = CARTESIAN_POINT ( 'NONE',  ( 1.450000000000000000, 0.8000000000000000400, 1.200000000000000000 ) ) ;
#4247 = EDGE_CURVE ( 'NONE', #5476, #369, #670, .T. ) ;
#4248 = CARTESIAN_POINT ( 'NONE',  ( -1.150059450879097800, 1.600000000000000100, -0.2944191398636071300 ) ) ;
#4249 = LINE ( 'NONE', #1775, #3934 ) ;
#4250 = CARTESIAN_POINT ( 'NONE',  ( 0.0000000000000000000, 0.9000000000000001300, 0.0000000000000000000 ) ) ;
#4251 = ORIENTED_EDGE ( 'NONE', *, *, #1206, .T. ) ;
#4252 = DIRECTION ( 'NONE',  ( 0.0000000000000000000, 0.0000000000000000000, -1.000000000000000000 ) ) ;
#4253 = CARTESIAN_POINT ( 'NONE',  ( 0.3521156364289013700, 1.445818006345672700, -0.5780204791745362500 ) ) ;
#4254 = VECTOR ( 'NONE', #1334, 1000.000000000000000 ) ;
#4255 = DIRECTION ( 'NONE',  ( 0.0000000000000000000, -1.000000000000000000, 0.0000000000000000000 ) ) ;
#4256 = CARTESIAN_POINT ( 'NONE',  ( -0.8089488030467921800, 0.8764413300365038200, -1.617897606093584100 ) ) ;
#4257 = ORIENTED_EDGE ( 'NONE', *, *, #4407, .F. ) ;
#4258 = DIRECTION ( 'NONE',  ( 0.0000000000000000000, 0.0000000000000000000, -1.000000000000000000 ) ) ;
#4259 = FACE_OUTER_BOUND ( 'NONE', #280, .T. ) ;
#4260 = ORIENTED_EDGE ( 'NONE', *, *, #2064, .T. ) ;
#4261 = VERTEX_POINT ( 'NONE', #4779 ) ;
#4262 = CARTESIAN_POINT ( 'NONE',  ( -0.08455389725860368300, 0.9405670483015118300, -1.367479433118000200 ) ) ;
#4263 = EDGE_CURVE ( 'NONE', #4224, #4782, #2042, .T. ) ;
#4264 = CARTESIAN_POINT ( 'NONE',  ( -0.7600000000000000100, 0.8000000000000000400, 1.212548288771632000E-014 ) ) ;
#4265 = EDGE_CURVE ( 'NONE', #2089, #5865, #2726, .T. ) ;
#4266 = VERTEX_POINT ( 'NONE', #2875 ) ;
#4267 = CARTESIAN_POINT ( 'NONE',  ( -0.2999999999999999900, 1.629407900790620600, -0.8854431780461833300 ) ) ;
#4268 = DIRECTION ( 'NONE',  ( -1.000000000000000000, 0.0000000000000000000, 0.0000000000000000000 ) ) ;
#4269 = CARTESIAN_POINT ( 'NONE',  ( 0.2999999999999443700, 1.205000000000000100, -1.367479433117746400 ) ) ;
#4270 = ORIENTED_EDGE ( 'NONE', *, *, #927, .F. ) ;
#4271 = ORIENTED_EDGE ( 'NONE', *, *, #554, .T. ) ;
#4272 = CARTESIAN_POINT ( 'NONE',  ( -0.2500000000000000000, 0.02000000000000000000, -1.651460183660000000 ) ) ;
#4273 = VECTOR ( 'NONE', #2635, 1000.000000000000000 ) ;
#4274 = ORIENTED_EDGE ( 'NONE', *, *, #5014, .T. ) ;
#4275 = AXIS2_PLACEMENT_3D ( 'NONE', #924, #1268, #974 ) ;
#4276 = CARTESIAN_POINT ( 'NONE',  ( -0.6337405831790701200, 1.530703003394620100, -0.2999999996869777700 ) ) ;
#4277 = EDGE_LOOP ( 'NONE', ( #878, #2125, #5609, #208, #4763 ) ) ;
#4278 = DIRECTION ( 'NONE',  ( 0.0000000000000000000, 0.0000000000000000000, 1.000000000000000000 ) ) ;
#4279 = DIRECTION ( 'NONE',  ( 0.0000000000000000000, 1.841344137202552000E-016, 1.000000000000000000 ) ) ;
#4280 = CARTESIAN_POINT ( 'NONE',  ( -0.5999999999999999800, 0.0000000000000000000, -0.9114601836603001300 ) ) ;
#4281 = ORIENTED_EDGE ( 'NONE', *, *, #534, .T. ) ;
#4282 = ADVANCED_FACE ( 'NONE', ( #5882 ), #4343, .F. ) ;
#4283 = CIRCLE ( 'NONE', #5087, 0.6500000000642103300 ) ;
#4284 = CARTESIAN_POINT ( 'NONE',  ( 0.2999999999999999900, 0.6500000000000001300, -2.571758278209441600E-017 ) ) ;
#4285 = ORIENTED_EDGE ( 'NONE', *, *, #1285, .F. ) ;
#4286 = VERTEX_POINT ( 'NONE', #1044 ) ;
#4287 = B_SPLINE_CURVE_WITH_KNOTS ( 'NONE', 3,
 ( #1313, #384, #1782, #5137 ),
 .UNSPECIFIED., .F., .F.,
 ( 4, 4 ),
 ( 0.0000000000000000000, 1.000000000000000000 ),
 .UNSPECIFIED. ) ;
#4288 = CARTESIAN_POINT ( 'NONE',  ( 0.04398165083047359700, 0.9096956502299438100, -1.367479433118000000 ) ) ;
#4289 = VECTOR ( 'NONE', #163, 1000.000000000000000 ) ;
#4290 = EDGE_CURVE ( 'NONE', #1797, #1571, #5562, .T. ) ;
#4291 = CARTESIAN_POINT ( 'NONE',  ( 1.250000000000000200, 0.0000000000000000000, 1.680000000000000200 ) ) ;
#4292 = DIRECTION ( 'NONE',  ( 0.0000000000000000000, -0.0000000000000000000, -1.000000000000000000 ) ) ;
#4293 = ORIENTED_EDGE ( 'NONE', *, *, #2506, .T. ) ;
#4294 = DIRECTION ( 'NONE',  ( 0.0000000000000000000, 0.0000000000000000000, 1.000000000000000000 ) ) ;
#4295 = DIRECTION ( 'NONE',  ( -0.0000000000000000000, -1.000000000000000000, -0.0000000000000000000 ) ) ;
#4296 = CARTESIAN_POINT ( 'NONE',  ( -1.177620359595999500, 1.600000000000000100, -0.1499271984503949000 ) ) ;
#4297 = VECTOR ( 'NONE', #3836, 1000.000000000000000 ) ;
#4298 = DIRECTION ( 'NONE',  ( -1.000000000000000000, -0.0000000000000000000, -0.0000000000000000000 ) ) ;
#4299 = CARTESIAN_POINT ( 'NONE',  ( 0.6049725677420999500, 1.149999999999999900, -5.186144030601225300E-017 ) ) ;
#4300 = VERTEX_POINT ( 'NONE', #584 ) ;
#4301 = CARTESIAN_POINT ( 'NONE',  ( 0.2999999999999999900, 1.700000000000000000, -0.5766281297334999700 ) ) ;
#4302 = DIRECTION ( 'NONE',  ( -0.0000000000000000000, -1.000000000000000000, 0.0000000000000000000 ) ) ;
#4303 = CARTESIAN_POINT ( 'NONE',  ( -0.2500000000000000000, -0.08706722843317753200, -1.714098582711593800 ) ) ;
#4304 = CARTESIAN_POINT ( 'NONE',  ( 0.07530701490851984800, 0.6500000000000001300, 0.2929107255518682600 ) ) ;
#4305 = EDGE_CURVE ( 'NONE', #2729, #2150, #1043, .T. ) ;
#4306 = FACE_OUTER_BOUND ( 'NONE', #1329, .T. ) ;
#4307 = VERTEX_POINT ( 'NONE', #5803 ) ;
#4308 = CARTESIAN_POINT ( 'NONE',  ( -0.7422130362691489200, 0.8100000000000000500, 0.1900721599956249100 ) ) ;
#4309 = CARTESIAN_POINT ( 'NONE',  ( 1.177620359600597000, 1.599999999986394300, 8.653014023857877500E-017 ) ) ;
#4310 = CARTESIAN_POINT ( 'NONE',  ( 0.6500000000000001300, 0.8000000000000000400, 1.686666666666666500 ) ) ;
#4311 = CARTESIAN_POINT ( 'NONE',  ( 0.5587178810351833800, 1.200000000000000200, -1.310721457508855500 ) ) ;
#4312 = ADVANCED_FACE ( 'NONE', ( #2991 ), #4986, .T. ) ;
#4313 = LINE ( 'NONE', #3944, #833 ) ;
#4314 = ORIENTED_EDGE ( 'NONE', *, *, #5973, .T. ) ;
#4315 = AXIS2_PLACEMENT_3D ( 'NONE', #5733, #5400, #5478 ) ;
#4316 = CARTESIAN_POINT ( 'NONE',  ( 0.5004517608268087600, 0.8000000000000000400, -0.5744029427046636300 ) ) ;
#4317 = PLANE ( 'NONE',  #29 ) ;
#4318 = CARTESIAN_POINT ( 'NONE',  ( -7.408777186573179000E-017, 1.149999999999999900, -0.6049725677420999500 ) ) ;
#4319 = DIRECTION ( 'NONE',  ( 0.0000000000000000000, 0.0000000000000000000, 1.000000000000000000 ) ) ;
#4320 = FACE_OUTER_BOUND ( 'NONE', #4131, .T. ) ;
#4321 = CARTESIAN_POINT ( 'NONE',  ( -1.450000000000000000, 0.0000000000000000000, 1.200000000000000000 ) ) ;
#4322 = CARTESIAN_POINT ( 'NONE',  ( 0.3024647647546344600, 1.521077163423134600, 0.6067543167271704000 ) ) ;
#4323 = CARTESIAN_POINT ( 'NONE',  ( 1.200000000000000000, 0.3499999999999999800, 1.700000000000000000 ) ) ;
#4324 = CARTESIAN_POINT ( 'NONE',  ( 0.6049725677421000600, 1.149999999999999900, 0.1583814478701611500 ) ) ;
#4325 = AXIS2_PLACEMENT_3D ( 'NONE', #652, #2044, #5853 ) ;
#4326 = VECTOR ( 'NONE', #4298, 1000.000000000000000 ) ;
#4327 = EDGE_CURVE ( 'NONE', #4109, #1375, #2852, .T. ) ;
#4328 = ORIENTED_EDGE ( 'NONE', *, *, #554, .F. ) ;
#4329 = CARTESIAN_POINT ( 'NONE',  ( 0.9098316285998415700, 1.700000000003883300, 0.6458032900220099800 ) ) ;
#4330 = B_SPLINE_CURVE_WITH_KNOTS ( 'NONE', 3,
 ( #3074, #5482, #3550, #760 ),
 .UNSPECIFIED., .F., .F.,
 ( 4, 4 ),
 ( 0.0000000000000000000, 1.000000000000000000 ),
 .UNSPECIFIED. ) ;
#4331 = CARTESIAN_POINT ( 'NONE',  ( 0.5999999999999998700, 0.02000000000000000000, 1.680000000000000200 ) ) ;
#4332 = ORIENTED_EDGE ( 'NONE', *, *, #3860, .T. ) ;
#4333 = LINE ( 'NONE', #986, #5445 ) ;
#4334 = CARTESIAN_POINT ( 'NONE',  ( 0.0000000000000000000, 0.1499999999999999900, -1.000000000000000000 ) ) ;
#4335 = VERTEX_POINT ( 'NONE', #2488 ) ;
#4336 = CARTESIAN_POINT ( 'NONE',  ( 0.3541173046127000200, 1.476304585767999500, -0.5616354552643999500 ) ) ;
#4337 = EDGE_CURVE ( 'NONE', #2080, #2310, #6097, .T. ) ;
#4338 = CARTESIAN_POINT ( 'NONE',  ( -1.177620359600597000, 1.599999999986394300, -1.153735203210119000E-016 ) ) ;
#4339 = CARTESIAN_POINT ( 'NONE',  ( -0.5500000000000000400, 0.7999999999999999300, 1.600000000000000100 ) ) ;
#4340 = LINE ( 'NONE', #773, #5450 ) ;
#4341 = ORIENTED_EDGE ( 'NONE', *, *, #1122, .T. ) ;
#4342 = ORIENTED_EDGE ( 'NONE', *, *, #1410, .T. ) ;
#4343 = PLANE ( 'NONE',  #31 ) ;
#4344 = CARTESIAN_POINT ( 'NONE',  ( -0.5933642377149002100, 1.410424641214000000, 0.3558824278343000200 ) ) ;
#4345 = ORIENTED_EDGE ( 'NONE', *, *, #3661, .T. ) ;
#4346 = ORIENTED_EDGE ( 'NONE', *, *, #3928, .F. ) ;
#4347 = ADVANCED_FACE ( 'NONE', ( #5286, #1608 ), #2009, .F. ) ;
#4348 = VERTEX_POINT ( 'NONE', #5371 ) ;
#4349 = VERTEX_POINT ( 'NONE', #169 ) ;
#4350 = ORIENTED_EDGE ( 'NONE', *, *, #3435, .F. ) ;
#4351 = DIRECTION ( 'NONE',  ( 0.0000000000000000000, 0.0000000000000000000, -1.000000000000000000 ) ) ;
#4352 = CARTESIAN_POINT ( 'NONE',  ( -1.058300524439611500, 1.700000000010851300, 0.3000000000026184500 ) ) ;
#4353 = EDGE_CURVE ( 'NONE', #4873, #6051, #370, .T. ) ;
#4354 = EDGE_LOOP ( 'NONE', ( #1254, #5707, #569, #3100 ) ) ;
#4355 = EDGE_CURVE ( 'NONE', #4151, #3560, #1479, .T. ) ;
#4356 = ORIENTED_EDGE ( 'NONE', *, *, #5224, .T. ) ;
#4357 = CARTESIAN_POINT ( 'NONE',  ( -0.1615425999774547100, 0.1500000000000000200, -0.1216766096692431900 ) ) ;
#4358 = CIRCLE ( 'NONE', #5300, 0.8089488030467922900 ) ;
#4359 = CARTESIAN_POINT ( 'NONE',  ( 0.2976651377733999200, 1.523655157704999700, -0.5989429020698000500 ) ) ;
#4360 = DIRECTION ( 'NONE',  ( 0.0000000000000000000, -1.000000000000000000, 0.0000000000000000000 ) ) ;
#4361 = CARTESIAN_POINT ( 'NONE',  ( -0.5474792456038758400, 1.508986332747936700, 0.3503804728673962100 ) ) ;
#4362 = ORIENTED_EDGE ( 'NONE', *, *, #4693, .F. ) ;
#4363 = AXIS2_PLACEMENT_3D ( 'NONE', #5164, #2282, #5642 ) ;
#4364 = ORIENTED_EDGE ( 'NONE', *, *, #2189, .F. ) ;
#4365 = CARTESIAN_POINT ( 'NONE',  ( -7.408777186573179000E-017, 1.149999999999999900, -0.6049725677420999500 ) ) ;
#4366 = AXIS2_PLACEMENT_3D ( 'NONE', #4798, #1473, #3847 ) ;
#4367 = VECTOR ( 'NONE', #2935, 1000.000000000000000 ) ;
#4368 = CARTESIAN_POINT ( 'NONE',  ( -1.200000000000000000, 0.8000000000000000400, 1.686666666666666500 ) ) ;
#4369 = CARTESIAN_POINT ( 'NONE',  ( -0.6462359142203000200, 1.421601718897999900, 0.2987600966537999900 ) ) ;
#4370 = EDGE_CURVE ( 'NONE', #3486, #5401, #2691, .T. ) ;
#4371 = CARTESIAN_POINT ( 'NONE',  ( 0.0000000000000000000, 1.508986332709128000, 0.0000000000000000000 ) ) ;
#4372 = ORIENTED_EDGE ( 'NONE', *, *, #1611, .T. ) ;
#4373 = B_SPLINE_CURVE_WITH_KNOTS ( 'NONE', 3,
 ( #4982, #1632, #733, #4017 ),
 .UNSPECIFIED., .F., .F.,
 ( 4, 4 ),
 ( 0.0000000000000000000, 1.000000000000000000 ),
 .UNSPECIFIED. ) ;
#4374 = ORIENTED_EDGE ( 'NONE', *, *, #5054, .T. ) ;
#4375 = FACE_OUTER_BOUND ( 'NONE', #856, .T. ) ;
#4376 = CARTESIAN_POINT ( 'NONE',  ( 0.2999999995315361700, 1.469968612142316800, 0.6640187640209745900 ) ) ;
#4377 = DIRECTION ( 'NONE',  ( 5.559780123650931500E-017, 0.8910065241818148100, -0.4539904997524076800 ) ) ;
#4378 = EDGE_LOOP ( 'NONE', ( #4875, #3722, #1333, #4494 ) ) ;
#4379 = EDGE_CURVE ( 'NONE', #805, #5920, #2550, .T. ) ;
#4380 = CARTESIAN_POINT ( 'NONE',  ( 1.058300524426000200, 1.700000000000000000, -0.2999999999999999900 ) ) ;
#4381 = CARTESIAN_POINT ( 'NONE',  ( 0.3528625245654851700, 1.416935847626257500, 0.5918697446014255000 ) ) ;
#4382 = DIRECTION ( 'NONE',  ( 0.0000000000000000000, 0.0000000000000000000, -1.000000000000000000 ) ) ;
#4383 = DIRECTION ( 'NONE',  ( 0.0000000000000000000, 0.0000000000000000000, -1.000000000000000000 ) ) ;
#4384 = FACE_OUTER_BOUND ( 'NONE', #1799, .T. ) ;
#4385 = CARTESIAN_POINT ( 'NONE',  ( 0.2500000000000000000, -1.741415926536000100, -1.771460183659999900 ) ) ;
#4386 = CARTESIAN_POINT ( 'NONE',  ( 0.1806186265694413300, 1.186941683428969400, 0.3612372531388828300 ) ) ;
#4387 = LINE ( 'NONE', #3409, #1838 ) ;
#4388 = EDGE_CURVE ( 'NONE', #5013, #3426, #5124, .T. ) ;
#4389 = DIRECTION ( 'NONE',  ( 1.000000000000000000, 0.0000000000000000000, -0.0000000000000000000 ) ) ;
#4390 = CARTESIAN_POINT ( 'NONE',  ( 0.1941490250885359300, 0.1500000000000000200, 0.05020852085462157400 ) ) ;
#4391 = CIRCLE ( 'NONE', #2306, 0.8089488030467922900 ) ;
#4392 = CARTESIAN_POINT ( 'NONE',  ( -0.7838367176906001500, 1.173820061220084900, 1.260000000000000000 ) ) ;
#4393 = AXIS2_PLACEMENT_3D ( 'NONE', #3008, #3389, #3277 ) ;
#4394 = PLANE ( 'NONE',  #3347 ) ;
#4395 = AXIS2_PLACEMENT_3D ( 'NONE', #3969, #3016, #5427 ) ;
#4396 = LINE ( 'NONE', #1028, #1702 ) ;
#4397 = DIRECTION ( 'NONE',  ( 0.0000000000000000000, -1.000000000000000000, 0.0000000000000000000 ) ) ;
#4398 = CARTESIAN_POINT ( 'NONE',  ( -0.1927668399491999900, 0.9566994801524999500, -1.367479433118000000 ) ) ;
#4399 = ORIENTED_EDGE ( 'NONE', *, *, #5118, .F. ) ;
#4400 = DIRECTION ( 'NONE',  ( -0.0000000000000000000, -1.000000000000000000, -0.0000000000000000000 ) ) ;
#4401 = CARTESIAN_POINT ( 'NONE',  ( 0.6500000000000001300, 0.8900000000000000100, 1.700000000000000000 ) ) ;
#4402 = CONICAL_SURFACE ( 'NONE', #4393, 1.100000000064937900, 1.169370598790532500 ) ;
#4403 = CARTESIAN_POINT ( 'NONE',  ( -0.2500000000000000000, 0.02000000000000000000, -1.651460183660000000 ) ) ;
#4404 = CARTESIAN_POINT ( 'NONE',  ( -1.200000000000000000, -0.1000000000000000100, 1.000000000000000000 ) ) ;
#4405 = ORIENTED_EDGE ( 'NONE', *, *, #3985, .F. ) ;
#4406 = B_SPLINE_CURVE_WITH_KNOTS ( 'NONE', 3,
 ( #3811, #2858, #4322, #1484, #4811, #1937 ),
 .UNSPECIFIED., .F., .F.,
 ( 4, 2, 4 ),
 ( 0.0000000000000000000, 0.5000000000000000000, 1.000000000000000000 ),
 .UNSPECIFIED. ) ;
#4407 = EDGE_CURVE ( 'NONE', #1110, #5353, #2555, .T. ) ;
#4408 = VECTOR ( 'NONE', #364, 1000.000000000000000 ) ;
#4409 = DIRECTION ( 'NONE',  ( 1.000000000000000000, 0.0000000000000000000, 0.0000000000000000000 ) ) ;
#4410 = CARTESIAN_POINT ( 'NONE',  ( 0.3000000000000184200, 1.150000000000053600, -0.6000000000000368400 ) ) ;
#4411 = ORIENTED_EDGE ( 'NONE', *, *, #1690, .T. ) ;
#4412 = VECTOR ( 'NONE', #1600, 1000.000000000000000 ) ;
#4413 = ORIENTED_EDGE ( 'NONE', *, *, #573, .T. ) ;
#4414 = CARTESIAN_POINT ( 'NONE',  ( 0.5999999999999999800, 0.0000000000000000000, -1.500000000000000200 ) ) ;
#4415 = CARTESIAN_POINT ( 'NONE',  ( -0.1339782380280000200, 1.119315285916000000, -1.367479433118000000 ) ) ;
#4416 = ORIENTED_EDGE ( 'NONE', *, *, #17, .F. ) ;
#4417 = CARTESIAN_POINT ( 'NONE',  ( 0.0000000000000000000, 1.745000000000000300, 0.0000000000000000000 ) ) ;
#4418 = ORIENTED_EDGE ( 'NONE', *, *, #1492, .T. ) ;
#4419 = ORIENTED_EDGE ( 'NONE', *, *, #3078, .T. ) ;
#4420 = ORIENTED_EDGE ( 'NONE', *, *, #173, .F. ) ;
#4421 = VERTEX_POINT ( 'NONE', #3491 ) ;
#4422 = CARTESIAN_POINT ( 'NONE',  ( 0.7838367176906000400, 1.510777309639018900, 1.512198665876328500 ) ) ;
#4423 = DIRECTION ( 'NONE',  ( 0.0000000000000000000, 0.0000000000000000000, -1.000000000000000000 ) ) ;
#4424 = EDGE_CURVE ( 'NONE', #3340, #5910, #4971, .T. ) ;
#4425 = FACE_OUTER_BOUND ( 'NONE', #4888, .T. ) ;
#4426 = ORIENTED_EDGE ( 'NONE', *, *, #2582, .T. ) ;
#4427 = ORIENTED_EDGE ( 'NONE', *, *, #5304, .T. ) ;
#4428 = CARTESIAN_POINT ( 'NONE',  ( -0.4817193733217528000, 1.100000000008094500, 0.8233984100015848700 ) ) ;
#4429 = ORIENTED_EDGE ( 'NONE', *, *, #2157, .F. ) ;
#4430 = CIRCLE ( 'NONE', #2814, 0.1200000000000000900 ) ;
#4431 = CARTESIAN_POINT ( 'NONE',  ( 0.0000000000000000000, 0.0000000000000000000, 1.200000000000000000 ) ) ;
#4432 = VERTEX_POINT ( 'NONE', #1162 ) ;
#4433 = DIRECTION ( 'NONE',  ( 1.000000000000000000, 0.0000000000000000000, 0.0000000000000000000 ) ) ;
#4434 = ORIENTED_EDGE ( 'NONE', *, *, #5138, .T. ) ;
#4435 = DIRECTION ( 'NONE',  ( 0.0000000000000000000, -0.0000000000000000000, 1.000000000000000000 ) ) ;
#4436 = LINE ( 'NONE', #2945, #3142 ) ;
#4437 = CARTESIAN_POINT ( 'NONE',  ( -0.6067543165981240700, 1.521077163368941500, 0.3024647647867831400 ) ) ;
#4438 = AXIS2_PLACEMENT_3D ( 'NONE', #659, #1146, #4458 ) ;
#4439 = CARTESIAN_POINT ( 'NONE',  ( 0.9999999999999872300, 1.600000000000000100, 1.118033988749985100 ) ) ;
#4440 = B_SPLINE_CURVE_WITH_KNOTS ( 'NONE', 3,
 ( #3353, #66, #1029, #4329, #1489, #4819 ),
 .UNSPECIFIED., .F., .F.,
 ( 4, 2, 4 ),
 ( 0.0000000000000000000, 0.5000000000000000000, 1.000000000000000000 ),
 .UNSPECIFIED. ) ;
#4441 = ORIENTED_EDGE ( 'NONE', *, *, #1881, .F. ) ;
#4442 = DIRECTION ( 'NONE',  ( 0.0000000000000000000, 1.000000000000000000, -0.0000000000000000000 ) ) ;
#4443 = CYLINDRICAL_SURFACE ( 'NONE', #5251, 0.1099999999999999900 ) ;
#4444 = CARTESIAN_POINT ( 'NONE',  ( -0.04398165083049063900, 0.8096956502299524900, -1.367479433118000000 ) ) ;
#4445 = EDGE_CURVE ( 'NONE', #2236, #1553, #3842, .T. ) ;
#4446 = CARTESIAN_POINT ( 'NONE',  ( 0.7838367176906000400, 1.500000000000000000, 1.460000000000000000 ) ) ;
#4447 = DIRECTION ( 'NONE',  ( 1.000000000000000000, -0.0000000000000000000, 0.0000000000000000000 ) ) ;
#4448 = CARTESIAN_POINT ( 'NONE',  ( -0.3000000000006651800, 1.561383992048451600, 0.9846856982372748100 ) ) ;
#4449 = EDGE_CURVE ( 'NONE', #1485, #1125, #1330, .T. ) ;
#4450 = CARTESIAN_POINT ( 'NONE',  ( -0.7838367176906000400, 1.200000000000000000, 1.260000000000000000 ) ) ;
#4451 = CARTESIAN_POINT ( 'NONE',  ( -0.2500000000000000000, -0.1000000000000000100, -1.631460183660000200 ) ) ;
#4452 = LINE ( 'NONE', #5060, #1912 ) ;
#4453 = CARTESIAN_POINT ( 'NONE',  ( -0.3528625245805536200, 1.416935847603695300, 0.5918697444310432300 ) ) ;
#4454 = CARTESIAN_POINT ( 'NONE',  ( 0.3561897342429999900, 1.398397070617000400, 0.5991210096417000100 ) ) ;
#4455 = LINE ( 'NONE', #140, #3168 ) ;
#4456 = CARTESIAN_POINT ( 'NONE',  ( 0.2999999999999999900, 0.1500000000000000200, -0.07853981633974489700 ) ) ;
#4457 = DIRECTION ( 'NONE',  ( 0.0000000000000000000, 0.0000000000000000000, -1.000000000000000000 ) ) ;
#4458 = DIRECTION ( 'NONE',  ( 1.000000000000000000, 0.0000000000000000000, -0.0000000000000000000 ) ) ;
#4459 = LINE ( 'NONE', #4998, #3015 ) ;
#4460 = EDGE_CURVE ( 'NONE', #5938, #4307, #1174, .T. ) ;
#4461 = CARTESIAN_POINT ( 'NONE',  ( 0.1038517990192306500, 1.100000000000000100, -0.9899643899240564400 ) ) ;
#4462 = EDGE_CURVE ( 'NONE', #410, #3372, #4827, .T. ) ;
#4463 = ORIENTED_EDGE ( 'NONE', *, *, #2454, .T. ) ;
#4464 = CARTESIAN_POINT ( 'NONE',  ( -0.5918697445959253400, 1.416935847632196900, 0.3528625245756978900 ) ) ;
#4465 = ADVANCED_FACE ( 'NONE', ( #3673 ), #2107, .T. ) ;
#4466 = FACE_BOUND ( 'NONE', #3567, .T. ) ;
#4467 = ORIENTED_EDGE ( 'NONE', *, *, #4226, .F. ) ;
#4468 = B_SPLINE_CURVE_WITH_KNOTS ( 'NONE', 3,
 ( #5695, #4580, #484, #3771 ),
 .UNSPECIFIED., .F., .F.,
 ( 4, 4 ),
 ( 0.0000000000000000000, 1.000000000000000000 ),
 .UNSPECIFIED. ) ;
#4469 = CARTESIAN_POINT ( 'NONE',  ( 0.2719902875881350900, 0.8000000000000000400, 0.6281788574352091800 ) ) ;
#4470 = VECTOR ( 'NONE', #1749, 1000.000000000000000 ) ;
#4471 = CARTESIAN_POINT ( 'NONE',  ( 0.2600000000000000100, -0.05000000000000000300, -1.631460183660000200 ) ) ;
#4472 = CARTESIAN_POINT ( 'NONE',  ( 5.410954283830000700, 1.600000000000000100, 1.460000000000000000 ) ) ;
#4473 = ORIENTED_EDGE ( 'NONE', *, *, #1669, .T. ) ;
#4474 = B_SPLINE_CURVE_WITH_KNOTS ( 'NONE', 3,
 ( #6005, #3109, #5049, #1696, #4557, #1241, #772, #3569, #291, #3088 ),
 .UNSPECIFIED., .F., .F.,
 ( 4, 2, 2, 2, 4 ),
 ( 0.5000000000000000000, 0.6250000000000000000, 0.7500000000000000000, 0.8750000000000000000, 1.000000000000000000 ),
 .UNSPECIFIED. ) ;
#4475 = CARTESIAN_POINT ( 'NONE',  ( 1.079550237237543400, 0.8100000000000000500, -0.9496380719661351400 ) ) ;
#4476 = FACE_OUTER_BOUND ( 'NONE', #3809, .T. ) ;
#4477 = CARTESIAN_POINT ( 'NONE',  ( -0.5453921090376000500, 1.509724642969000300, -0.3531616843217000300 ) ) ;
#4478 = ORIENTED_EDGE ( 'NONE', *, *, #2775, .F. ) ;
#4479 = ORIENTED_EDGE ( 'NONE', *, *, #5118, .T. ) ;
#4480 = EDGE_CURVE ( 'NONE', #6125, #4770, #4672, .T. ) ;
#4481 = EDGE_LOOP ( 'NONE', ( #3825, #681, #2527, #2180 ) ) ;
#4483 = DIRECTION ( 'NONE',  ( -1.000000000000000000, 0.0000000000000000000, 0.0000000000000000000 ) ) ;
#4482 = CARTESIAN_POINT ( 'NONE',  ( 0.6113776889558999500, 1.416935847394825500, 0.3201411057849157800 ) ) ;
#4484 = ORIENTED_EDGE ( 'NONE', *, *, #3599, .F. ) ;
#4485 = ORIENTED_EDGE ( 'NONE', *, *, #3137, .T. ) ;
#4486 = CARTESIAN_POINT ( 'NONE',  ( 0.0000000000000000000, 0.0000000000000000000, 0.0000000000000000000 ) ) ;
#4487 = EDGE_LOOP ( 'NONE', ( #1139, #656, #4526, #499 ) ) ;
#4488 = ORIENTED_EDGE ( 'NONE', *, *, #2320, .F. ) ;
#4489 = CARTESIAN_POINT ( 'NONE',  ( -0.7838367176906000400, 1.147801334123672100, 1.249222690360981500 ) ) ;
#4490 = CARTESIAN_POINT ( 'NONE',  ( 0.0000000000000000000, 0.8000000000000000400, 1.100000000000000100 ) ) ;
#4491 = CARTESIAN_POINT ( 'NONE',  ( -0.6176950514121877200, 0.7999999999999999300, 0.2952457867721141600 ) ) ;
#4492 = CARTESIAN_POINT ( 'NONE',  ( 0.2400000000000000200, 1.200000000000000000, -1.367479433118000000 ) ) ;
#4493 = DIRECTION ( 'NONE',  ( -0.0000000000000000000, 0.0000000000000000000, -1.000000000000000000 ) ) ;
#4494 = ORIENTED_EDGE ( 'NONE', *, *, #3535, .T. ) ;
#4495 = CARTESIAN_POINT ( 'NONE',  ( 0.3640372315857666700, 1.600000000000000300, -1.455632812695939000 ) ) ;
#4496 = ORIENTED_EDGE ( 'NONE', *, *, #1705, .F. ) ;
#4497 = CARTESIAN_POINT ( 'NONE',  ( -0.6790520215888218300, 1.439558585176701700, -0.2999999997757660200 ) ) ;
#4498 = CYLINDRICAL_SURFACE ( 'NONE', #4325, 0.01000000000000002600 ) ;
#4499 = CARTESIAN_POINT ( 'NONE',  ( -0.2999999999999999900, 1.200000000000000000, -1.367479433118000000 ) ) ;
#4500 = ADVANCED_FACE ( 'NONE', ( #892 ), #2105, .F. ) ;
#4501 = CARTESIAN_POINT ( 'NONE',  ( 0.5999999999999999800, -0.05000000000000000300, -1.851460183660000000 ) ) ;
#4502 = CARTESIAN_POINT ( 'NONE',  ( -0.5940037673050999600, 1.534231331755000000, -0.2975490777593000100 ) ) ;
#4503 = ORIENTED_EDGE ( 'NONE', *, *, #1975, .T. ) ;
#4504 = CARTESIAN_POINT ( 'NONE',  ( 0.6500000000000001300, 0.8900000000000000100, 1.800000000000000300 ) ) ;
#4505 = EDGE_CURVE ( 'NONE', #2054, #4335, #5807, .T. ) ;
#4506 = ORIENTED_EDGE ( 'NONE', *, *, #4861, .T. ) ;
#4507 = FACE_OUTER_BOUND ( 'NONE', #1358, .T. ) ;
#4509 = CARTESIAN_POINT ( 'NONE',  ( -0.4796188333398755400, 1.700000000003883700, 1.007383371169878300 ) ) ;
#4508 = CARTESIAN_POINT ( 'NONE',  ( -0.6514065603574601400, 1.429549285614933000, -0.3026044802594999300 ) ) ;
#4510 = DIRECTION ( 'NONE',  ( -1.000000000000000000, 0.0000000000000000000, 0.0000000000000000000 ) ) ;
#4511 = CARTESIAN_POINT ( 'NONE',  ( 0.3184293604366655300, 1.512413740062702000, -0.5751513654517214100 ) ) ;
#4512 = ORIENTED_EDGE ( 'NONE', *, *, #1354, .T. ) ;
#4513 = MECHANICAL_DESIGN_GEOMETRIC_PRESENTATION_REPRESENTATION (  '', ( #3868 ), #4844 ) ;
#4514 = CARTESIAN_POINT ( 'NONE',  ( -0.2999999999999999900, 1.200000000000000000, -1.367479433118000000 ) ) ;
#4515 = CARTESIAN_POINT ( 'NONE',  ( -0.3515830427645376700, 1.465833523051151000, -0.5683861931134072100 ) ) ;
#4516 =( BOUNDED_CURVE ( )  B_SPLINE_CURVE ( 3, ( #4662, #1336, #4685, #1809, #5161, #2281, #5641 ),
 .UNSPECIFIED., .F., .T. ) 
 B_SPLINE_CURVE_WITH_KNOTS ( ( 4, 1, 1, 1, 4 ),
 ( 0.0000000000000000000, 0.08466237355579646400, 0.5096732278583437900, 0.9024162546171052800, 1.000000000000000000 ),
 .UNSPECIFIED. ) 
 CURVE ( )  GEOMETRIC_REPRESENTATION_ITEM ( )  RATIONAL_B_SPLINE_CURVE ( ( 1.077293646179310600, 1.077293646179310600, 1.077293646179310600, 1.077293646179310600, 1.077293646179310600, 1.077293646179310600, 1.077293646179310600 ) ) 
 REPRESENTATION_ITEM ( '' )  );
#4517 = VERTEX_POINT ( 'NONE', #5967 ) ;
#4518 = CARTESIAN_POINT ( 'NONE',  ( -0.6218334178190397800, 1.526134710880596700, 0.2999999994016148100 ) ) ;
#4519 = CARTESIAN_POINT ( 'NONE',  ( 1.479162508609540300, 1.600000000000000100, -0.2522131158718331500 ) ) ;
#4520 = AXIS2_PLACEMENT_3D ( 'NONE', #4471, #2559, #1618 ) ;
#4521 = DIRECTION ( 'NONE',  ( 0.0000000000000000000, 0.0000000000000000000, -1.000000000000000000 ) ) ;
#4522 = CARTESIAN_POINT ( 'NONE',  ( -0.4817193733217523000, 1.100000000008094500, -0.8233984100015852000 ) ) ;
#4523 = EDGE_CURVE ( 'NONE', #1164, #2413, #4330, .T. ) ;
#4524 = CARTESIAN_POINT ( 'NONE',  ( -0.6826166631576999800, 1.439519710811000100, -0.3000505926045000700 ) ) ;
#4525 = LINE ( 'NONE', #4009, #3079 ) ;
#4526 = ORIENTED_EDGE ( 'NONE', *, *, #972, .T. ) ;
#4528 = CARTESIAN_POINT ( 'NONE',  ( -1.000000000000000000, 1.652198665876327900, 1.549222690360981400 ) ) ;
#4527 = DIRECTION ( 'NONE',  ( 0.0000000000000000000, 0.0000000000000000000, 1.000000000000000000 ) ) ;
#4529 = DIRECTION ( 'NONE',  ( 0.0000000000000000000, 0.0000000000000000000, 1.000000000000000000 ) ) ;
#4530 = CARTESIAN_POINT ( 'NONE',  ( 0.7439231979047995500, 1.572975568699090100, -0.2999999999999999900 ) ) ;
#4531 = LINE ( 'NONE', #2457, #1990 ) ;
#4532 = ADVANCED_FACE ( 'NONE', ( #3226 ), #3066, .T. ) ;
#4533 = EDGE_CURVE ( 'NONE', #481, #4118, #2090, .T. ) ;
#4534 = CARTESIAN_POINT ( 'NONE',  ( 0.2500000000000000000, 0.0006920078688068651200, -1.664101509124528400 ) ) ;
#4535 = DIRECTION ( 'NONE',  ( -0.0000000000000000000, -0.0000000000000000000, 1.000000000000000000 ) ) ;
#4536 = CIRCLE ( 'NONE', #435, 0.02000000000000005200 ) ;
#4537 = DIRECTION ( 'NONE',  ( -0.0000000000000000000, -0.0000000000000000000, 1.000000000000000000 ) ) ;
#4538 = DIRECTION ( 'NONE',  ( 0.0000000000000000000, 0.0000000000000000000, 1.000000000000000000 ) ) ;
#4539 = CARTESIAN_POINT ( 'NONE',  ( 0.2500000000000000000, -0.01141592653589796100, -1.771460183660000100 ) ) ;
#4540 = PLANE ( 'NONE',  #1567 ) ;
#4541 = CARTESIAN_POINT ( 'NONE',  ( 0.6112999394517109100, 0.8100000000000001600, 0.4633975756959889900 ) ) ;
#4542 = PLANE ( 'NONE',  #5160 ) ;
#4543 = VERTEX_POINT ( 'NONE', #4049 ) ;
#4544 = EDGE_CURVE ( 'NONE', #2925, #3293, #5945, .T. ) ;
#4545 = VECTOR ( 'NONE', #3027, 1000.000000000000000 ) ;
#4547 = CARTESIAN_POINT ( 'NONE',  ( -0.7233143873051198800, 0.8000000000000002700, 0.2345328161370499900 ) ) ;
#4546 = CARTESIAN_POINT ( 'NONE',  ( 0.5999999999999999800, 0.1499999999999999900, -1.000000000000000000 ) ) ;
#4548 = CARTESIAN_POINT ( 'NONE',  ( -0.2319984795966604800, 1.097180867543948300, -1.367479433118000000 ) ) ;
#4549 = ORIENTED_EDGE ( 'NONE', *, *, #6079, .F. ) ;
#4550 =( NAMED_UNIT ( * ) SI_UNIT ( $, .STERADIAN. ) SOLID_ANGLE_UNIT ( ) );
#4551 = B_SPLINE_CURVE_WITH_KNOTS ( 'NONE', 3,
 ( #2968, #2779, #2870, #3231 ),
 .UNSPECIFIED., .F., .F.,
 ( 4, 4 ),
 ( 0.0000000000000000000, 1.000000000000000000 ),
 .UNSPECIFIED. ) ;
#4552 = DIRECTION ( 'NONE',  ( 0.7071067811865474600, -0.0000000000000000000, -0.7071067811865474600 ) ) ;
#4553 = LINE ( 'NONE', #3571, #4715 ) ;
#4554 = ORIENTED_EDGE ( 'NONE', *, *, #4290, .T. ) ;
#4555 = AXIS2_PLACEMENT_3D ( 'NONE', #5447, #2114, #5940 ) ;
#4556 = VERTEX_POINT ( 'NONE', #1701 ) ;
#4557 = CARTESIAN_POINT ( 'NONE',  ( -0.7237027293760430700, 1.599999999996271100, 0.9417039545157893700 ) ) ;
#4558 = CARTESIAN_POINT ( 'NONE',  ( -1.250000000000000000, 0.0000000000000000000, 1.399999999999999900 ) ) ;
#4559 = EDGE_CURVE ( 'NONE', #5250, #2014, #5640, .T. ) ;
#4560 = CARTESIAN_POINT ( 'NONE',  ( -0.2999999999999861100, 1.100000000000000100, -1.367479433117936700 ) ) ;
#4561 = LINE ( 'NONE', #1614, #2011 ) ;
#4562 = ORIENTED_EDGE ( 'NONE', *, *, #5603, .T. ) ;
#4563 = ORIENTED_EDGE ( 'NONE', *, *, #963, .F. ) ;
#4564 = DIRECTION ( 'NONE',  ( 0.0000000000000000000, -0.0000000000000000000, -1.000000000000000000 ) ) ;
#4565 = DIRECTION ( 'NONE',  ( -0.0000000000000000000, 1.000000000000000000, 0.0000000000000000000 ) ) ;
#4566 = ADVANCED_FACE ( 'NONE', ( #4375 ), #5517, .T. ) ;
#4567 = ORIENTED_EDGE ( 'NONE', *, *, #2936, .T. ) ;
#4568 = CARTESIAN_POINT ( 'NONE',  ( 1.500000000000000000, 0.0000000000000000000, -1.500000000000000000 ) ) ;
#4569 = DIRECTION ( 'NONE',  ( -0.0000000000000000000, -1.000000000000000000, -0.0000000000000000000 ) ) ;
#4570 = DIRECTION ( 'NONE',  ( 0.0000000000000000000, 1.000000000000000000, 0.0000000000000000000 ) ) ;
#4571 = PLANE ( 'NONE',  #4806 ) ;
#4572 = ORIENTED_EDGE ( 'NONE', *, *, #3098, .T. ) ;
#4573 = EDGE_CURVE ( 'NONE', #5458, #3897, #3198, .T. ) ;
#4574 = VERTEX_POINT ( 'NONE', #3597 ) ;
#4575 = ORIENTED_EDGE ( 'NONE', *, *, #366, .F. ) ;
#4576 = DIRECTION ( 'NONE',  ( 0.0000000000000000000, -0.0000000000000000000, -1.000000000000000000 ) ) ;
#4577 = CARTESIAN_POINT ( 'NONE',  ( -0.1830390760798545100, 0.6499999999999999100, 0.2411207403754102300 ) ) ;
#4578 = CARTESIAN_POINT ( 'NONE',  ( -1.500000000000000000, 0.0000000000000000000, 1.700000000000000000 ) ) ;
#4579 = CIRCLE ( 'NONE', #2270, 0.02000000000000005200 ) ;
#4580 = CARTESIAN_POINT ( 'NONE',  ( -0.6640187637510834900, 1.469968612023087000, 0.2999999996474505500 ) ) ;
#4581 = ORIENTED_EDGE ( 'NONE', *, *, #313, .T. ) ;
#4582 = ORIENTED_EDGE ( 'NONE', *, *, #2017, .F. ) ;
#4583 = CARTESIAN_POINT ( 'NONE',  ( -0.2500000000000000000, -0.05000000000000000300, -1.631460183660000200 ) ) ;
#4584 = DIRECTION ( 'NONE',  ( 0.0000000000000000000, 0.0000000000000000000, 1.000000000000000000 ) ) ;
#4585 = FACE_OUTER_BOUND ( 'NONE', #5481, .T. ) ;
#4586 = CARTESIAN_POINT ( 'NONE',  ( -0.5751513663610381400, 1.512413740542788200, 0.3184293601279106800 ) ) ;
#4587 = ORIENTED_EDGE ( 'NONE', *, *, #4836, .F. ) ;
#4588 = VERTEX_POINT ( 'NONE', #4090 ) ;
#4589 = CARTESIAN_POINT ( 'NONE',  ( 0.5716830150862092200, 1.458995376103931400, 0.3517671540233818200 ) ) ;
#4590 = VECTOR ( 'NONE', #1528, 1000.000000000000000 ) ;
#4591 = EDGE_CURVE ( 'NONE', #3268, #2080, #599, .T. ) ;
#4592 = DIRECTION ( 'NONE',  ( 0.0000000000000000000, 0.0000000000000000000, 1.000000000000000000 ) ) ;
#4593 = CARTESIAN_POINT ( 'NONE',  ( 0.5918697438658553400, 1.416935847445431200, 0.3528625248721811200 ) ) ;
#4594 = CARTESIAN_POINT ( 'NONE',  ( 1.058300524439611500, 1.700000000010851300, 0.3000000000026191700 ) ) ;
#4595 = EDGE_CURVE ( 'NONE', #249, #2035, #3651, .T. ) ;
#4596 = CARTESIAN_POINT ( 'NONE',  ( 0.07981485436525000100, 1.199840342104000000, 0.0000000000000000000 ) ) ;
#4597 = ORIENTED_EDGE ( 'NONE', *, *, #2073, .T. ) ;
#4598 = LINE ( 'NONE', #1897, #3311 ) ;
#4599 = CARTESIAN_POINT ( 'NONE',  ( -0.2999999998571950500, 1.530703003293021100, 0.6337405828477753500 ) ) ;
#4600 = CARTESIAN_POINT ( 'NONE',  ( 0.2683596147584336700, -0.1000000000000000100, -1.616816964860702300 ) ) ;
#4601 = DIRECTION ( 'NONE',  ( 1.000000000000000000, 0.0000000000000000000, 0.0000000000000000000 ) ) ;
#4602 = AXIS2_PLACEMENT_3D ( 'NONE', #1993, #1823, #2322 ) ;
#4603 = ADVANCED_FACE ( 'NONE', ( #5483 ), #445, .T. ) ;
#4604 = AXIS2_PLACEMENT_3D ( 'NONE', #2807, #3305, #500 ) ;
#4605 = B_SPLINE_CURVE_WITH_KNOTS ( 'NONE', 3,
 ( #3812, #5255, #4303, #1461, #4784, #1917 ),
 .UNSPECIFIED., .F., .F.,
 ( 4, 2, 4 ),
 ( 0.0000000000000000000, 0.5000000000000000000, 1.000000000000000000 ),
 .UNSPECIFIED. ) ;
#4606 = CARTESIAN_POINT ( 'NONE',  ( -0.1279891118485827800, 0.6500000000000001300, -0.2719493727021593000 ) ) ;
#4607 = CARTESIAN_POINT ( 'NONE',  ( -1.177620359600597000, 1.599999999986394300, -1.153735203210119000E-016 ) ) ;
#4608 = DIRECTION ( 'NONE',  ( 0.0000000000000000000, -1.000000000000000000, 0.0000000000000000000 ) ) ;
#4609 = CARTESIAN_POINT ( 'NONE',  ( -0.2952457867721148300, 0.7999999999999999300, -0.6176950514121847300 ) ) ;
#4610 = CARTESIAN_POINT ( 'NONE',  ( 0.0000000000000000000, 1.416935847316835900, 0.0000000000000000000 ) ) ;
#4611 = CARTESIAN_POINT ( 'NONE',  ( -0.1339782380279631600, 1.119315285916010300, -0.9738101797978002700 ) ) ;
#4612 = EDGE_CURVE ( 'NONE', #5376, #1427, #4128, .T. ) ;
#4613 = PLANE ( 'NONE',  #1462 ) ;
#4614 = CARTESIAN_POINT ( 'NONE',  ( -0.07981485436524998800, 1.199840342104000300, -0.1596297087304999800 ) ) ;
#4615 = LINE ( 'NONE', #1061, #3325 ) ;
#4616 = ORIENTED_EDGE ( 'NONE', *, *, #5154, .T. ) ;
#4617 = CARTESIAN_POINT ( 'NONE',  ( -0.3197164302891000200, 1.406250954826000300, -0.6150675849062999800 ) ) ;
#4618 = CARTESIAN_POINT ( 'NONE',  ( 0.7838367176906000400, 1.100000000000000100, 1.159999999999999900 ) ) ;
#4619 = CARTESIAN_POINT ( 'NONE',  ( 0.7838367176906000400, 1.399999999999999900, 1.260000000000000000 ) ) ;
#4620 = FACE_OUTER_BOUND ( 'NONE', #3720, .T. ) ;
#4621 = ORIENTED_EDGE ( 'NONE', *, *, #3039, .F. ) ;
#4622 = FACE_OUTER_BOUND ( 'NONE', #5918, .T. ) ;
#4623 = CARTESIAN_POINT ( 'NONE',  ( -0.9738101798291154400, 1.200000000039835900, 0.2549429089118419600 ) ) ;
#4624 = CARTESIAN_POINT ( 'NONE',  ( 0.5962559105629035000, 0.8000000000000001600, -0.3366096862633096700 ) ) ;
#4625 = EDGE_CURVE ( 'NONE', #1445, #2960, #1818, .T. ) ;
#4626 = ORIENTED_EDGE ( 'NONE', *, *, #396, .F. ) ;
#4627 = CARTESIAN_POINT ( 'NONE',  ( -0.5397728008854116900, 1.150000000000000100, -0.3157876092791420700 ) ) ;
#4628 = ADVANCED_FACE ( 'NONE', ( #1676, #5354 ), #5583, .F. ) ;
#4629 = CARTESIAN_POINT ( 'NONE',  ( -3.673940397442058900E-017, 0.6500000000000001300, -0.2999999999999999300 ) ) ;
#4630 = CARTESIAN_POINT ( 'NONE',  ( -0.6500000000000001300, 0.6800000000000000500, 1.680000000000000200 ) ) ;
#4631 = VECTOR ( 'NONE', #2048, 1000.000000000000000 ) ;
#4632 = EDGE_LOOP ( 'NONE', ( #1149, #2588, #4814, #1063, #4642, #5410, #5018, #4936 ) ) ;
#4633 = CARTESIAN_POINT ( 'NONE',  ( 0.1806186265694414200, 1.186941683428969400, -0.3612372531388827200 ) ) ;
#4634 = ORIENTED_EDGE ( 'NONE', *, *, #1026, .F. ) ;
#4635 = AXIS2_PLACEMENT_3D ( 'NONE', #3005, #292, #2928 ) ;
#4636 = CARTESIAN_POINT ( 'NONE',  ( -0.2975490775635000800, 1.534231294457000000, -0.5940037868553002000 ) ) ;
#4637 = LINE ( 'NONE', #1659, #5605 ) ;
#4638 = ORIENTED_EDGE ( 'NONE', *, *, #5888, .F. ) ;
#4639 = CARTESIAN_POINT ( 'NONE',  ( 0.6021488175936000600, 1.433876059565999800, 0.3191493956923999700 ) ) ;
#4640 = CARTESIAN_POINT ( 'NONE',  ( 0.6923796403410266100, 0.9000000000000001300, 0.08786596208396393900 ) ) ;
#4641 = CARTESIAN_POINT ( 'NONE',  ( -0.2500000000000000600, 0.0000000000000000000, -1.626224195904017300 ) ) ;
#4642 = ORIENTED_EDGE ( 'NONE', *, *, #4853, .T. ) ;
#4643 = CARTESIAN_POINT ( 'NONE',  ( -0.2999999999986299200, 1.561383992043116300, -0.9846856982352034700 ) ) ;
#4644 = VERTEX_POINT ( 'NONE', #1780 ) ;
#4645 = EDGE_LOOP ( 'NONE', ( #2857, #3653, #4562, #6043 ) ) ;
#4646 = CARTESIAN_POINT ( 'NONE',  ( 0.6489199685505656600, 1.500351964901583300, -0.2999999978529633300 ) ) ;
#4647 = VERTEX_POINT ( 'NONE', #5134 ) ;
#4648 = CARTESIAN_POINT ( 'NONE',  ( 0.0000000000000000000, 0.8764413300365039300, 0.0000000000000000000 ) ) ;
#4649 = ORIENTED_EDGE ( 'NONE', *, *, #4523, .F. ) ;
#4650 = DIRECTION ( 'NONE',  ( -0.0000000000000000000, -1.000000000000000000, -0.0000000000000000000 ) ) ;
#4651 = EDGE_CURVE ( 'NONE', #5236, #4261, #4051, .T. ) ;
#4652 = APPLICATION_CONTEXT ( 'automotive_design' ) ;
#4653 = ORIENTED_EDGE ( 'NONE', *, *, #1153, .T. ) ;
#4654 = CARTESIAN_POINT ( 'NONE',  ( -0.7838367176906000400, 1.550000000000000300, 1.159999999999999900 ) ) ;
#4655 = ORIENTED_EDGE ( 'NONE', *, *, #1331, .F. ) ;
#4656 = DIRECTION ( 'NONE',  ( 0.0000000000000000000, -0.0000000000000000000, -1.000000000000000000 ) ) ;
#4657 = CARTESIAN_POINT ( 'NONE',  ( 0.0000000000000000000, 1.200000000000000000, 0.0000000000000000000 ) ) ;
#4658 = ORIENTED_EDGE ( 'NONE', *, *, #512, .F. ) ;
#4659 = CIRCLE ( 'NONE', #3657, 0.6500000004052708400 ) ;
#4660 = EDGE_CURVE ( 'NONE', #5855, #514, #1542, .T. ) ;
#4661 = ORIENTED_EDGE ( 'NONE', *, *, #6112, .T. ) ;
#4662 = CARTESIAN_POINT ( 'NONE',  ( -0.3528625245805536200, 1.416935847603695300, 0.5918697444310432300 ) ) ;
#4663 = VERTEX_POINT ( 'NONE', #6096 ) ;
#4664 = CARTESIAN_POINT ( 'NONE',  ( 0.6545084745394999000, 1.500269934108000100, 0.3001197356196000400 ) ) ;
#4665 = CARTESIAN_POINT ( 'NONE',  ( 0.2395187910599434800, 0.6500000000000001300, -0.1819152030507628100 ) ) ;
#4666 = CARTESIAN_POINT ( 'NONE',  ( 0.5671189029991337000, 1.468460860767878400, -0.3515120626637080500 ) ) ;
#4667 = CARTESIAN_POINT ( 'NONE',  ( 0.2999999999522686700, 1.425794776368773100, 0.6436030654127521400 ) ) ;
#4668 = VERTEX_POINT ( 'NONE', #398 ) ;
#4669 = ADVANCED_FACE ( 'NONE', ( #2765 ), #3209, .T. ) ;
#4670 = FACE_OUTER_BOUND ( 'NONE', #5346, .T. ) ;
#4671 = ORIENTED_EDGE ( 'NONE', *, *, #4263, .F. ) ;
#4672 = LINE ( 'NONE', #250, #2261 ) ;
#4673 = CARTESIAN_POINT ( 'NONE',  ( 0.1339782380279655200, 1.119315285916009600, -0.9738101797978002700 ) ) ;
#4674 = DIRECTION ( 'NONE',  ( -0.9638341997458144100, 0.2665025992375040200, 0.0000000000000000000 ) ) ;
#4675 = APPLICATION_PROTOCOL_DEFINITION ( 'draft international standard', 'automotive_design', 1998, #1348 ) ;
#4676 = CARTESIAN_POINT ( 'NONE',  ( -0.3000000000002214800, 1.149999999999964200, -2.449293598297418600E-017 ) ) ;
#4677 = B_SPLINE_CURVE_WITH_KNOTS ( 'NONE', 3,
 ( #93, #112, #155, #168, #192, #475 ),
 .UNSPECIFIED., .F., .F.,
 ( 4, 2, 4 ),
 ( 0.0000000000000000000, 0.5000000000000000000, 1.000000000000000000 ),
 .UNSPECIFIED. ) ;
#4678 = EDGE_CURVE ( 'NONE', #3225, #3340, #5264, .T. ) ;
#4679 = ORIENTED_EDGE ( 'NONE', *, *, #2232, .T. ) ;
#4680 = DIRECTION ( 'NONE',  ( -1.000000000000000000, 0.0000000000000000000, -0.0000000000000000000 ) ) ;
#4681 = DIRECTION ( 'NONE',  ( 0.0000000000000000000, 0.0000000000000000000, -1.000000000000000000 ) ) ;
#4682 = CARTESIAN_POINT ( 'NONE',  ( -0.5999999999999999800, 0.02000000000000000400, -1.129999999999999900 ) ) ;
#4683 = EDGE_CURVE ( 'NONE', #5280, #110, #5062, .T. ) ;
#4684 = B_SPLINE_CURVE_WITH_KNOTS ( 'NONE', 3,
 ( #3338, #2830, #3272, #3580 ),
 .UNSPECIFIED., .F., .F.,
 ( 4, 4 ),
 ( 0.0000000000000000000, 1.000000000000000000 ),
 .UNSPECIFIED. ) ;
#4685 = CARTESIAN_POINT ( 'NONE',  ( -0.3523929546290373600, 1.435201029883363300, 0.5831181305732250400 ) ) ;
#4686 = DIRECTION ( 'NONE',  ( -0.0000000000000000000, -0.0000000000000000000, 1.000000000000000000 ) ) ;
#4687 = CARTESIAN_POINT ( 'NONE',  ( 0.2554356310463015100, 0.8100000000000001600, -0.7162466278654428000 ) ) ;
#4688 = VECTOR ( 'NONE', #2510, 1000.000000000000000 ) ;
#4689 = EDGE_LOOP ( 'NONE', ( #3906, #4418 ) ) ;
#4690 = CARTESIAN_POINT ( 'NONE',  ( -0.3537078937566999800, 1.490767573404000200, 0.5546163090193999600 ) ) ;
#4691 = AXIS2_PLACEMENT_3D ( 'NONE', #748, #1673, #4529 ) ;
#4692 = AXIS2_PLACEMENT_3D ( 'NONE', #87, #105, #2887 ) ;
#4693 = EDGE_CURVE ( 'NONE', #5460, #249, #1481, .T. ) ;
#4694 = CARTESIAN_POINT ( 'NONE',  ( 1.400440767143281900, 1.100000000000000100, 0.0008357582706709978000 ) ) ;
#4695 = LINE ( 'NONE', #4791, #5961 ) ;
#4696 = EDGE_LOOP ( 'NONE', ( #2554, #719, #3044, #5566 ) ) ;
#4697 = CARTESIAN_POINT ( 'NONE',  ( -1.250000000000000200, 0.02000000000000000000, 1.700000000000000200 ) ) ;
#4698 = ADVANCED_FACE ( 'NONE', ( #1403 ), #4792, .T. ) ;
#4699 = VECTOR ( 'NONE', #4231, 1000.000000000000000 ) ;
#4700 = CARTESIAN_POINT ( 'NONE',  ( -0.5474792456038758400, 1.508986332747936700, 0.3503804728673962100 ) ) ;
#4701 = EDGE_CURVE ( 'NONE', #1505, #5606, #3752, .T. ) ;
#4702 = CARTESIAN_POINT ( 'NONE',  ( -6.504724334620824100E-017, 1.200000000019917800, 0.9738101798134577400 ) ) ;
#4703 = VECTOR ( 'NONE', #3619, 1000.000000000000000 ) ;
#4704 = CARTESIAN_POINT ( 'NONE',  ( 0.7382871643913758700, 0.7999999999999999300, 1.476574328782750900 ) ) ;
#4705 = ORIENTED_EDGE ( 'NONE', *, *, #2205, .F. ) ;
#4706 = CARTESIAN_POINT ( 'NONE',  ( -0.6500000000000001300, 0.8000000000000000400, 1.686666666666666500 ) ) ;
#4707 = CARTESIAN_POINT ( 'NONE',  ( -0.2975876009590000000, 1.530720904102000200, 0.5956431563394000200 ) ) ;
#4708 = CARTESIAN_POINT ( 'NONE',  ( 0.2912235376328038400, 0.6500000000000001300, 0.07448905905750884100 ) ) ;
#4709 = LINE ( 'NONE', #2855, #4545 ) ;
#4710 = ORIENTED_EDGE ( 'NONE', *, *, #3672, .F. ) ;
#4711 = CARTESIAN_POINT ( 'NONE',  ( 0.6132615551721699600, 1.100000000000000300, -1.258978183443291600 ) ) ;
#4712 = CARTESIAN_POINT ( 'NONE',  ( -0.2554356310462970700, 0.8000000000000000400, -0.7162466278654446800 ) ) ;
#4713 = CARTESIAN_POINT ( 'NONE',  ( -0.5589875517950647600, 1.508986333075450900, 0.3323984253841587600 ) ) ;
#4714 = DIRECTION ( 'NONE',  ( -1.000000000000000000, 0.0000000000000000000, 0.0000000000000000000 ) ) ;
#4715 = VECTOR ( 'NONE', #4493, 1000.000000000000000 ) ;
#4716 = VERTEX_POINT ( 'NONE', #2824 ) ;
#4717 = EDGE_CURVE ( 'NONE', #4588, #3579, #1249, .T. ) ;
#4718 = CARTESIAN_POINT ( 'NONE',  ( 0.5459065106986000800, 1.508668250384000100, -0.3531922726021999900 ) ) ;
#4719 = ORIENTED_EDGE ( 'NONE', *, *, #3754, .F. ) ;
#4720 = B_SPLINE_CURVE_WITH_KNOTS ( 'NONE', 3,
 ( #1829, #4706, #2769, #6150 ),
 .UNSPECIFIED., .F., .F.,
 ( 4, 4 ),
 ( 0.0000000000000000000, 1.000000000000000000 ),
 .UNSPECIFIED. ) ;
#4721 = DIRECTION ( 'NONE',  ( -0.0000000000000000000, -0.0000000000000000000, -1.000000000000000000 ) ) ;
#4722 = CARTESIAN_POINT ( 'NONE',  ( -0.09629463829298302900, 0.8100000000000001600, -0.7599327859095809100 ) ) ;
#4723 = CARTESIAN_POINT ( 'NONE',  ( 0.0000000000000000000, 0.8764413300365039300, 0.8089488030467922900 ) ) ;
#4724 = LINE ( 'NONE', #4431, #3421 ) ;
#4725 = ORIENTED_EDGE ( 'NONE', *, *, #1225, .T. ) ;
#4726 = ORIENTED_EDGE ( 'NONE', *, *, #2826, .F. ) ;
#4727 = AXIS2_PLACEMENT_3D ( 'NONE', #2566, #3037, #701 ) ;
#4728 = ORIENTED_EDGE ( 'NONE', *, *, #5187, .F. ) ;
#4729 = CARTESIAN_POINT ( 'NONE',  ( 0.6842078896603999100, 0.7999999999999999300, -1.368415779320800100 ) ) ;
#4730 = ADVANCED_FACE ( 'NONE', ( #4897, #3908 ), #3800, .F. ) ;
#4731 = ORIENTED_EDGE ( 'NONE', *, *, #3315, .T. ) ;
#4732 = FACE_OUTER_BOUND ( 'NONE', #2380, .T. ) ;
#4733 = ORIENTED_EDGE ( 'NONE', *, *, #3992, .F. ) ;
#4734 = CARTESIAN_POINT ( 'NONE',  ( 0.1583814478701613100, 0.9000000000000001300, 0.6049725677420999500 ) ) ;
#4735 = EDGE_CURVE ( 'NONE', #3350, #3062, #1284, .T. ) ;
#4736 = ORIENTED_EDGE ( 'NONE', *, *, #889, .F. ) ;
#4737 = DIRECTION ( 'NONE',  ( -1.000000000000000000, 0.0000000000000000000, 0.0000000000000000000 ) ) ;
#4738 = EDGE_LOOP ( 'NONE', ( #3718, #4506, #3859, #2910 ) ) ;
#4739 = CARTESIAN_POINT ( 'NONE',  ( 0.6012923470023000500, 1.518621117391000300, -0.2977203001009000600 ) ) ;
#4740 = LINE ( 'NONE', #2170, #960 ) ;
#4741 = DIRECTION ( 'NONE',  ( 0.0000000000000000000, -1.000000000000000000, 0.0000000000000000000 ) ) ;
#4742 = CARTESIAN_POINT ( 'NONE',  ( -0.07981485436525000100, 1.199840342104000000, -9.774500592281557700E-018 ) ) ;
#4743 = ORIENTED_EDGE ( 'NONE', *, *, #3821, .F. ) ;
#4744 = ORIENTED_EDGE ( 'NONE', *, *, #440, .F. ) ;
#4745 = CARTESIAN_POINT ( 'NONE',  ( 0.6500000000000001300, 0.02000000000000000000, 1.680000000000000200 ) ) ;
#4746 = CIRCLE ( 'NONE', #2725, 0.5999999999999999800 ) ;
#4747 = CARTESIAN_POINT ( 'NONE',  ( 0.3506634436289028400, 1.499016886196376400, -0.5523223701529357300 ) ) ;
#4748 = CARTESIAN_POINT ( 'NONE',  ( 0.8089488030467922900, 0.8764413300365039300, -9.906765623253368600E-017 ) ) ;
#4749 = DIRECTION ( 'NONE',  ( -1.000000000000000000, 0.0000000000000000000, 0.0000000000000000000 ) ) ;
#4750 = ORIENTED_EDGE ( 'NONE', *, *, #1410, .F. ) ;
#4751 = CARTESIAN_POINT ( 'NONE',  ( -1.058300524439611500, 1.700000000010851300, -0.3000000000026191200 ) ) ;
#4752 = EDGE_CURVE ( 'NONE', #2476, #4588, #2367, .T. ) ;
#4753 = B_SPLINE_CURVE_WITH_KNOTS ( 'NONE', 3,
 ( #4188, #893, #5165, #2283, #5643, #2746 ),
 .UNSPECIFIED., .F., .F.,
 ( 4, 2, 4 ),
 ( 0.0000000000000000000, 0.5000000000000000000, 1.000000000000000000 ),
 .UNSPECIFIED. ) ;
#4754 = CARTESIAN_POINT ( 'NONE',  ( 0.0000000000000000000, -1.741415926536000100, -1.771460183659999900 ) ) ;
#4755 = CLOSED_SHELL ( 'NONE', ( #4147, #4312, #306, #903, #3196, #333, #3598, #3983, #3532, #969, #1653, #3732, #3000, #2395, #4244, #5926, #4178, #1486, #1421, #1360, #1745, #276, #1301, #3564, #3470, #999, #2778, #874, #1270, #4980, #4824, #2812, #2750, #838, #3094, #1142, #540, #2334, #2266, #813, #5950, #88, #5565, #2359, #1599, #2631, #1714, #5704, #1173, #5010, #2713, #3666, #6179, #3357, #2106, #437, #3259, #6012, #5299, #3065, #3840, #1035, #2045, #5496, #6139, #6073, #213, #4669, #3129, #717, #6035, #5979, #2228, #5272, #933, #5768, #2879, #4566, #6107, #241, #4347, #2134, #1804, #3297, #3229, #4282, #2294, #5205, #5135, #5107, #3801, #1235, #5415, #1772, #4785, #468, #399, #5069, #4500, #2427, #5531, #3697, #4603, #5473, #182, #1684, #5631, #4757, #5894, #5046, #5598, #4216, #3324, #4465, #3031, #2198, #5168, #4014, #3627, #4050, #375, #1448, #1927, #2572, #566, #506, #4628, #5740, #778, #1393, #688, #1332, #61, #2167, #1863, #1622, #4079, #3502, #2653, #22, #1833, #2848, #3770, #5233, #1201, #4115, #2599, #3162, #1901, #4698, #2685, #5667, #4949, #749, #2544, #5439, #4532, #3952, #4730, #2072 ) ) ;
#4756 = CARTESIAN_POINT ( 'NONE',  ( -0.6500000000000001300, 0.02000000000000000000, 1.680000000000000200 ) ) ;
#4757 = ADVANCED_FACE ( 'NONE', ( #5047 ), #6013, .T. ) ;
#4758 = CARTESIAN_POINT ( 'NONE',  ( 0.07981485436525001500, 1.199840342104000300, -0.1596297087304999800 ) ) ;
#4759 = CARTESIAN_POINT ( 'NONE',  ( 0.3558852701997000100, 1.410313396087000000, 0.5934174832637999500 ) ) ;
#4760 = DIRECTION ( 'NONE',  ( 0.0000000000000000000, -0.0000000000000000000, 1.000000000000000000 ) ) ;
#4761 = AXIS2_PLACEMENT_3D ( 'NONE', #2258, #401, #3686 ) ;
#4762 = VECTOR ( 'NONE', #2392, 1000.000000000000000 ) ;
#4763 = ORIENTED_EDGE ( 'NONE', *, *, #3427, .T. ) ;
#4764 = CARTESIAN_POINT ( 'NONE',  ( 0.2500000000000000000, 0.007358674535473534400, -1.670768175791195000 ) ) ;
#4765 = EDGE_CURVE ( 'NONE', #4047, #332, #1107, .T. ) ;
#4766 = CARTESIAN_POINT ( 'NONE',  ( 0.09638341997460320200, 0.9833497400762937200, -1.367479433118000200 ) ) ;
#4767 = CYLINDRICAL_SURFACE ( 'NONE', #2431, 0.7600000000000000100 ) ;
#4768 = DIRECTION ( 'NONE',  ( -1.000000000000000000, 0.0000000000000000000, 0.0000000000000000000 ) ) ;
#4769 = DIRECTION ( 'NONE',  ( 0.0000000000000000000, 0.0000000000000000000, 1.000000000000000000 ) ) ;
#4770 = VERTEX_POINT ( 'NONE', #4823 ) ;
#4771 = DIRECTION ( 'NONE',  ( -1.000000000000000000, -0.0000000000000000000, -0.0000000000000000000 ) ) ;
#4772 = DIRECTION ( 'NONE',  ( 0.0000000000000000000, 1.000000000000000000, -9.856383385904661500E-017 ) ) ;
#4773 = CARTESIAN_POINT ( 'NONE',  ( 0.7600000000000000100, 0.8000000000000000400, -0.04823237758965532400 ) ) ;
#4774 = EDGE_CURVE ( 'NONE', #4126, #3279, #189, .T. ) ;
#4775 = CARTESIAN_POINT ( 'NONE',  ( -0.09638341997458715900, 0.9833497400762980500, -1.367479433118000000 ) ) ;
#4776 = VECTOR ( 'NONE', #557, 1000.000000000000000 ) ;
#4777 = CARTESIAN_POINT ( 'NONE',  ( -0.6337405836785827700, 1.530703003552336600, 0.2999999994448311300 ) ) ;
#4778 = ORIENTED_EDGE ( 'NONE', *, *, #5325, .F. ) ;
#4779 = CARTESIAN_POINT ( 'NONE',  ( 0.7838367176906000400, 1.550000000000000300, 1.159999999999999900 ) ) ;
#4780 = LINE ( 'NONE', #4054, #1287 ) ;
#4781 = DIRECTION ( 'NONE',  ( 1.000000000000000000, -0.0000000000000000000, 0.0000000000000000000 ) ) ;
#4782 = VERTEX_POINT ( 'NONE', #2426 ) ;
#4783 = CARTESIAN_POINT ( 'NONE',  ( 1.249999999999999800, 0.0000000000000000000, 1.399999999999999900 ) ) ;
#4784 = CARTESIAN_POINT ( 'NONE',  ( -0.2500000000000000000, -0.01141592653589796100, -1.771460183660000100 ) ) ;
#4785 = ADVANCED_FACE ( 'NONE', ( #3447 ), #966, .T. ) ;
#4786 = EDGE_LOOP ( 'NONE', ( #4948, #2511, #2171, #5327 ) ) ;
#4787 = LINE ( 'NONE', #3815, #1145 ) ;
#4788 = ORIENTED_EDGE ( 'NONE', *, *, #3406, .F. ) ;
#4789 = CARTESIAN_POINT ( 'NONE',  ( -0.7600000000000000100, 0.8100000000000001600, 1.216271215040832200E-014 ) ) ;
#4790 = ORIENTED_EDGE ( 'NONE', *, *, #1626, .T. ) ;
#4791 = CARTESIAN_POINT ( 'NONE',  ( 1.350000000000000100, 0.8000000000000000400, -0.1200000000000000900 ) ) ;
#4792 =( BOUNDED_SURFACE ( )  B_SPLINE_SURFACE ( 3, 3, ( 
 ( #3731, #5180, #920, #4225, #1392, #4718, #1843 ),
 ( #5204, #2318, #5678, #2777, #6164, #3267, #467 ),
 ( #3756, #943, #4243, #1414, #4739, #1862, #5220 ),
 ( #2343, #5703, #2799, #2, #3296, #492, #3777 ) ),
 .UNSPECIFIED., .F., .F., .F. ) 
 B_SPLINE_SURFACE_WITH_KNOTS ( ( 4, 4 ),
 ( 4, 1, 1, 1, 4 ),
 ( 0.0000000000000000000, 1.000000000000000000 ),
 ( 0.3658291721851000300, 0.3690589239516000000, 0.3727857952243999700, 0.3768669206433999900, 0.3771910753471000000 ),
 .UNSPECIFIED. ) 
 GEOMETRIC_REPRESENTATION_ITEM ( )  RATIONAL_B_SPLINE_SURFACE ( (
 ( 1.087292533651000000, 1.087292533651000000, 1.087292533651000000, 1.087292533651000000, 1.087292533651000000, 1.087292533651000000, 1.087292533651000000),
 ( 0.9709024887828999800, 0.9709024887828999800, 0.9709024887828999800, 0.9709024887828999800, 0.9709024887828999800, 0.9709024887828999800, 0.9709024887828999800),
 ( 0.9709024887828999800, 0.9709024887828999800, 0.9709024887828999800, 0.9709024887828999800, 0.9709024887828999800, 0.9709024887828999800, 0.9709024887828999800),
 ( 1.087292533651000000, 1.087292533651000000, 1.087292533651000000, 1.087292533651000000, 1.087292533651000000, 1.087292533651000000, 1.087292533651000000) ) ) 
 REPRESENTATION_ITEM ( '' )  SURFACE ( )  );
#4793 = EDGE_CURVE ( 'NONE', #4782, #3728, #4746, .T. ) ;
#4794 = CARTESIAN_POINT ( 'NONE',  ( -0.6337405831790701200, 1.530703003394620100, -0.2999999996869777700 ) ) ;
#4795 = EDGE_CURVE ( 'NONE', #1033, #4064, #2181, .T. ) ;
#4796 = EDGE_LOOP ( 'NONE', ( #1852, #571 ) ) ;
#4797 = EDGE_LOOP ( 'NONE', ( #4040, #1023, #1212, #2095 ) ) ;
#4798 = CARTESIAN_POINT ( 'NONE',  ( 0.2400000000000000200, 1.090000000000000100, -1.973810179798000100 ) ) ;
#4799 = ORIENTED_EDGE ( 'NONE', *, *, #205, .T. ) ;
#4800 = CARTESIAN_POINT ( 'NONE',  ( 0.3738742246834915200, 0.8000000000000001600, -0.6623202189394819000 ) ) ;
#4801 = CARTESIAN_POINT ( 'NONE',  ( -0.5999999999999999800, -0.05000000000000000300, -1.851460183660000000 ) ) ;
#4802 = ORIENTED_EDGE ( 'NONE', *, *, #1466, .T. ) ;
#4803 = CARTESIAN_POINT ( 'NONE',  ( 0.0000000000000000000, 1.200000000000000000, 0.0000000000000000000 ) ) ;
#4804 = CARTESIAN_POINT ( 'NONE',  ( -0.08424957634151171400, 0.9394664402457884000, -0.9738101797978001600 ) ) ;
#4805 = ORIENTED_EDGE ( 'NONE', *, *, #4355, .T. ) ;
#4806 = AXIS2_PLACEMENT_3D ( 'NONE', #2893, #3121, #3641 ) ;
#4807 = DIRECTION ( 'NONE',  ( 1.000000000000000000, 0.0000000000000000000, 0.0000000000000000000 ) ) ;
#4808 = AXIS2_PLACEMENT_3D ( 'NONE', #4610, #1744, #5092 ) ;
#4809 = CARTESIAN_POINT ( 'NONE',  ( 0.2549429089118417900, 1.200000000039835900, 0.9738101798291153300 ) ) ;
#4810 = VERTEX_POINT ( 'NONE', #4381 ) ;
#4811 = CARTESIAN_POINT ( 'NONE',  ( 0.3323984252789800000, 1.508986333033645700, 0.5589875517522572300 ) ) ;
#4812 = CARTESIAN_POINT ( 'NONE',  ( 0.5999999999999999800, 0.0000000000000000000, 0.0000000000000000000 ) ) ;
#4813 = CARTESIAN_POINT ( 'NONE',  ( 0.9999999999999872300, 1.700000000000000000, 1.118033988749985100 ) ) ;
#4814 = ORIENTED_EDGE ( 'NONE', *, *, #1006, .T. ) ;
#4815 = LINE ( 'NONE', #5382, #1161 ) ;
#4816 = EDGE_LOOP ( 'NONE', ( #4488, #1948, #5757, #354 ) ) ;
#4817 = ORIENTED_EDGE ( 'NONE', *, *, #4717, .T. ) ;
#4818 = CARTESIAN_POINT ( 'NONE',  ( -7.408777186573179000E-017, 0.9000000000000001300, -0.6049725677420999500 ) ) ;
#4819 = CARTESIAN_POINT ( 'NONE',  ( 1.058300524439611500, 1.700000000010851300, 0.3000000000026191700 ) ) ;
#4820 = FACE_OUTER_BOUND ( 'NONE', #3588, .T. ) ;
#4821 = DIRECTION ( 'NONE',  ( 0.0000000000000000000, 0.0000000000000000000, 1.000000000000000000 ) ) ;
#4822 = EDGE_CURVE ( 'NONE', #742, #2301, #2340, .T. ) ;
#4823 = CARTESIAN_POINT ( 'NONE',  ( 1.836970198721029400E-017, 0.1499999999999999900, 0.2999999999999999300 ) ) ;
#4824 = ADVANCED_FACE ( 'NONE', ( #2036 ), #5721, .F. ) ;
#4825 = VERTEX_POINT ( 'NONE', #4881 ) ;
#4826 = CARTESIAN_POINT ( 'NONE',  ( 0.3558202566920000100, 1.412850363670999900, -0.5922027497278999900 ) ) ;
#4827 = LINE ( 'NONE', #4499, #1049 ) ;
#4828 = CARTESIAN_POINT ( 'NONE',  ( 0.1806186265694414200, 1.186941683428969400, 0.0000000000000000000 ) ) ;
#4829 = DIRECTION ( 'NONE',  ( 0.0000000000000000000, 0.0000000000000000000, -1.000000000000000000 ) ) ;
#4830 = ORIENTED_EDGE ( 'NONE', *, *, #5789, .F. ) ;
#4831 = DIRECTION ( 'NONE',  ( 0.0000000000000000000, 0.0000000000000000000, -1.000000000000000000 ) ) ;
#4832 = CARTESIAN_POINT ( 'NONE',  ( 0.8233984100015844200, 1.100000000008094500, 0.4817193733217535700 ) ) ;
#4833 = CARTESIAN_POINT ( 'NONE',  ( -0.6500000000000001300, 0.8900000000000000100, 1.000000000000000000 ) ) ;
#4834 = CARTESIAN_POINT ( 'NONE',  ( 0.2999999999999999900, 1.572975568705251600, 0.7439231979380102100 ) ) ;
#4835 = B_SPLINE_CURVE_WITH_KNOTS ( 'NONE', 3,
 ( #5094, #1748, #2673, #6047, #3165, #365 ),
 .UNSPECIFIED., .F., .F.,
 ( 4, 2, 4 ),
 ( 0.0000000000000000000, 0.5000000000000000000, 1.000000000000000000 ),
 .UNSPECIFIED. ) ;
#4836 = EDGE_CURVE ( 'NONE', #5812, #4900, #3304, .T. ) ;
#4837 = LINE ( 'NONE', #5412, #5818 ) ;
#4838 = ORIENTED_EDGE ( 'NONE', *, *, #336, .F. ) ;
#4839 = DIRECTION ( 'NONE',  ( -1.000000000000000000, 0.0000000000000000000, 0.0000000000000000000 ) ) ;
#4840 = CARTESIAN_POINT ( 'NONE',  ( -0.09945437760731600000, 0.1500000000000000200, -0.1759200297363000000 ) ) ;
#4841 = LINE ( 'NONE', #2843, #4989 ) ;
#4842 = VERTEX_POINT ( 'NONE', #1548 ) ;
#4843 = CARTESIAN_POINT ( 'NONE',  ( 0.2983203222647999900, 1.463182820910000000, -0.6270474012893999500 ) ) ;
#4844 =( GEOMETRIC_REPRESENTATION_CONTEXT ( 3 ) GLOBAL_UNCERTAINTY_ASSIGNED_CONTEXT ( ( #1406 ) ) GLOBAL_UNIT_ASSIGNED_CONTEXT ( ( #4060, #1233, #4550 ) ) REPRESENTATION_CONTEXT ( 'NONE', 'WORKASPACE' ) );
#4845 = DIRECTION ( 'NONE',  ( 0.0000000000000000000, 1.000000000000000000, 0.0000000000000000000 ) ) ;
#4846 = CARTESIAN_POINT ( 'NONE',  ( -0.7838367176906000400, 1.600000000000000100, 1.560000000000000300 ) ) ;
#4847 = LINE ( 'NONE', #909, #4993 ) ;
#4848 = CARTESIAN_POINT ( 'NONE',  ( 0.0000000000000000000, 1.200000000000000000, 0.0000000000000000000 ) ) ;
#4849 = CARTESIAN_POINT ( 'NONE',  ( -0.6292092049147001200, 1.458506686785999900, 0.2983701423696000200 ) ) ;
#4850 = DIRECTION ( 'NONE',  ( 1.000000000000000000, 0.0000000000000000000, 0.0000000000000000000 ) ) ;
#4851 = AXIS2_PLACEMENT_3D ( 'NONE', #711, #3574, #4538 ) ;
#4852 = VECTOR ( 'NONE', #342, 1000.000000000000000 ) ;
#4853 = EDGE_CURVE ( 'NONE', #2659, #4927, #4436, .T. ) ;
#4854 = VERTEX_POINT ( 'NONE', #3920 ) ;
#4855 = DIRECTION ( 'NONE',  ( 0.0000000000000000000, -1.000000000000000000, 0.0000000000000000000 ) ) ;
#4856 = CARTESIAN_POINT ( 'NONE',  ( -0.5999999999999999800, 0.0000000000000000000, 0.0000000000000000000 ) ) ;
#4857 = EDGE_LOOP ( 'NONE', ( #5943, #1522, #2743, #377 ) ) ;
#4858 = VECTOR ( 'NONE', #4400, 1000.000000000000000 ) ;
#4859 = CARTESIAN_POINT ( 'NONE',  ( 0.0000000000000000000, 0.05000000000000000300, 0.0000000000000000000 ) ) ;
#4860 = VERTEX_POINT ( 'NONE', #1562 ) ;
#4861 = EDGE_CURVE ( 'NONE', #5231, #2741, #2484, .T. ) ;
#4862 = CARTESIAN_POINT ( 'NONE',  ( -1.350000000000000100, 0.8100000000000000500, -0.1200000000000000500 ) ) ;
#4863 = DIRECTION ( 'NONE',  ( 0.0000000000000000000, 1.000000000000000000, 0.0000000000000000000 ) ) ;
#4864 = VECTOR ( 'NONE', #2873, 1000.000000000000000 ) ;
#4865 = CARTESIAN_POINT ( 'NONE',  ( 0.3000873965131999900, 1.476296616757000000, 0.6656295426898000100 ) ) ;
#4866 = B_SPLINE_CURVE_WITH_KNOTS ( 'NONE', 3,
 ( #2772, #2312, #5197, #1836, #4711, #1386, #4219, #915, #3721, #442, #3242, #6130, #2753, #5650, #2289, #5174, #1816, #4694, #1365, #4194, #897, #3702, #415, #3223, #6109, #2730, #5624, #2269, #5150, #1796 ),
 .UNSPECIFIED., .F., .F.,
 ( 4, 1, 2, 2, 2, 1, 2, 2, 2, 1, 2, 2, 2, 1, 2, 2, 4 ),
 ( 0.0000000000000000000, 0.06250000000000009700, 0.09375000000000013900, 0.1250000000000001900, 0.2500000000000002200, 0.3125000000000002200, 0.3437500000000002800, 0.3750000000000002800, 0.5000000000000003300, 0.5625000000000003300, 0.5937500000000003300, 0.6250000000000004400, 0.7500000000000003300, 0.8125000000000003300, 0.8437500000000003300, 0.8750000000000002200, 1.000000000000000000 ),
 .UNSPECIFIED. ) ;
#4867 = ORIENTED_EDGE ( 'NONE', *, *, #2356, .T. ) ;
#4868 = CARTESIAN_POINT ( 'NONE',  ( -0.2779113193416793400, 1.157583416801716300, -3.403432076786054700E-017 ) ) ;
#4869 = CARTESIAN_POINT ( 'NONE',  ( -1.200000000000000000, -0.09999999999999999200, 1.000000000000000000 ) ) ;
#4870 = ORIENTED_EDGE ( 'NONE', *, *, #3456, .T. ) ;
#4871 = CARTESIAN_POINT ( 'NONE',  ( -1.442169004011202400E-016, 1.599999999998135800, 1.177620359604657900 ) ) ;
#4872 = ORIENTED_EDGE ( 'NONE', *, *, #4007, .T. ) ;
#4873 = VERTEX_POINT ( 'NONE', #4414 ) ;
#4874 = B_SPLINE_CURVE_WITH_KNOTS ( 'NONE', 3,
 ( #2606, #4548, #2154, #5503 ),
 .UNSPECIFIED., .F., .F.,
 ( 4, 4 ),
 ( 0.0000000000000000000, 1.000000000000000000 ),
 .UNSPECIFIED. ) ;
#4875 = ORIENTED_EDGE ( 'NONE', *, *, #553, .T. ) ;
#4876 = DIRECTION ( 'NONE',  ( 0.0000000000000000000, 1.000000000000000000, 0.0000000000000000000 ) ) ;
#4877 = CARTESIAN_POINT ( 'NONE',  ( 0.1750961828573536800, 0.1500000000000000200, 0.1003434842832363900 ) ) ;
#4878 = EDGE_CURVE ( 'NONE', #2111, #5256, #814, .T. ) ;
#4879 = VERTEX_POINT ( 'NONE', #2498 ) ;
#4880 = ORIENTED_EDGE ( 'NONE', *, *, #5935, .T. ) ;
#4881 = CARTESIAN_POINT ( 'NONE',  ( 1.500000000000000200, 0.0000000000000000000, 1.200000000000000000 ) ) ;
#4882 = FACE_OUTER_BOUND ( 'NONE', #3124, .T. ) ;
#4883 = DIRECTION ( 'NONE',  ( 0.0000000000000000000, -0.0000000000000000000, -1.000000000000000000 ) ) ;
#4884 = CARTESIAN_POINT ( 'NONE',  ( 1.199999999999999700, 0.01999999999999999700, 1.700000000000000200 ) ) ;
#4885 = CARTESIAN_POINT ( 'NONE',  ( 0.0000000000000000000, 1.561383991997900000, 0.0000000000000000000 ) ) ;
#4886 = VERTEX_POINT ( 'NONE', #4902 ) ;
#4887 = AXIS2_PLACEMENT_3D ( 'NONE', #2586, #2605, #5975 ) ;
#4888 = EDGE_LOOP ( 'NONE', ( #5842, #5623, #4314, #2897, #2414 ) ) ;
#4889 = CARTESIAN_POINT ( 'NONE',  ( -0.7838367176906000400, 1.500000000000000000, 1.460000000000000000 ) ) ;
#4890 = AXIS2_PLACEMENT_3D ( 'NONE', #3963, #1143, #4457 ) ;
#4891 = VECTOR ( 'NONE', #4030, 1000.000000000000000 ) ;
#4892 = CARTESIAN_POINT ( 'NONE',  ( 0.2999999999999985500, 1.100000000000000100, -0.9264481994573958700 ) ) ;
#4893 = EDGE_CURVE ( 'NONE', #5401, #1021, #5558, .T. ) ;
#4894 = CARTESIAN_POINT ( 'NONE',  ( 0.6640187623650226600, 1.469968614973142600, 0.2999999992813406900 ) ) ;
#4895 = EDGE_LOOP ( 'NONE', ( #1962, #5222, #5454, #65 ) ) ;
#4896 = ORIENTED_EDGE ( 'NONE', *, *, #1291, .F. ) ;
#4897 = FACE_BOUND ( 'NONE', #4796, .T. ) ;
#4898 = DIRECTION ( 'NONE',  ( 0.0000000000000000000, 0.0000000000000000000, -1.000000000000000000 ) ) ;
#4899 = CARTESIAN_POINT ( 'NONE',  ( 0.7838367176906000400, 1.110777309639018600, 1.212198665876328400 ) ) ;
#4900 = VERTEX_POINT ( 'NONE', #1115 ) ;
#4901 = EDGE_CURVE ( 'NONE', #3563, #4956, #1896, .T. ) ;
#4902 = CARTESIAN_POINT ( 'NONE',  ( -0.2500000000000000000, -0.1000000000000000100, -1.631460183660000200 ) ) ;
#4903 = CARTESIAN_POINT ( 'NONE',  ( 0.5474792466223877800, 1.508986332993447200, 0.3503804724351342600 ) ) ;
#4904 = CARTESIAN_POINT ( 'NONE',  ( 0.6500000000000001300, -0.1000000000000000100, 1.000000000000000000 ) ) ;
#4905 = CARTESIAN_POINT ( 'NONE',  ( -0.04398165083052402900, 0.9096956502299642400, -0.9738101797977999400 ) ) ;
#4906 = FACE_OUTER_BOUND ( 'NONE', #5393, .T. ) ;
#4907 = VERTEX_POINT ( 'NONE', #4922 ) ;
#4908 = CARTESIAN_POINT ( 'NONE',  ( -0.09638341997458715900, 0.9833497400762980500, -0.9738101797978002700 ) ) ;
#4909 = B_SPLINE_CURVE_WITH_KNOTS ( 'NONE', 3,
 ( #180, #2040, #4919, #668, #3951, #1127 ),
 .UNSPECIFIED., .F., .F.,
 ( 4, 2, 4 ),
 ( 0.0000000000000000000, 0.5000000000000000000, 1.000000000000000000 ),
 .UNSPECIFIED. ) ;
#4910 = CARTESIAN_POINT ( 'NONE',  ( 0.5999999999999999800, -0.1000000000000000200, -1.149999999999999900 ) ) ;
#4911 = CARTESIAN_POINT ( 'NONE',  ( 0.7838367176906000400, 1.573820061220085000, 1.560000000000000100 ) ) ;
#4912 = CARTESIAN_POINT ( 'NONE',  ( 3.386025119617273700E-014, 1.600000000000000100, -1.500000000000000000 ) ) ;
#4913 = SURFACE_STYLE_FILL_AREA ( #286 ) ;
#4914 = ORIENTED_EDGE ( 'NONE', *, *, #5886, .F. ) ;
#4915 = EDGE_CURVE ( 'NONE', #2960, #865, #527, .T. ) ;
#4916 = CARTESIAN_POINT ( 'NONE',  ( -0.9228576348350869800, 1.100000000008094500, 0.2416035638255966400 ) ) ;
#4917 = EDGE_CURVE ( 'NONE', #142, #4886, #3458, .T. ) ;
#4918 = CARTESIAN_POINT ( 'NONE',  ( -0.5474792456178281300, 1.508986332787305400, -0.3503804727975972100 ) ) ;
#4919 = CARTESIAN_POINT ( 'NONE',  ( -0.3184293573167819000, 1.512413740490161400, 0.5751513679556579100 ) ) ;
#4920 = VECTOR ( 'NONE', #2332, 1000.000000000000000 ) ;
#4921 = ORIENTED_EDGE ( 'NONE', *, *, #2793, .T. ) ;
#4922 = CARTESIAN_POINT ( 'NONE',  ( -1.500000000000000200, 0.8000000000000000400, 1.200000000000000000 ) ) ;
#4923 = AXIS2_PLACEMENT_3D ( 'NONE', #4339, #4360, #4383 ) ;
#4924 = CARTESIAN_POINT ( 'NONE',  ( 1.450000000000000000, 0.8000000000000000400, 1.399999999999999900 ) ) ;
#4925 = CYLINDRICAL_SURFACE ( 'NONE', #1498, 0.2000000000000000900 ) ;
#4926 = CARTESIAN_POINT ( 'NONE',  ( 0.09638341997460320200, 0.9833497400762937200, -0.9738101797978002700 ) ) ;
#4927 = VERTEX_POINT ( 'NONE', #3463 ) ;
#4928 = VECTOR ( 'NONE', #2184, 1000.000000000000000 ) ;
#4929 = CARTESIAN_POINT ( 'NONE',  ( -0.1567505699424806000, 0.8775316280130240900, -1.367479433118000000 ) ) ;
#4930 = CARTESIAN_POINT ( 'NONE',  ( -1.200000000000000000, 0.02000000000000005200, 1.800000000000000300 ) ) ;
#4931 = CARTESIAN_POINT ( 'NONE',  ( -0.1479555722504397300, 1.600000000000000800, -1.499947186119023700 ) ) ;
#4932 = VERTEX_POINT ( 'NONE', #4942 ) ;
#4933 = EDGE_CURVE ( 'NONE', #1553, #742, #39, .T. ) ;
#4934 = FACE_OUTER_BOUND ( 'NONE', #941, .T. ) ;
#4935 = CARTESIAN_POINT ( 'NONE',  ( -0.2999999999999999900, 1.100000000000000100, 0.0000000000000000000 ) ) ;
#4936 = ORIENTED_EDGE ( 'NONE', *, *, #440, .T. ) ;
#4937 = CARTESIAN_POINT ( 'NONE',  ( 1.500000000000000000, 0.8000000000000000400, 1.200000000000000000 ) ) ;
#4938 = ORIENTED_EDGE ( 'NONE', *, *, #2715, .F. ) ;
#4939 = CARTESIAN_POINT ( 'NONE',  ( 0.0000000000000000000, 1.561383991997900000, 0.0000000000000000000 ) ) ;
#4940 = CYLINDRICAL_SURFACE ( 'NONE', #825, 0.2000000000000000100 ) ;
#4941 = ORIENTED_EDGE ( 'NONE', *, *, #2911, .F. ) ;
#4942 = CARTESIAN_POINT ( 'NONE',  ( 0.5999999999999999800, 0.0000000000000000000, -1.836970198721029400E-017 ) ) ;
#4943 = B_SPLINE_CURVE_WITH_KNOTS ( 'NONE', 3,
 ( #3070, #4623, #5580, #2692, #6068, #3180 ),
 .UNSPECIFIED., .F., .F.,
 ( 4, 2, 4 ),
 ( 0.0000000000000000000, 0.2500000000000000000, 0.5000000000000000000 ),
 .UNSPECIFIED. ) ;
#4944 = ORIENTED_EDGE ( 'NONE', *, *, #2944, .F. ) ;
#4945 = DIRECTION ( 'NONE',  ( -0.0000000000000000000, -1.000000000000000000, -0.0000000000000000000 ) ) ;
#4946 = CARTESIAN_POINT ( 'NONE',  ( 0.9098316285998421200, 1.700000000003884000, -0.6458032900220097600 ) ) ;
#4947 = ORIENTED_EDGE ( 'NONE', *, *, #2715, .T. ) ;
#4948 = ORIENTED_EDGE ( 'NONE', *, *, #590, .T. ) ;
#4949 = ADVANCED_FACE ( 'NONE', ( #4127 ), #2687, .F. ) ;
#4950 = ORIENTED_EDGE ( 'NONE', *, *, #5340, .T. ) ;
#4951 = CARTESIAN_POINT ( 'NONE',  ( -1.314863113502226600, 0.8100000000000001600, -0.4733596438850277700 ) ) ;
#4952 = CARTESIAN_POINT ( 'NONE',  ( -0.5456719242673000500, 1.509150004344000000, -0.3531783233881000100 ) ) ;
#4953 = CARTESIAN_POINT ( 'NONE',  ( -0.2937836155505679800, 1.600000000000000300, -1.478424366315170200 ) ) ;
#4954 = EDGE_CURVE ( 'NONE', #4860, #3041, #5344, .T. ) ;
#4955 = ORIENTED_EDGE ( 'NONE', *, *, #1781, .F. ) ;
#4956 = VERTEX_POINT ( 'NONE', #689 ) ;
#4957 = CARTESIAN_POINT ( 'NONE',  ( 0.2700000000000000200, 0.0000000000000000000, 0.02853981633975000200 ) ) ;
#4958 = ORIENTED_EDGE ( 'NONE', *, *, #4136, .F. ) ;
#4959 = CARTESIAN_POINT ( 'NONE',  ( -0.7838367176906000400, 1.399999999999999900, 1.260000000000000000 ) ) ;
#4960 = LINE ( 'NONE', #2482, #3658 ) ;
#4961 = AXIS2_PLACEMENT_3D ( 'NONE', #4417, #4741, #4382 ) ;
#4962 = ORIENTED_EDGE ( 'NONE', *, *, #1906, .T. ) ;
#4963 = VERTEX_POINT ( 'NONE', #5432 ) ;
#4964 = CARTESIAN_POINT ( 'NONE',  ( -0.2500000000000000000, 0.007358674535473534400, -1.670768175791195000 ) ) ;
#4965 = ORIENTED_EDGE ( 'NONE', *, *, #5955, .T. ) ;
#4966 = CARTESIAN_POINT ( 'NONE',  ( 0.08665672730852341800, 0.7999999999999998200, 0.6841407003897203000 ) ) ;
#4967 = FACE_OUTER_BOUND ( 'NONE', #1680, .T. ) ;
#4968 = CARTESIAN_POINT ( 'NONE',  ( -0.6640187685935510200, 1.469968617404555200, -0.2999999970885841600 ) ) ;
#4969 = ORIENTED_EDGE ( 'NONE', *, *, #1975, .F. ) ;
#4970 = CARTESIAN_POINT ( 'NONE',  ( 0.0000000000000000000, 1.561383992054743700, 0.0000000000000000000 ) ) ;
#4971 = CIRCLE ( 'NONE', #2856, 1.029371616255048100 ) ;
#4972 = CARTESIAN_POINT ( 'NONE',  ( 1.314863113502226200, 0.8099999999999999400, -0.4733596438850280500 ) ) ;
#4973 = EDGE_CURVE ( 'NONE', #5039, #3293, #5282, .T. ) ;
#4974 = CARTESIAN_POINT ( 'NONE',  ( -0.5640448775854000100, 1.471331379879000200, -0.3542564057620000200 ) ) ;
#4975 = ORIENTED_EDGE ( 'NONE', *, *, #3061, .F. ) ;
#4977 = CARTESIAN_POINT ( 'NONE',  ( 0.2999999999999999900, 1.100000000000000100, -0.9738101797978001600 ) ) ;
#4976 = CARTESIAN_POINT ( 'NONE',  ( 0.6437783912691647000, 1.425862850564509200, 0.3000000012445954700 ) ) ;
#4978 = CARTESIAN_POINT ( 'NONE',  ( 3.386025119617273700E-014, 1.600000000000000100, -1.500000000000000000 ) ) ;
#4979 = CARTESIAN_POINT ( 'NONE',  ( 1.200000000000000000, 0.3499999999999999800, 1.000000000000000000 ) ) ;
#4980 = ADVANCED_FACE ( 'NONE', ( #2986 ), #707, .F. ) ;
#4981 = EDGE_CURVE ( 'NONE', #4124, #1136, #1471, .T. ) ;
#4982 = CARTESIAN_POINT ( 'NONE',  ( -0.7838367176906000400, 1.550000000000000300, 1.159999999999999900 ) ) ;
#4983 = LINE ( 'NONE', #503, #1487 ) ;
#4984 = ORIENTED_EDGE ( 'NONE', *, *, #2440, .F. ) ;
#4985 = CARTESIAN_POINT ( 'NONE',  ( -0.6681947568738846300, 0.8000000000000002700, 0.1711346655627197800 ) ) ;
#4986 =( BOUNDED_SURFACE ( )  B_SPLINE_SURFACE ( 3, 3, ( 
 ( #1981, #4848, #2448, #5821 ),
 ( #2916, #115, #3402, #604 ),
 ( #3892, #1075, #4386, #1537 ),
 ( #4868, #1996, #5357, #2468 ),
 ( #5838, #2934, #138, #3419 ) ),
 .UNSPECIFIED., .F., .F., .F. ) 
 B_SPLINE_SURFACE_WITH_KNOTS ( ( 4, 1, 4 ),
 ( 4, 4 ),
 ( 0.0000000000000000000, 0.7634525149645999800, 0.9901138647369000000 ),
 ( 0.0000000000000000000, 1.000000000000000000 ),
 .UNSPECIFIED. ) 
 GEOMETRIC_REPRESENTATION_ITEM ( )  RATIONAL_B_SPLINE_SURFACE ( (
 ( 1.000000000000000000, 0.3333333333333334300, 0.3333333333333334300, 1.000000000000000000),
 ( 1.000000000000000000, 0.3333333333333334300, 0.3333333333333334300, 1.000000000000000000),
 ( 1.000000000000000000, 0.3333333333333334300, 0.3333333333333334300, 1.000000000000000000),
 ( 1.000000000000000000, 0.3333333333333334300, 0.3333333333333334300, 1.000000000000000000),
 ( 1.000000000000000000, 0.3333333333333334300, 0.3333333333333334300, 1.000000000000000000) ) ) 
 REPRESENTATION_ITEM ( '' )  SURFACE ( )  );
#4987 = CARTESIAN_POINT ( 'NONE',  ( 0.04398165083047576200, 0.9103043497700356000, -0.9738101797978001600 ) ) ;
#4988 = CARTESIAN_POINT ( 'NONE',  ( 0.5838175511598918700, 1.600000000000000300, -1.390462026210678600 ) ) ;
#4989 = VECTOR ( 'NONE', #5263, 1000.000000000000000 ) ;
#4990 = DIRECTION ( 'NONE',  ( -0.0000000000000000000, -0.0000000000000000000, -1.000000000000000000 ) ) ;
#4991 = DIRECTION ( 'NONE',  ( -0.0000000000000000000, -1.000000000000000000, 0.0000000000000000000 ) ) ;
#4992 = CARTESIAN_POINT ( 'NONE',  ( -0.6001887020999001600, 1.520986019776000100, -0.2976943908045000000 ) ) ;
#4993 = VECTOR ( 'NONE', #4212, 1000.000000000000000 ) ;
#4994 = EDGE_CURVE ( 'NONE', #2054, #5938, #1605, .T. ) ;
#4996 = DIRECTION ( 'NONE',  ( -1.000000000000000000, -0.0000000000000000000, -0.0000000000000000000 ) ) ;
#4995 = CARTESIAN_POINT ( 'NONE',  ( -0.6030261816811863800, 1.416935848589467900, -0.3341494119597954700 ) ) ;
#4997 = EDGE_CURVE ( 'NONE', #5236, #2634, #4373, .T. ) ;
#4998 = CARTESIAN_POINT ( 'NONE',  ( -0.2500000000000000000, -0.1000000000000000100, 0.02853981633973999900 ) ) ;
#4999 = CARTESIAN_POINT ( 'NONE',  ( 0.2999999996270040800, 1.526134710380083500, -0.6218334165937707800 ) ) ;
#5000 = LINE ( 'NONE', #6101, #1202 ) ;
#5001 = CARTESIAN_POINT ( 'NONE',  ( 0.0000000000000000000, 1.600000000000000100, 1.560000000000000300 ) ) ;
#5002 = ORIENTED_EDGE ( 'NONE', *, *, #4449, .F. ) ;
#5003 = CARTESIAN_POINT ( 'NONE',  ( -0.3527645605675800400, 1.420760297739201500, -0.5900381562692838000 ) ) ;
#5004 = AXIS2_PLACEMENT_3D ( 'NONE', #672, #3483, #5418 ) ;
#5005 = VECTOR ( 'NONE', #234, 1000.000000000000000 ) ;
#5006 = EDGE_CURVE ( 'NONE', #3426, #4543, #3835, .T. ) ;
#5007 = CARTESIAN_POINT ( 'NONE',  ( 1.493544345512835900, 1.600000000000000100, -0.1441811651714152200 ) ) ;
#5008 = ORIENTED_EDGE ( 'NONE', *, *, #5241, .T. ) ;
#5009 = CARTESIAN_POINT ( 'NONE',  ( 0.0000000000000000000, 1.561383991997900000, 0.0000000000000000000 ) ) ;
#5010 = ADVANCED_FACE ( 'NONE', ( #210 ), #3667, .T. ) ;
#5011 = CARTESIAN_POINT ( 'NONE',  ( 2.298623804199090400E-018, 1.100000000004047300, -0.9228576348416935900 ) ) ;
#5012 = LINE ( 'NONE', #3890, #2894 ) ;
#5013 = VERTEX_POINT ( 'NONE', #3624 ) ;
#5014 = EDGE_CURVE ( 'NONE', #5322, #1412, #1756, .T. ) ;
#5015 = ORIENTED_EDGE ( 'NONE', *, *, #4981, .F. ) ;
#5017 = CARTESIAN_POINT ( 'NONE',  ( -1.000000000000000000, 1.600000000000000100, 1.560000000000000300 ) ) ;
#5016 = DIRECTION ( 'NONE',  ( -0.0000000000000000000, 1.000000000000000000, -0.0000000000000000000 ) ) ;
#5018 = ORIENTED_EDGE ( 'NONE', *, *, #963, .T. ) ;
#5019 = ORIENTED_EDGE ( 'NONE', *, *, #1550, .T. ) ;
#5020 = DIRECTION ( 'NONE',  ( 0.0000000000000000000, -0.0000000000000000000, 1.000000000000000000 ) ) ;
#5021 = FILL_AREA_STYLE_COLOUR ( '', #2636 ) ;
#5022 = ORIENTED_EDGE ( 'NONE', *, *, #1006, .F. ) ;
#5023 = B_SPLINE_CURVE_WITH_KNOTS ( 'NONE', 3,
 ( #4318, #5588, #5122, #5076, #5096, #4299 ),
 .UNSPECIFIED., .F., .F.,
 ( 4, 2, 4 ),
 ( 0.5000000000000000000, 0.7500000000000000000, 1.000000000000000000 ),
 .UNSPECIFIED. ) ;
#5024 = ORIENTED_EDGE ( 'NONE', *, *, #3684, .F. ) ;
#5025 = VERTEX_POINT ( 'NONE', #4619 ) ;
#5026 = CARTESIAN_POINT ( 'NONE',  ( -7.963403178040349200E-011, 0.8999999999723058400, -0.6923796403942167300 ) ) ;
#5027 = VERTEX_POINT ( 'NONE', #348 ) ;
#5028 = ORIENTED_EDGE ( 'NONE', *, *, #2528, .T. ) ;
#5029 = CARTESIAN_POINT ( 'NONE',  ( -0.2999999997362154900, 1.530703003389287400, -0.6337405831572274800 ) ) ;
#5030 = EDGE_LOOP ( 'NONE', ( #3671, #4186, #2903, #537, #2540 ) ) ;
#5031 = CARTESIAN_POINT ( 'NONE',  ( 0.5999999999999999800, 0.02000000000000000700, -1.030000000000000000 ) ) ;
#5032 = FACE_OUTER_BOUND ( 'NONE', #4632, .T. ) ;
#5033 = ORIENTED_EDGE ( 'NONE', *, *, #5965, .F. ) ;
#5034 = CARTESIAN_POINT ( 'NONE',  ( -0.5999999999999999800, 0.1499999999999999900, 0.0000000000000000000 ) ) ;
#5035 = DIRECTION ( 'NONE',  ( 0.0000000000000000000, 1.000000000000000000, 0.0000000000000000000 ) ) ;
#5036 = CARTESIAN_POINT ( 'NONE',  ( 0.4405335693662390000, 0.8100000000000000500, 0.6233090288450717800 ) ) ;
#5037 = ORIENTED_EDGE ( 'NONE', *, *, #3947, .F. ) ;
#5038 = EDGE_CURVE ( 'NONE', #942, #2173, #266, .T. ) ;
#5039 = VERTEX_POINT ( 'NONE', #5594 ) ;
#5040 = CYLINDRICAL_SURFACE ( 'NONE', #6180, 0.1200000000000000900 ) ;
#5041 = CARTESIAN_POINT ( 'NONE',  ( -0.6682090325754039800, 0.7999999999999999300, 0.3770173721499441300 ) ) ;
#5042 = ORIENTED_EDGE ( 'NONE', *, *, #3315, .F. ) ;
#5043 = CARTESIAN_POINT ( 'NONE',  ( 0.1012830979499973500, 1.700000000028012400, 1.100000000036516200 ) ) ;
#5044 = AXIS2_PLACEMENT_3D ( 'NONE', #4745, #4807, #4829 ) ;
#5045 = VERTEX_POINT ( 'NONE', #2240 ) ;
#5046 = ADVANCED_FACE ( 'NONE', ( #4967 ), #1167, .F. ) ;
#5047 = FACE_OUTER_BOUND ( 'NONE', #3467, .T. ) ;
#5048 = CARTESIAN_POINT ( 'NONE',  ( -0.7838367176906000400, 1.500000000000000000, 1.260000000000000000 ) ) ;
#5049 = CARTESIAN_POINT ( 'NONE',  ( -0.3082396377072008100, 1.599999999996271300, 1.146970053751685600 ) ) ;
#5050 = EDGE_LOOP ( 'NONE', ( #397, #2547, #5533, #4634 ) ) ;
#5051 = DIRECTION ( 'NONE',  ( 0.0000000000000000000, 0.0000000000000000000, -1.000000000000000000 ) ) ;
#5052 = CARTESIAN_POINT ( 'NONE',  ( 0.2700000000000000200, -0.05000000000000000300, -1.741460183660000100 ) ) ;
#5053 = CARTESIAN_POINT ( 'NONE',  ( -1.131789519071247300, 1.600000000000000100, 0.9893295270185275000 ) ) ;
#5054 = EDGE_CURVE ( 'NONE', #1738, #5025, #4753, .T. ) ;
#5055 = DIRECTION ( 'NONE',  ( 0.0000000000000000000, 0.0000000000000000000, 1.000000000000000000 ) ) ;
#5056 = CARTESIAN_POINT ( 'NONE',  ( -0.1806186265694413600, 1.186941683428969400, -0.3612372531388827200 ) ) ;
#5057 = LINE ( 'NONE', #5998, #3767 ) ;
#5058 = PLANE ( 'NONE',  #151 ) ;
#5059 = CARTESIAN_POINT ( 'NONE',  ( -0.2395187910599434800, 0.6500000000000001300, 0.1819152030507628100 ) ) ;
#5060 = CARTESIAN_POINT ( 'NONE',  ( -1.100000000000000100, 0.0000000000000000000, -1.500000000000000000 ) ) ;
#5061 = ORIENTED_EDGE ( 'NONE', *, *, #2295, .F. ) ;
#5062 =( BOUNDED_CURVE ( )  B_SPLINE_CURVE ( 3, ( #4676, #2712, #3706, #902 ),
 .UNSPECIFIED., .F., .F. ) 
 B_SPLINE_CURVE_WITH_KNOTS ( ( 4, 4 ),
 ( 0.0000000000000000000, 1.000000000000000000 ),
 .UNSPECIFIED. ) 
 CURVE ( )  GEOMETRIC_REPRESENTATION_ITEM ( )  RATIONAL_B_SPLINE_CURVE ( ( 1.000000000000000000, 0.3333333333333333700, 0.3333333333333333700, 1.000000000000000000 ) ) 
 REPRESENTATION_ITEM ( '' )  );
#5063 = CARTESIAN_POINT ( 'NONE',  ( 0.2700000000000000200, -0.1000000000000000100, 0.02853981633973999900 ) ) ;
#5064 = CARTESIAN_POINT ( 'NONE',  ( -1.099999999999999900, 0.0000000000000000000, -1.500000000000000000 ) ) ;
#5065 = VECTOR ( 'NONE', #5147, 1000.000000000000000 ) ;
#5066 = DIRECTION ( 'NONE',  ( 1.000000000000000000, -0.0000000000000000000, 0.0000000000000000000 ) ) ;
#5067 = EDGE_CURVE ( 'NONE', #4421, #1172, #1326, .T. ) ;
#5068 = CARTESIAN_POINT ( 'NONE',  ( 0.5495105709124633600, 1.504804902479644400, 0.3504991580932585400 ) ) ;
#5069 = ADVANCED_FACE ( 'NONE', ( #4820 ), #432, .T. ) ;
#5070 = LINE ( 'NONE', #146, #166 ) ;
#5071 = CARTESIAN_POINT ( 'NONE',  ( -1.055204765161521500, 1.600000000000000100, 1.068657345716757900 ) ) ;
#5072 = PLANE ( 'NONE',  #3135 ) ;
#5073 = DIRECTION ( 'NONE',  ( 1.000000000000000000, 0.0000000000000000000, 0.0000000000000000000 ) ) ;
#5074 = CARTESIAN_POINT ( 'NONE',  ( -0.4707480392506465700, 1.599999999999999900, -1.424684284099458900 ) ) ;
#5075 = ORIENTED_EDGE ( 'NONE', *, *, #3540, .T. ) ;
#5076 = CARTESIAN_POINT ( 'NONE',  ( 0.5397728008854110200, 1.149999999999999700, -0.3157876092791428400 ) ) ;
#5077 = AXIS2_PLACEMENT_3D ( 'NONE', #393, #2268, #2839 ) ;
#5078 = VECTOR ( 'NONE', #1261, 1000.000000000000000 ) ;
#5079 = CARTESIAN_POINT ( 'NONE',  ( -0.2999999982384155000, 1.500351968771064900, 0.6489199655603771200 ) ) ;
#5080 = CARTESIAN_POINT ( 'NONE',  ( 0.2513431795053480100, -0.1000000000000000100, -1.619470029832014400 ) ) ;
#5081 = ORIENTED_EDGE ( 'NONE', *, *, #2147, .F. ) ;
#5082 = CARTESIAN_POINT ( 'NONE',  ( -0.3000918946185363000, 1.513727374279103100, -0.8672907436087786700 ) ) ;
#5083 = VECTOR ( 'NONE', #3685, 1000.000000000000000 ) ;
#5084 = VERTEX_POINT ( 'NONE', #5191 ) ;
#5085 = ORIENTED_EDGE ( 'NONE', *, *, #4997, .F. ) ;
#5086 = DIRECTION ( 'NONE',  ( 0.0000000000000000000, 0.0000000000000000000, 1.000000000000000000 ) ) ;
#5087 = AXIS2_PLACEMENT_3D ( 'NONE', #6168, #3269, #471 ) ;
#5088 = EDGE_CURVE ( 'NONE', #4716, #2729, #67, .T. ) ;
#5089 = CARTESIAN_POINT ( 'NONE',  ( -0.1713053717698939700, 0.8000000000000002700, -0.6681270267634343800 ) ) ;
#5090 = FACE_OUTER_BOUND ( 'NONE', #5198, .T. ) ;
#5091 = ORIENTED_EDGE ( 'NONE', *, *, #6100, .F. ) ;
#5092 = DIRECTION ( 'NONE',  ( -1.000000000000000000, 0.0000000000000000000, -8.881784197001252300E-016 ) ) ;
#5093 = ORIENTED_EDGE ( 'NONE', *, *, #2775, .T. ) ;
#5094 = CARTESIAN_POINT ( 'NONE',  ( -0.3528625246544221400, 1.416935847553724800, -0.5918697443422203900 ) ) ;
#5095 = CARTESIAN_POINT ( 'NONE',  ( -0.7838367176906000400, 1.200000000000000000, 1.260000000000000000 ) ) ;
#5096 = CARTESIAN_POINT ( 'NONE',  ( 0.6049725677420999500, 1.149999999999999900, -0.1583814478701613700 ) ) ;
#5097 = ORIENTED_EDGE ( 'NONE', *, *, #862, .T. ) ;
#5098 = EDGE_LOOP ( 'NONE', ( #2652, #2619, #1157, #934, #1667, #456 ) ) ;
#5099 = B_SPLINE_CURVE_WITH_KNOTS ( 'NONE', 3,
 ( #352, #376, #671, #326, #289, #243 ),
 .UNSPECIFIED., .F., .F.,
 ( 4, 2, 4 ),
 ( 0.5000000000000000000, 0.7500000000000000000, 1.000000000000000000 ),
 .UNSPECIFIED. ) ;
#5100 = EDGE_CURVE ( 'NONE', #2907, #5250, #3509, .T. ) ;
#5101 = ORIENTED_EDGE ( 'NONE', *, *, #1275, .T. ) ;
#5102 = CARTESIAN_POINT ( 'NONE',  ( -0.3190610292771000100, 1.438117475729000100, -0.6001615385040001100 ) ) ;
#5103 = CARTESIAN_POINT ( 'NONE',  ( 0.5476602930586000900, 1.505066622892000400, 0.3532965607903000800 ) ) ;
#5104 = CARTESIAN_POINT ( 'NONE',  ( 0.1722722797856325600, 0.9000000000000003600, 0.6710648248334281100 ) ) ;
#5105 = CARTESIAN_POINT ( 'NONE',  ( -0.2700000000000000200, 0.0000000000000000000, 0.02853981633975000200 ) ) ;
#5106 = PRESENTATION_STYLE_ASSIGNMENT (( #5604 ) ) ;
#5107 = ADVANCED_FACE ( 'NONE', ( #2256, #2415 ), #454, .T. ) ;
#5108 = ORIENTED_EDGE ( 'NONE', *, *, #341, .F. ) ;
#5109 = EDGE_LOOP ( 'NONE', ( #5928, #4411, #281, #1186 ) ) ;
#5110 = CARTESIAN_POINT ( 'NONE',  ( -0.5999999999999999800, 0.02000000000000000000, -1.149999999999999900 ) ) ;
#5111 = LINE ( 'NONE', #5751, #3827 ) ;
#5112 = CARTESIAN_POINT ( 'NONE',  ( 1.350000000000000100, 0.8000000000000000400, 1.100000000000000100 ) ) ;
#5113 = CARTESIAN_POINT ( 'NONE',  ( 0.6281619249075965900, 0.8000000000000000400, -0.2720329641399286700 ) ) ;
#5114 = ORIENTED_EDGE ( 'NONE', *, *, #5944, .T. ) ;
#5115 = ORIENTED_EDGE ( 'NONE', *, *, #4208, .T. ) ;
#5116 = CARTESIAN_POINT ( 'NONE',  ( -0.1583814478701614800, 1.149999999999999900, -0.6049725677420998400 ) ) ;
#5117 = VECTOR ( 'NONE', #3505, 1000.000000000000000 ) ;
#5118 = EDGE_CURVE ( 'NONE', #84, #2960, #5471, .T. ) ;
#5119 = CARTESIAN_POINT ( 'NONE',  ( 0.2352112602623310000, 1.099625858879944100, -1.367479433118000000 ) ) ;
#5120 = DIRECTION ( 'NONE',  ( 0.0000000000000000000, -9.035018104045863100E-016, -1.000000000000000000 ) ) ;
#5121 = EDGE_CURVE ( 'NONE', #942, #805, #2102, .T. ) ;
#5122 = CARTESIAN_POINT ( 'NONE',  ( 0.3157876092791416200, 1.150000000000000100, -0.5397728008854118000 ) ) ;
#5123 = ORIENTED_EDGE ( 'NONE', *, *, #1067, .F. ) ;
#5124 = CIRCLE ( 'NONE', #2539, 0.1200000000000000900 ) ;
#5125 = CARTESIAN_POINT ( 'NONE',  ( -0.3000594416383000100, 1.449437995827000100, -0.6780417786699999300 ) ) ;
#5126 = CARTESIAN_POINT ( 'NONE',  ( 0.6150675703468998500, 1.406250990127000200, 0.3197164306340000200 ) ) ;
#5127 = CARTESIAN_POINT ( 'NONE',  ( 0.01889993167819505400, 0.6500000000000001300, -0.3000334351569608500 ) ) ;
#5128 = CARTESIAN_POINT ( 'NONE',  ( 0.2500000000000000000, -0.1000000000000000100, -1.631460183660000200 ) ) ;
#5129 = AXIS2_PLACEMENT_3D ( 'NONE', #5052, #6011, #3117 ) ;
#5130 = ORIENTED_EDGE ( 'NONE', *, *, #2164, .F. ) ;
#5131 = CARTESIAN_POINT ( 'NONE',  ( 0.1480139958882913400, 0.6500000000000001300, 0.2617869430475350300 ) ) ;
#5132 = FILL_AREA_STYLE ('',( #1778 ) ) ;
#5133 = EDGE_LOOP ( 'NONE', ( #5019, #3936, #3904, #3494 ) ) ;
#5134 = CARTESIAN_POINT ( 'NONE',  ( -9.307315673519884700E-017, 0.8100000000000000500, 0.7600000000000122200 ) ) ;
#5135 = ADVANCED_FACE ( 'NONE', ( #4670 ), #1874, .T. ) ;
#5136 = B_SPLINE_CURVE_WITH_KNOTS ( 'NONE', 3,
 ( #2296, #2697, #2672, #2716, #2760, #3096 ),
 .UNSPECIFIED., .F., .F.,
 ( 4, 2, 4 ),
 ( 0.0000000000000000000, 0.5000000000000000000, 1.000000000000000000 ),
 .UNSPECIFIED. ) ;
#5137 = CARTESIAN_POINT ( 'NONE',  ( -0.9846856982453949800, 1.561383992050845400, -0.3000000000000476700 ) ) ;
#5138 = EDGE_CURVE ( 'NONE', #3225, #810, #2579, .T. ) ;
#5139 = CARTESIAN_POINT ( 'NONE',  ( -0.5092441906944948900, 1.599999999999999900, -1.411455617522288500 ) ) ;
#5140 = VECTOR ( 'NONE', #804, 1000.000000000000000 ) ;
#5141 = B_SPLINE_CURVE_WITH_KNOTS ( 'NONE', 3,
 ( #1978, #1952, #2276, #2299 ),
 .UNSPECIFIED., .F., .F.,
 ( 4, 4 ),
 ( 0.0000000000000000000, 1.000000000000000000 ),
 .UNSPECIFIED. ) ;
#5142 = ADVANCED_BREP_SHAPE_REPRESENTATION ( '35WR100KLFTR', ( #3608, #1540 ), #4195 ) ;
#5143 = CARTESIAN_POINT ( 'NONE',  ( 1.500000000000000200, 0.8000000000000000400, -1.100000000000000100 ) ) ;
#5144 = CARTESIAN_POINT ( 'NONE',  ( 0.6792835981370999300, 1.446745747296000400, 0.3000570388370000800 ) ) ;
#5145 = CARTESIAN_POINT ( 'NONE',  ( 0.2719153204249722400, 0.6500000000000001300, -0.1280746953212060800 ) ) ;
#5146 = CARTESIAN_POINT ( 'NONE',  ( 0.5896639886848064100, 1.421541579262436800, -0.3527445481157501800 ) ) ;
#5147 = DIRECTION ( 'NONE',  ( 0.0000000000000000000, -0.0000000000000000000, -1.000000000000000000 ) ) ;
#5148 = LINE ( 'NONE', #347, #236 ) ;
#5149 = CARTESIAN_POINT ( 'NONE',  ( 0.0000000000000000000, 1.416935847572631200, 0.0000000000000000000 ) ) ;
#5150 = CARTESIAN_POINT ( 'NONE',  ( 0.8949795271745167900, 1.099999999999999900, 1.084898435361393700 ) ) ;
#5151 = CONICAL_SURFACE ( 'NONE', #351, 1.029371616141361300, 1.169370598888430600 ) ;
#5152 = CARTESIAN_POINT ( 'NONE',  ( 1.007383371169879000, 1.700000000003883500, -0.4796188333398753200 ) ) ;
#5153 = DIRECTION ( 'NONE',  ( 0.0000000000000000000, 1.000000000000000000, -0.0000000000000000000 ) ) ;
#5154 = EDGE_CURVE ( 'NONE', #3585, #1247, #2996, .T. ) ;
#5155 = ORIENTED_EDGE ( 'NONE', *, *, #3051, .T. ) ;
#5156 = CARTESIAN_POINT ( 'NONE',  ( -1.199999999999999700, 0.0000000000000000000, 1.680000000000000200 ) ) ;
#5157 = LINE ( 'NONE', #718, #5005 ) ;
#5158 = DIRECTION ( 'NONE',  ( 0.0000000000000000000, 0.0000000000000000000, 1.000000000000000000 ) ) ;
#5159 = ORIENTED_EDGE ( 'NONE', *, *, #3248, .T. ) ;
#5160 = AXIS2_PLACEMENT_3D ( 'NONE', #4504, #4447, #4423 ) ;
#5161 = CARTESIAN_POINT ( 'NONE',  ( -0.3508894535387003800, 1.490977220713799200, 0.5562224419869806800 ) ) ;
#5162 = FACE_OUTER_BOUND ( 'NONE', #4019, .T. ) ;
#5163 = ORIENTED_EDGE ( 'NONE', *, *, #5524, .T. ) ;
#5164 = CARTESIAN_POINT ( 'NONE',  ( 0.6842078896604000300, 0.9399999999999999500, -8.379130020239744000E-017 ) ) ;
#5165 = CARTESIAN_POINT ( 'NONE',  ( 0.7838367176906000400, 1.489893766851915900, 1.308815536468909600 ) ) ;
#5166 = CARTESIAN_POINT ( 'NONE',  ( 0.4633975756960150300, 0.8099999999999999400, -0.6112999394516390700 ) ) ;
#5167 = CARTESIAN_POINT ( 'NONE',  ( -0.3554106819037999900, 1.428585451625999900, 0.5846535096795999500 ) ) ;
#5168 = ADVANCED_FACE ( 'NONE', ( #4507 ), #5632, .T. ) ;
#5169 = ORIENTED_EDGE ( 'NONE', *, *, #161, .T. ) ;
#5170 = CARTESIAN_POINT ( 'NONE',  ( 0.03779986335639010100, 0.6500000000000001300, 0.2999331296860781600 ) ) ;
#5171 = ORIENTED_EDGE ( 'NONE', *, *, #4007, .F. ) ;
#5172 = VERTEX_POINT ( 'NONE', #997 ) ;
#5173 = ORIENTED_EDGE ( 'NONE', *, *, #2846, .F. ) ;
#5174 = CARTESIAN_POINT ( 'NONE',  ( 1.387616244634646700, 1.100000000000000300, -0.1976134681902415600 ) ) ;
#5175 = AXIS2_PLACEMENT_3D ( 'NONE', #5514, #4086, #1265 ) ;
#5176 = ORIENTED_EDGE ( 'NONE', *, *, #2640, .F. ) ;
#5177 = ORIENTED_EDGE ( 'NONE', *, *, #5324, .F. ) ;
#5178 = PLANE ( 'NONE',  #714 ) ;
#5179 = EDGE_CURVE ( 'NONE', #2371, #425, #1970, .T. ) ;
#5180 = CARTESIAN_POINT ( 'NONE',  ( 0.5940617356484000400, 1.408967367992000100, -0.3559196616493999200 ) ) ;
#5181 = B_SPLINE_CURVE_WITH_KNOTS ( 'NONE', 3,
 ( #5919, #4482, #4976, #2093 ),
 .UNSPECIFIED., .F., .F.,
 ( 4, 4 ),
 ( 0.0000000000000000000, 1.000000000000000000 ),
 .UNSPECIFIED. ) ;
#5182 = CARTESIAN_POINT ( 'NONE',  ( -0.7366546101032581700, 0.8100000000000002800, -0.1887110101151036300 ) ) ;
#5183 = CARTESIAN_POINT ( 'NONE',  ( -0.6500000000000001300, 0.0000000000000000000, 1.000000000000000000 ) ) ;
#5184 = ORIENTED_EDGE ( 'NONE', *, *, #1611, .F. ) ;
#5185 = DIRECTION ( 'NONE',  ( 0.0000000000000000000, 1.000000000000000000, 0.0000000000000000000 ) ) ;
#5186 = LINE ( 'NONE', #3753, #2608 ) ;
#5187 = EDGE_CURVE ( 'NONE', #1706, #3967, #5802, .T. ) ;
#5188 = CARTESIAN_POINT ( 'NONE',  ( -0.7382871643913756500, 0.7999999999999999300, 1.808282025446947900E-016 ) ) ;
#5189 = VERTEX_POINT ( 'NONE', #4783 ) ;
#5190 = CARTESIAN_POINT ( 'NONE',  ( 1.058300524439611500, 1.700000000010851300, -0.3000000000026190100 ) ) ;
#5191 = CARTESIAN_POINT ( 'NONE',  ( -0.2999999999999861100, 1.200000000000000000, -1.367479433117936700 ) ) ;
#5192 = CARTESIAN_POINT ( 'NONE',  ( -0.2980733727164999200, 1.486154142474999800, 0.6163994408217999800 ) ) ;
#5193 = EDGE_LOOP ( 'NONE', ( #3746, #5819, #6127, #2104 ) ) ;
#5194 = LINE ( 'NONE', #4501, #2479 ) ;
#5195 = CARTESIAN_POINT ( 'NONE',  ( 0.9473748020761214600, 1.600000000000000800, -0.7179269646785300100 ) ) ;
#5196 = ORIENTED_EDGE ( 'NONE', *, *, #2529, .F. ) ;
#5197 = CARTESIAN_POINT ( 'NONE',  ( 0.4608963797037438600, 1.100000000000000100, -1.324949454955156800 ) ) ;
#5198 = EDGE_LOOP ( 'NONE', ( #1105, #5613, #4270, #447 ) ) ;
#5199 = CARTESIAN_POINT ( 'NONE',  ( -0.4633975756960082600, 0.7999999999999999300, -0.6112999394516565000 ) ) ;
#5200 = VECTOR ( 'NONE', #4155, 1000.000000000000000 ) ;
#5201 = CARTESIAN_POINT ( 'NONE',  ( 1.199999999999999700, 0.0000000000000000000, 1.680000000000000200 ) ) ;
#5202 = PLANE ( 'NONE',  #1344 ) ;
#5203 = CARTESIAN_POINT ( 'NONE',  ( -0.5999999999999999800, 0.02000000000000000000, -1.149999999999999900 ) ) ;
#5204 = CARTESIAN_POINT ( 'NONE',  ( 0.6150675885116000400, 1.406250946817999800, -0.3197164303404999600 ) ) ;
#5205 = ADVANCED_FACE ( 'NONE', ( #3377 ), #529, .F. ) ;
#5206 = EDGE_CURVE ( 'NONE', #6051, #3355, #3060, .T. ) ;
#5207 = ORIENTED_EDGE ( 'NONE', *, *, #5067, .F. ) ;
#5208 = CARTESIAN_POINT ( 'NONE',  ( 0.6337405826563289300, 1.530703003235164900, 0.2999999999503525900 ) ) ;
#5209 = DIRECTION ( 'NONE',  ( 0.2665025992376348600, 0.9638341997457782200, 0.0000000000000000000 ) ) ;
#5210 = CARTESIAN_POINT ( 'NONE',  ( -3.422764523591694200E-014, 1.700000000000000000, -1.500000000000000000 ) ) ;
#5211 = CARTESIAN_POINT ( 'NONE',  ( -0.7382871643913756500, 0.7999999999999999300, 0.0000000000000000000 ) ) ;
#5212 = CIRCLE ( 'NONE', #6002, 0.02000000000000005200 ) ;
#5213 = EDGE_LOOP ( 'NONE', ( #201, #4725, #1282, #2480 ) ) ;
#5214 = EDGE_CURVE ( 'NONE', #589, #1110, #887, .T. ) ;
#5215 = LINE ( 'NONE', #303, #3605 ) ;
#5216 = ORIENTED_EDGE ( 'NONE', *, *, #2473, .T. ) ;
#5217 = CARTESIAN_POINT ( 'NONE',  ( 0.5397728008854115700, 0.8999999999999999100, 0.3157876092791420700 ) ) ;
#5218 = DIRECTION ( 'NONE',  ( 0.0000000000000000000, 1.000000000000000000, 0.0000000000000000000 ) ) ;
#5219 = DIRECTION ( 'NONE',  ( 0.0000000000000000000, 0.0000000000000000000, -1.000000000000000000 ) ) ;
#5220 = CARTESIAN_POINT ( 'NONE',  ( 0.5940037824653999800, 1.534231302203000100, -0.2975490776325999700 ) ) ;
#5221 = CYLINDRICAL_SURFACE ( 'NONE', #4555, 0.02000000000000005200 ) ;
#5222 = ORIENTED_EDGE ( 'NONE', *, *, #4795, .F. ) ;
#5223 = CARTESIAN_POINT ( 'NONE',  ( -0.5653048445060487900, 1.472216509958246000, 0.3514095781395629700 ) ) ;
#5224 = EDGE_CURVE ( 'NONE', #4644, #5376, #3690, .T. ) ;
#5225 = CARTESIAN_POINT ( 'NONE',  ( -0.5999999999999999800, 0.02000000000000000000, -1.000000000000000000 ) ) ;
#5226 = CARTESIAN_POINT ( 'NONE',  ( -0.6500000000000001300, -0.09999999999999996400, 1.680000000000000200 ) ) ;
#5227 = CARTESIAN_POINT ( 'NONE',  ( 0.5999999999999999800, 0.8000000000000000400, 1.700000000000000000 ) ) ;
#5228 = CARTESIAN_POINT ( 'NONE',  ( 5.410954283830000700, 0.02000000000000000000, 1.700000000000000200 ) ) ;
#5229 = FACE_OUTER_BOUND ( 'NONE', #4198, .T. ) ;
#5230 = CARTESIAN_POINT ( 'NONE',  ( -1.406427057979497100, 1.200000000000000200, 0.2282966060757768400 ) ) ;
#5231 = VERTEX_POINT ( 'NONE', #5298 ) ;
#5232 = CARTESIAN_POINT ( 'NONE',  ( 0.8339238904661527800, 1.201429302594835300, 1.124581656359370700 ) ) ;
#5233 = ADVANCED_FACE ( 'NONE', ( #4201 ), #1511, .T. ) ;
#5234 = CARTESIAN_POINT ( 'NONE',  ( 0.6500000000000001300, 0.02000000000000001800, 1.800000000000000300 ) ) ;
#5235 = LINE ( 'NONE', #853, #1430 ) ;
#5236 = VERTEX_POINT ( 'NONE', #78 ) ;
#5237 = DIRECTION ( 'NONE',  ( -0.0000000000000000000, -1.000000000000000000, -0.0000000000000000000 ) ) ;
#5238 = EDGE_CURVE ( 'NONE', #4118, #3742, #1668, .T. ) ;
#5239 = DIRECTION ( 'NONE',  ( -1.000000000000000000, -0.0000000000000000000, -0.0000000000000000000 ) ) ;
#5240 = FACE_OUTER_BOUND ( 'NONE', #2247, .T. ) ;
#5241 = EDGE_CURVE ( 'NONE', #1876, #2111, #2915, .T. ) ;
#5242 = DIRECTION ( 'NONE',  ( 0.0000000000000000000, 1.000000000000000000, 0.0000000000000000000 ) ) ;
#5243 = ORIENTED_EDGE ( 'NONE', *, *, #4533, .F. ) ;
#5244 = DIRECTION ( 'NONE',  ( -1.000000000000000000, -0.0000000000000000000, -0.0000000000000000000 ) ) ;
#5245 = CARTESIAN_POINT ( 'NONE',  ( -0.6000000000000000900, 3.916119999999999400, 1.600000000000000100 ) ) ;
#5246 = VECTOR ( 'NONE', #4105, 1000.000000000000000 ) ;
#5247 = ORIENTED_EDGE ( 'NONE', *, *, #5675, .T. ) ;
#5248 = CARTESIAN_POINT ( 'NONE',  ( 0.08455389725857606600, 0.9405670483014922900, -0.9738101797978000500 ) ) ;
#5249 = AXIS2_PLACEMENT_3D ( 'NONE', #2346, #3319, #3337 ) ;
#5250 = VERTEX_POINT ( 'NONE', #3913 ) ;
#5251 = AXIS2_PLACEMENT_3D ( 'NONE', #10, #2368, #5735 ) ;
#5252 = ORIENTED_EDGE ( 'NONE', *, *, #5871, .T. ) ;
#5253 = PLANE ( 'NONE',  #2611 ) ;
#5254 = CARTESIAN_POINT ( 'NONE',  ( -0.3157876092791420100, 0.8999999999999999100, 0.5397728008854115700 ) ) ;
#5255 = CARTESIAN_POINT ( 'NONE',  ( -0.2500000000000000000, -0.09999999999999999200, -1.682876110195898000 ) ) ;
#5256 = VERTEX_POINT ( 'NONE', #4869 ) ;
#5257 = DIRECTION ( 'NONE',  ( 0.0000000000000000000, 1.000000000000000000, 0.0000000000000000000 ) ) ;
#5258 = EDGE_LOOP ( 'NONE', ( #1755, #5108, #3423, #28, #2337, #3650 ) ) ;
#5259 = ORIENTED_EDGE ( 'NONE', *, *, #647, .T. ) ;
#5260 = ORIENTED_EDGE ( 'NONE', *, *, #5238, .F. ) ;
#5261 = CARTESIAN_POINT ( 'NONE',  ( -0.2344583899992474200, 0.8099999999999999400, 0.7233437934696849100 ) ) ;
#5262 = ORIENTED_EDGE ( 'NONE', *, *, #1569, .F. ) ;
#5263 = DIRECTION ( 'NONE',  ( 0.0000000000000000000, -0.0000000000000000000, 1.000000000000000000 ) ) ;
#5264 = B_SPLINE_CURVE_WITH_KNOTS ( 'NONE', 3,
 ( #5608, #1803, #5630, #2734 ),
 .UNSPECIFIED., .F., .F.,
 ( 4, 4 ),
 ( 0.0000000000000000000, 1.000000000000000000 ),
 .UNSPECIFIED. ) ;
#5265 = CARTESIAN_POINT ( 'NONE',  ( 1.058300524439611500, 1.700000000010851300, -0.3000000000026190100 ) ) ;
#5266 = CARTESIAN_POINT ( 'NONE',  ( -0.2999999999999941600, 1.200000000000000000, -0.9264481994573832100 ) ) ;
#5267 = EDGE_CURVE ( 'NONE', #5353, #2237, #5477, .T. ) ;
#5268 = ORIENTED_EDGE ( 'NONE', *, *, #3573, .F. ) ;
#5269 = CARTESIAN_POINT ( 'NONE',  ( -0.2999999999999999900, 1.572975568590953900, -0.7439231976220499500 ) ) ;
#5270 = EDGE_LOOP ( 'NONE', ( #2956, #2919, #1591, #1217 ) ) ;
#5271 = CARTESIAN_POINT ( 'NONE',  ( 0.2999999999999721800, 1.200000000000000000, -1.367479433117873200 ) ) ;
#5272 = ADVANCED_FACE ( 'NONE', ( #439 ), #3901, .T. ) ;
#5273 = VECTOR ( 'NONE', #971, 1000.000000000000000 ) ;
#5274 = CARTESIAN_POINT ( 'NONE',  ( 0.2400000000000000200, 1.100000000000000100, -1.367479433118000000 ) ) ;
#5275 = CARTESIAN_POINT ( 'NONE',  ( -0.2999999998571950500, 1.530703003293021100, 0.6337405828477753500 ) ) ;
#5276 = DIRECTION ( 'NONE',  ( 0.0000000000000000000, -9.035018104045847300E-016, -1.000000000000000000 ) ) ;
#5277 = ORIENTED_EDGE ( 'NONE', *, *, #2627, .F. ) ;
#5278 = CARTESIAN_POINT ( 'NONE',  ( 0.2344583899992473100, 0.8000000000000001600, 0.7233437934696849100 ) ) ;
#5279 = CARTESIAN_POINT ( 'NONE',  ( -0.2400000000000000500, 1.200000000000000000, -0.9738101797978002700 ) ) ;
#5280 = VERTEX_POINT ( 'NONE', #5862 ) ;
#5281 = ORIENTED_EDGE ( 'NONE', *, *, #4505, .T. ) ;
#5282 = LINE ( 'NONE', #3022, #363 ) ;
#5283 = CARTESIAN_POINT ( 'NONE',  ( -0.8854431780755984700, 1.629407900803715200, -0.2999999999999999900 ) ) ;
#5284 = CARTESIAN_POINT ( 'NONE',  ( 0.2400000000000000200, 1.100000000000000100, -0.9738101797978002700 ) ) ;
#5285 = ORIENTED_EDGE ( 'NONE', *, *, #1987, .T. ) ;
#5286 = FACE_BOUND ( 'NONE', #3953, .T. ) ;
#5287 = EDGE_CURVE ( 'NONE', #5045, #4016, #282, .T. ) ;
#5288 = VERTEX_POINT ( 'NONE', #4892 ) ;
#5289 = CARTESIAN_POINT ( 'NONE',  ( 0.0000000000000000000, -0.05000000000000000300, -1.851460183660000000 ) ) ;
#5290 = CARTESIAN_POINT ( 'NONE',  ( 1.175747962037909200, 1.200000000000000200, -0.8048435497202467400 ) ) ;
#5291 = CARTESIAN_POINT ( 'NONE',  ( 0.3021292665241329700, 0.8000000000000001600, -0.6977625521847621300 ) ) ;
#5292 = CARTESIAN_POINT ( 'NONE',  ( 0.6790520221695108800, 1.439558585355854600, 0.2999999994212074700 ) ) ;
#5293 = CARTESIAN_POINT ( 'NONE',  ( 0.1885940547557309100, 0.8000000000000000400, 0.7367008197904247900 ) ) ;
#5294 = CARTESIAN_POINT ( 'NONE',  ( -0.1339782380279631600, 1.119315285916010300, -0.9738101797978002700 ) ) ;
#5295 = VECTOR ( 'NONE', #2683, 1000.000000000000000 ) ;
#5296 = DIRECTION ( 'NONE',  ( -1.000000000000000000, 0.0000000000000000000, 0.0000000000000000000 ) ) ;
#5297 = PLANE ( 'NONE',  #3568 ) ;
#5298 = CARTESIAN_POINT ( 'NONE',  ( -0.6500000000000001300, 0.02000000000000002500, 1.800000000000000300 ) ) ;
#5299 = ADVANCED_FACE ( 'NONE', ( #1536 ), #5040, .T. ) ;
#5300 = AXIS2_PLACEMENT_3D ( 'NONE', #882, #4172, #1346 ) ;
#5301 = FACE_OUTER_BOUND ( 'NONE', #3140, .T. ) ;
#5302 = ORIENTED_EDGE ( 'NONE', *, *, #5088, .T. ) ;
#5303 = B_SPLINE_CURVE_WITH_KNOTS ( 'NONE', 3,
 ( #3895, #607, #5358, #2470 ),
 .UNSPECIFIED., .F., .F.,
 ( 4, 4 ),
 ( 0.0000000000000000000, 1.000000000000000000 ),
 .UNSPECIFIED. ) ;
#5304 = EDGE_CURVE ( 'NONE', #1245, #4668, #137, .T. ) ;
#5305 = CARTESIAN_POINT ( 'NONE',  ( 1.200000000000000000, 0.8000000000000000400, 1.680000000000000200 ) ) ;
#5306 = VECTOR ( 'NONE', #323, 1000.000000000000000 ) ;
#5307 = CARTESIAN_POINT ( 'NONE',  ( 0.3561897335751999500, 1.398397108415000000, -0.5991209914322999100 ) ) ;
#5308 = EDGE_CURVE ( 'NONE', #2079, #2914, #417, .T. ) ;
#5309 = LINE ( 'NONE', #385, #5968 ) ;
#5310 = CARTESIAN_POINT ( 'NONE',  ( 0.2999999999988575700, 1.439558585074948400, -0.6790520212250901200 ) ) ;
#5311 = CARTESIAN_POINT ( 'NONE',  ( -0.6500000000000001300, -0.09999999999999995000, 1.000000000000000000 ) ) ;
#5312 = ORIENTED_EDGE ( 'NONE', *, *, #5324, .T. ) ;
#5313 = CARTESIAN_POINT ( 'NONE',  ( 0.2400000000000000200, 1.100000000000000100, -1.367479433118000000 ) ) ;
#5314 = CARTESIAN_POINT ( 'NONE',  ( -0.5500000000000000400, 0.0000000000000000000, 1.550000000000000300 ) ) ;
#5315 = LINE ( 'NONE', #3379, #2585 ) ;
#5316 = CARTESIAN_POINT ( 'NONE',  ( 0.2416035638255966400, 1.100000000008094500, 0.9228576348350872000 ) ) ;
#5317 = CARTESIAN_POINT ( 'NONE',  ( -0.5637134491009000400, 1.472017274578000000, 0.3542375810840000500 ) ) ;
#5318 = PLANE ( 'NONE',  #1260 ) ;
#5319 = EDGE_LOOP ( 'NONE', ( #35, #2487, #797, #3034, #4399 ) ) ;
#5320 = LINE ( 'NONE', #3271, #1513 ) ;
#5321 = VERTEX_POINT ( 'NONE', #4910 ) ;
#5322 = VERTEX_POINT ( 'NONE', #5895 ) ;
#5323 = CARTESIAN_POINT ( 'NONE',  ( -0.7439231979438523100, 1.572975568707650800, 0.2999999999999999900 ) ) ;
#5324 = EDGE_CURVE ( 'NONE', #6129, #4224, #1394, .T. ) ;
#5325 = EDGE_CURVE ( 'NONE', #577, #5749, #2050, .T. ) ;
#5326 = ORIENTED_EDGE ( 'NONE', *, *, #2589, .F. ) ;
#5327 = ORIENTED_EDGE ( 'NONE', *, *, #1170, .T. ) ;
#5328 = CARTESIAN_POINT ( 'NONE',  ( -0.02820344264906971700, 0.1500000000000000500, -0.2002281100949288000 ) ) ;
#5329 = ORIENTED_EDGE ( 'NONE', *, *, #2254, .T. ) ;
#5330 = CARTESIAN_POINT ( 'NONE',  ( 0.2987566060988999800, 1.421933828253000100, -0.6460828863887000400 ) ) ;
#5331 = ORIENTED_EDGE ( 'NONE', *, *, #4337, .F. ) ;
#5332 = CARTESIAN_POINT ( 'NONE',  ( -0.1470011937490098600, 1.166414151524212400, -0.9738101797978001600 ) ) ;
#5333 = ORIENTED_EDGE ( 'NONE', *, *, #104, .F. ) ;
#5334 = CARTESIAN_POINT ( 'NONE',  ( 0.6049725677420999500, 1.149999999999999900, -5.186144030601225300E-017 ) ) ;
#5335 = B_SPLINE_CURVE_WITH_KNOTS ( 'NONE', 3,
 ( #1824, #3760, #5522, #5293, #5278, #5659, #5732, #404, #451, #975, #991, #1728, #1750, #1766, #2300, #2324 ),
 .UNSPECIFIED., .F., .F.,
 ( 4, 1, 2, 2, 2, 1, 2, 2, 4 ),
 ( 0.5000000000000000000, 0.5624999999999998900, 0.5937499999999998900, 0.6249999999999998900, 0.7500000000000000000, 0.8125000000000000000, 0.8437500000000000000, 0.8750000000000000000, 1.000000000000000000 ),
 .UNSPECIFIED. ) ;
#5336 = AXIS2_PLACEMENT_3D ( 'NONE', #149, #3432, #630 ) ;
#5337 = DIRECTION ( 'NONE',  ( 0.0000000000000000000, 1.000000000000000000, 0.0000000000000000000 ) ) ;
#5338 = VERTEX_POINT ( 'NONE', #2561 ) ;
#5339 = CARTESIAN_POINT ( 'NONE',  ( -0.5999805590464001300, 1.521433220057000000, 0.2976895210209000200 ) ) ;
#5340 = EDGE_CURVE ( 'NONE', #410, #1787, #801, .T. ) ;
#5341 = DIRECTION ( 'NONE',  ( -1.000000000000000000, -0.0000000000000000000, -0.0000000000000000000 ) ) ;
#5342 = LINE ( 'NONE', #2774, #274 ) ;
#5343 = EDGE_LOOP ( 'NONE', ( #441, #1735, #3556, #1967 ) ) ;
#5344 = B_SPLINE_CURVE_WITH_KNOTS ( 'NONE', 3,
 ( #1156, #3975, #4964, #2077 ),
 .UNSPECIFIED., .F., .F.,
 ( 4, 4 ),
 ( 0.0000000000000000000, 1.000000000000000000 ),
 .UNSPECIFIED. ) ;
#5345 = EDGE_LOOP ( 'NONE', ( #261, #4251, #4206, #3955 ) ) ;
#5346 = EDGE_LOOP ( 'NONE', ( #1913, #6069, #2690, #867 ) ) ;
#5347 = DIRECTION ( 'NONE',  ( 1.000000000000000000, -0.0000000000000000000, -0.0000000000000000000 ) ) ;
#5348 = DIRECTION ( 'NONE',  ( -0.0000000000000000000, 0.0000000000000000000, -1.000000000000000000 ) ) ;
#5349 = VECTOR ( 'NONE', #3420, 1000.000000000000000 ) ;
#5350 = EDGE_CURVE ( 'NONE', #5398, #5027, #5194, .T. ) ;
#5351 = EDGE_LOOP ( 'NONE', ( #4364, #3394, #5610, #3841 ) ) ;
#5352 = DIRECTION ( 'NONE',  ( 0.0000000000000000000, 0.0000000000000000000, -1.000000000000000000 ) ) ;
#5353 = VERTEX_POINT ( 'NONE', #1639 ) ;
#5354 = FACE_OUTER_BOUND ( 'NONE', #5319, .T. ) ;
#5355 = CARTESIAN_POINT ( 'NONE',  ( -0.1899548974741701900, 1.200000000000000000, -0.9738101797978001600 ) ) ;
#5356 = ORIENTED_EDGE ( 'NONE', *, *, #288, .T. ) ;
#5357 = CARTESIAN_POINT ( 'NONE',  ( 0.2779113193416791700, 1.157583416801716300, 0.5558226386833586800 ) ) ;
#5358 = CARTESIAN_POINT ( 'NONE',  ( 0.2999999998760458600, 1.469968614880675400, -0.6640187621041212500 ) ) ;
#5359 = CARTESIAN_POINT ( 'NONE',  ( 1.200000000000000000, 0.3499999999999999800, 1.000000000000000000 ) ) ;
#5360 = EDGE_CURVE ( 'NONE', #4932, #4110, #3747, .T. ) ;
#5361 = LINE ( 'NONE', #4057, #1688 ) ;
#5362 = ORIENTED_EDGE ( 'NONE', *, *, #4111, .T. ) ;
#5363 = CARTESIAN_POINT ( 'NONE',  ( 0.1213001124971643800, 0.1500000000000000500, 0.1611661028053759100 ) ) ;
#5364 = FACE_OUTER_BOUND ( 'NONE', #56, .T. ) ;
#5365 = AXIS2_PLACEMENT_3D ( 'NONE', #3400, #3999, #4252 ) ;
#5366 = AXIS2_PLACEMENT_3D ( 'NONE', #4034, #5956, #4527 ) ;
#5367 = PLANE ( 'NONE',  #5925 ) ;
#5368 = DIRECTION ( 'NONE',  ( -1.000000000000000000, -0.0000000000000000000, -0.0000000000000000000 ) ) ;
#5369 = VECTOR ( 'NONE', #3538, 1000.000000000000000 ) ;
#5370 = B_SPLINE_CURVE_WITH_KNOTS ( 'NONE', 3,
 ( #2155, #5043, #2630, #6000 ),
 .UNSPECIFIED., .F., .F.,
 ( 4, 4 ),
 ( 0.5000000000000000000, 1.000000000000000000 ),
 .UNSPECIFIED. ) ;
#5371 = CARTESIAN_POINT ( 'NONE',  ( 0.0000000000000000000, 0.05000000000000000300, 0.2000000000000000100 ) ) ;
#5372 = PLANE ( 'NONE',  #2811 ) ;
#5373 = FACE_OUTER_BOUND ( 'NONE', #1557, .T. ) ;
#5374 = EDGE_CURVE ( 'NONE', #2533, #5561, #334, .T. ) ;
#5375 = CARTESIAN_POINT ( 'NONE',  ( 0.0000000000000000000, -0.1000000000000000100, -1.851460183660000000 ) ) ;
#5376 = VERTEX_POINT ( 'NONE', #2581 ) ;
#5377 = DIRECTION ( 'NONE',  ( -0.0000000000000000000, 0.0000000000000000000, -1.000000000000000000 ) ) ;
#5378 = CARTESIAN_POINT ( 'NONE',  ( 0.7838367176906000400, 1.173820061220084900, 1.260000000000000200 ) ) ;
#5379 = VECTOR ( 'NONE', #5368, 1000.000000000000000 ) ;
#5380 = DIRECTION ( 'NONE',  ( 0.0000000000000000000, 1.000000000000000000, -0.0000000000000000000 ) ) ;
#5381 = EDGE_LOOP ( 'NONE', ( #631, #594, #3730, #3882, #2100, #5431, #5787, #532 ) ) ;
#5382 = CARTESIAN_POINT ( 'NONE',  ( -1.200000000000000000, -0.1000000000000000100, 1.680000000000000200 ) ) ;
#5383 = LINE ( 'NONE', #4052, #3937 ) ;
#5384 = CARTESIAN_POINT ( 'NONE',  ( 0.6458032900220098700, 1.700000000003883300, -0.9098316285998417900 ) ) ;
#5385 = CARTESIAN_POINT ( 'NONE',  ( 1.300000000000000300, 0.4000000000000000200, -1.300000000000000300 ) ) ;
#5386 = ORIENTED_EDGE ( 'NONE', *, *, #255, .F. ) ;
#5387 = CARTESIAN_POINT ( 'NONE',  ( 0.1927668399491828700, 0.9566994801525047200, -1.367479433118000000 ) ) ;
#5388 = CIRCLE ( 'NONE', #3780, 0.1400000000000000400 ) ;
#5389 = ORIENTED_EDGE ( 'NONE', *, *, #4893, .F. ) ;
#5390 = EDGE_CURVE ( 'NONE', #3883, #4647, #2616, .T. ) ;
#5391 = ORIENTED_EDGE ( 'NONE', *, *, #1758, .T. ) ;
#5392 = CARTESIAN_POINT ( 'NONE',  ( -9.307315673519884700E-017, 0.8000000000000000400, 0.7600000000000122200 ) ) ;
#5393 = EDGE_LOOP ( 'NONE', ( #1016, #3217, #5997, #1547, #947 ) ) ;
#5394 = DIRECTION ( 'NONE',  ( 0.0000000000000000000, -0.0000000000000000000, 1.000000000000000000 ) ) ;
#5395 = ORIENTED_EDGE ( 'NONE', *, *, #639, .T. ) ;
#5396 = VERTEX_POINT ( 'NONE', #3076 ) ;
#5397 = DIRECTION ( 'NONE',  ( 1.000000000000000000, 0.0000000000000000000, 0.0000000000000000000 ) ) ;
#5398 = VERTEX_POINT ( 'NONE', #3552 ) ;
#5399 = B_SPLINE_CURVE_WITH_KNOTS ( 'NONE', 3,
 ( #2275, #4202, #1822, #5182, #2297, #5656, #2761, #6141, #3250, #448, #3734, #921, #4228, #1396, #4722, #1845 ),
 .UNSPECIFIED., .F., .F.,
 ( 4, 1, 2, 2, 2, 1, 2, 2, 4 ),
 ( 0.0000000000000000000, 0.06249999999999997200, 0.09374999999999998600, 0.1250000000000000000, 0.2500000000000001100, 0.3125000000000001100, 0.3437500000000000600, 0.3750000000000000000, 0.5000000000000000000 ),
 .UNSPECIFIED. ) ;
#5400 = DIRECTION ( 'NONE',  ( 0.0000000000000000000, 1.000000000000000000, -9.856383385649992600E-017 ) ) ;
#5401 = VERTEX_POINT ( 'NONE', #3056 ) ;
#5402 = EDGE_LOOP ( 'NONE', ( #1665, #3487, #5008, #5933 ) ) ;
#5403 = AXIS2_PLACEMENT_3D ( 'NONE', #2736, #424, #3707 ) ;
#5404 = FACE_OUTER_BOUND ( 'NONE', #3645, .T. ) ;
#5405 = CARTESIAN_POINT ( 'NONE',  ( -3.673940397442058900E-017, 0.1499999999999999900, -0.2999999999999999300 ) ) ;
#5406 = CARTESIAN_POINT ( 'NONE',  ( -0.1927668399491913900, 0.9566994801525022800, -1.367479433118000000 ) ) ;
#5407 = EDGE_CURVE ( 'NONE', #5867, #2742, #6165, .T. ) ;
#5408 = CARTESIAN_POINT ( 'NONE',  ( 0.0000000000000000000, 1.561383992054743400, 0.0000000000000000000 ) ) ;
#5409 = VERTEX_POINT ( 'NONE', #5970 ) ;
#5410 = ORIENTED_EDGE ( 'NONE', *, *, #3348, .T. ) ;
#5411 = VECTOR ( 'NONE', #5397, 1000.000000000000000 ) ;
#5412 = CARTESIAN_POINT ( 'NONE',  ( 0.0000000000000000000, 0.8000000000000000400, -1.500000000000000000 ) ) ;
#5413 = DIRECTION ( 'NONE',  ( 0.0000000000000000000, -1.000000000000000000, 0.0000000000000000000 ) ) ;
#5414 = ORIENTED_EDGE ( 'NONE', *, *, #4122, .F. ) ;
#5415 = ADVANCED_FACE ( 'NONE', ( #3582, #2335 ), #4540, .T. ) ;
#5416 = EDGE_CURVE ( 'NONE', #5476, #4574, #6006, .T. ) ;
#5417 = VECTOR ( 'NONE', #2416, 1000.000000000000000 ) ;
#5418 = DIRECTION ( 'NONE',  ( 0.0000000000000000000, 0.0000000000000000000, -1.000000000000000000 ) ) ;
#5419 = CARTESIAN_POINT ( 'NONE',  ( 0.6631906528780988600, 0.8000000000000002700, 0.1698792586246936100 ) ) ;
#5420 = ORIENTED_EDGE ( 'NONE', *, *, #5935, .F. ) ;
#5421 = CARTESIAN_POINT ( 'NONE',  ( -1.079550237237543400, 0.8100000000000000500, -0.9496380719661352600 ) ) ;
#5422 = CARTESIAN_POINT ( 'NONE',  ( 0.7838367176906000400, 1.600000000000000100, 1.210000000000000000 ) ) ;
#5423 = CARTESIAN_POINT ( 'NONE',  ( -0.5811291435833132500, 1.600000000000000100, -1.383472753910196800 ) ) ;
#5424 = LINE ( 'NONE', #5105, #4146 ) ;
#5425 = ORIENTED_EDGE ( 'NONE', *, *, #1758, .F. ) ;
#5426 = EDGE_CURVE ( 'NONE', #3477, #3742, #1243, .T. ) ;
#5427 = DIRECTION ( 'NONE',  ( 0.0000000000000000000, 0.0000000000000000000, -1.000000000000000000 ) ) ;
#5428 = EDGE_CURVE ( 'NONE', #1785, #5638, #4740, .T. ) ;
#5429 = DIRECTION ( 'NONE',  ( -0.0000000000000000000, 0.0000000000000000000, 1.000000000000000000 ) ) ;
#5430 = FACE_OUTER_BOUND ( 'NONE', #6066, .T. ) ;
#5431 = ORIENTED_EDGE ( 'NONE', *, *, #3557, .T. ) ;
#5432 = CARTESIAN_POINT ( 'NONE',  ( 1.500000000000000000, -6.098637220230962400E-017, -1.100000000000000300 ) ) ;
#5433 = AXIS2_PLACEMENT_3D ( 'NONE', #4272, #3688, #2401 ) ;
#5434 = CARTESIAN_POINT ( 'NONE',  ( -0.1073062994480189900, 0.8000000000000000400, 0.6782617554773016100 ) ) ;
#5435 = LINE ( 'NONE', #5976, #3175 ) ;
#5436 = CARTESIAN_POINT ( 'NONE',  ( -0.2999999999986299200, 1.561383992043116300, -0.9846856982352034700 ) ) ;
#5437 = CARTESIAN_POINT ( 'NONE',  ( 1.836970198721029400E-017, 0.6500000000000001300, 0.2999999999999999300 ) ) ;
#5438 = DIRECTION ( 'NONE',  ( 1.000000000000000000, -2.106532092714844800E-016, 0.0000000000000000000 ) ) ;
#5439 = ADVANCED_FACE ( 'NONE', ( #2174 ), #5716, .T. ) ;
#5440 = LINE ( 'NONE', #4682, #4326 ) ;
#5441 = CARTESIAN_POINT ( 'NONE',  ( 1.350000000000000100, 0.8100000000000000500, -0.1200000000000000200 ) ) ;
#5442 = CARTESIAN_POINT ( 'NONE',  ( -0.5934811564229000000, 1.410180371014000000, -0.3558886700951000000 ) ) ;
#5443 = ORIENTED_EDGE ( 'NONE', *, *, #2073, .F. ) ;
#5444 = EDGE_CURVE ( 'NONE', #5614, #662, #808, .T. ) ;
#5445 = VECTOR ( 'NONE', #5724, 1000.000000000000000 ) ;
#5447 = CARTESIAN_POINT ( 'NONE',  ( 5.410954283830000700, 0.02000000000000000000, 1.680000000000000200 ) ) ;
#5446 = CARTESIAN_POINT ( 'NONE',  ( -0.2303616580024712400, 1.092665025992008100, -1.367479433118000000 ) ) ;
#5448 = ORIENTED_EDGE ( 'NONE', *, *, #4774, .F. ) ;
#5449 = DIRECTION ( 'NONE',  ( 0.0000000000000000000, 0.0000000000000000000, -1.000000000000000000 ) ) ;
#5450 = VECTOR ( 'NONE', #3089, 1000.000000000000000 ) ;
#5451 = ORIENTED_EDGE ( 'NONE', *, *, #3294, .F. ) ;
#5452 = DIRECTION ( 'NONE',  ( -0.7071067811865474600, 0.0000000000000000000, -0.7071067811865474600 ) ) ;
#5453 = CARTESIAN_POINT ( 'NONE',  ( -0.6842078896604000300, 0.8000000000000000400, 0.0000000000000000000 ) ) ;
#5454 = ORIENTED_EDGE ( 'NONE', *, *, #1397, .F. ) ;
#5455 = CARTESIAN_POINT ( 'NONE',  ( -0.3000156175510570500, 1.606073209689554500, -1.008484570138628200 ) ) ;
#5456 = DIRECTION ( 'NONE',  ( -0.0000000000000000000, 0.0000000000000000000, -1.000000000000000000 ) ) ;
#5457 = CARTESIAN_POINT ( 'NONE',  ( 0.9145326102450060900, 1.599999999999999900, -1.191524253793856400 ) ) ;
#5458 = VERTEX_POINT ( 'NONE', #4593 ) ;
#5459 = ORIENTED_EDGE ( 'NONE', *, *, #2189, .T. ) ;
#5460 = VERTEX_POINT ( 'NONE', #3601 ) ;
#5461 = DIRECTION ( 'NONE',  ( 0.0000000000000000000, 0.0000000000000000000, -1.000000000000000000 ) ) ;
#5462 = VERTEX_POINT ( 'NONE', #2191 ) ;
#5463 = CARTESIAN_POINT ( 'NONE',  ( -0.6292608883678001400, 1.458395218837000200, -0.2983713461011999700 ) ) ;
#5464 = CARTESIAN_POINT ( 'NONE',  ( -0.6869524896214958000, 1.599999999999999900, -1.337492277900279100 ) ) ;
#5465 = EDGE_CURVE ( 'NONE', #2729, #3122, #2031, .T. ) ;
#5466 = ORIENTED_EDGE ( 'NONE', *, *, #1842, .T. ) ;
#5468 = CARTESIAN_POINT ( 'NONE',  ( -1.200000000000000000, 0.6800000000000000500, 1.800000000000000300 ) ) ;
#5467 = DIRECTION ( 'NONE',  ( 0.0000000000000000000, 1.000000000000000000, 0.0000000000000000000 ) ) ;
#5469 = CARTESIAN_POINT ( 'NONE',  ( -0.7838367176906000400, 1.500000000000000000, 1.360000000000000100 ) ) ;
#5470 = LINE ( 'NONE', #2731, #3054 ) ;
#5471 = B_SPLINE_CURVE_WITH_KNOTS ( 'NONE', 3,
 ( #5210, #1851, #2330, #5691, #2788, #6176, #3282, #480, #3765, #955 ),
 .UNSPECIFIED., .F., .F.,
 ( 4, 2, 2, 2, 4 ),
 ( 0.5000000000000000000, 0.6250000000000000000, 0.7500000000000000000, 0.8750000000000000000, 1.000000000000000000 ),
 .UNSPECIFIED. ) ;
#5472 = AXIS2_PLACEMENT_3D ( 'NONE', #2277, #2233, #2207 ) ;
#5473 = ADVANCED_FACE ( 'NONE', ( #4585 ), #5072, .F. ) ;
#5474 = CARTESIAN_POINT ( 'NONE',  ( 0.0000000000000000000, 1.099999999837564200, 0.0000000000000000000 ) ) ;
#5475 = VERTEX_POINT ( 'NONE', #4611 ) ;
#5476 = VERTEX_POINT ( 'NONE', #2654 ) ;
#5477 = LINE ( 'NONE', #1997, #2759 ) ;
#5478 = DIRECTION ( 'NONE',  ( 0.0000000000000000000, 0.0000000000000000000, 1.000000000000000000 ) ) ;
#5479 = CARTESIAN_POINT ( 'NONE',  ( 1.494213863420273500, 1.600000000000000300, 0.2030277184146236900 ) ) ;
#5480 = ORIENTED_EDGE ( 'NONE', *, *, #2064, .F. ) ;
#5481 = EDGE_LOOP ( 'NONE', ( #4260, #4467, #4285, #4350, #5085, #3295, #3683, #4416, #2920 ) ) ;
#5482 = CARTESIAN_POINT ( 'NONE',  ( 0.3000156175510575500, 1.606073209689553800, -1.008484570138627800 ) ) ;
#5483 = FACE_OUTER_BOUND ( 'NONE', #1474, .T. ) ;
#5484 = CARTESIAN_POINT ( 'NONE',  ( 0.0000000000000000000, 0.8000000000000000400, 0.7600000000000123300 ) ) ;
#5485 = EDGE_CURVE ( 'NONE', #3268, #269, #4835, .T. ) ;
#5486 = CARTESIAN_POINT ( 'NONE',  ( 0.7600000000000001200, 0.8099999999999999400, 0.04823237758967749400 ) ) ;
#5487 = ORIENTED_EDGE ( 'NONE', *, *, #1592, .F. ) ;
#5488 = EDGE_CURVE ( 'NONE', #2741, #965, #4430, .T. ) ;
#5489 = CYLINDRICAL_SURFACE ( 'NONE', #4727, 0.1000000000000000500 ) ;
#5490 = ORIENTED_EDGE ( 'NONE', *, *, #3599, .T. ) ;
#5491 = CARTESIAN_POINT ( 'NONE',  ( -0.3000145871186783400, 1.652278545674891400, -1.033023015337682900 ) ) ;
#5492 = CARTESIAN_POINT ( 'NONE',  ( 0.07981485436525000100, 1.199840342104000000, 0.0000000000000000000 ) ) ;
#5493 = LINE ( 'NONE', #646, #3243 ) ;
#5494 = ORIENTED_EDGE ( 'NONE', *, *, #4462, .T. ) ;
#5495 = CARTESIAN_POINT ( 'NONE',  ( -0.2700000000000000200, -0.05000000000000000300, -1.851460183660000000 ) ) ;
#5496 = ADVANCED_FACE ( 'NONE', ( #3136 ), #5544, .T. ) ;
#5497 = CARTESIAN_POINT ( 'NONE',  ( 0.0000000000000000000, 1.100000000000000100, 0.0000000000000000000 ) ) ;
#5498 = CARTESIAN_POINT ( 'NONE',  ( 0.3279366275122871400, 0.8100000000000003900, 0.6861288132144740500 ) ) ;
#5499 = CARTESIAN_POINT ( 'NONE',  ( -0.7867635857745427500, 1.600000000000000100, -1.279493260115022400 ) ) ;
#5500 = LINE ( 'NONE', #3855, #1844 ) ;
#5501 = EDGE_CURVE ( 'NONE', #50, #2098, #3490, .T. ) ;
#5502 = DIRECTION ( 'NONE',  ( 0.0000000000000000000, -1.000000000000000000, 0.0000000000000000000 ) ) ;
#5503 = CARTESIAN_POINT ( 'NONE',  ( -0.2400000000000000200, 1.100000000000000100, -1.367479433118000000 ) ) ;
#5504 = CARTESIAN_POINT ( 'NONE',  ( -0.7838367176906000400, 1.500000000000000000, 1.560000000000000300 ) ) ;
#5505 = LINE ( 'NONE', #5761, #624 ) ;
#5506 = B_SPLINE_CURVE_WITH_KNOTS ( 'NONE', 3,
 ( #954, #3281, #1873, #5230, #2348, #5712, #2809, #11, #3306, #501 ),
 .UNSPECIFIED., .F., .F.,
 ( 4, 2, 2, 2, 4 ),
 ( 0.0000000000000000000, 0.2500000000000000600, 0.5000000000000000000, 0.7500000000000000000, 1.000000000000000000 ),
 .UNSPECIFIED. ) ;
#5507 = CARTESIAN_POINT ( 'NONE',  ( -0.2999999999986299200, 1.561383992043116300, -0.9846856982352034700 ) ) ;
#5508 = ORIENTED_EDGE ( 'NONE', *, *, #2529, .T. ) ;
#5509 = AXIS2_PLACEMENT_3D ( 'NONE', #549, #3839, #1022 ) ;
#5510 = CARTESIAN_POINT ( 'NONE',  ( 0.0000000000000000000, 0.0000000000000000000, -1.651460183660000000 ) ) ;
#5511 = LINE ( 'NONE', #5228, #2003 ) ;
#5512 = CARTESIAN_POINT ( 'NONE',  ( -7.963403178040349200E-011, 0.8999999999723058400, -0.6923796403942167300 ) ) ;
#5513 = EDGE_CURVE ( 'NONE', #249, #4854, #4287, .T. ) ;
#5514 = CARTESIAN_POINT ( 'NONE',  ( -1.200000000000000000, -0.1000000000000000100, 1.680000000000000200 ) ) ;
#5515 = ORIENTED_EDGE ( 'NONE', *, *, #2049, .F. ) ;
#5516 = CARTESIAN_POINT ( 'NONE',  ( 0.2999999999956303700, 1.434823480730091700, -0.6668566683071149900 ) ) ;
#5517 = PLANE ( 'NONE',  #5129 ) ;
#5518 = CARTESIAN_POINT ( 'NONE',  ( 0.2319984795964976900, 1.097180867543944100, -1.367479433118000000 ) ) ;
#5519 = CARTESIAN_POINT ( 'NONE',  ( 0.0000000000000000000, 1.561383991997900000, 0.0000000000000000000 ) ) ;
#5520 = LINE ( 'NONE', #1763, #2957 ) ;
#5521 = ORIENTED_EDGE ( 'NONE', *, *, #1113, .F. ) ;
#5522 = CARTESIAN_POINT ( 'NONE',  ( 0.1192268059147157100, 0.8000000000000000400, 0.7533887009300487300 ) ) ;
#5523 = ORIENTED_EDGE ( 'NONE', *, *, #5863, .F. ) ;
#5524 = EDGE_CURVE ( 'NONE', #2763, #5236, #657, .T. ) ;
#5525 = ORIENTED_EDGE ( 'NONE', *, *, #4933, .F. ) ;
#5526 = DIRECTION ( 'NONE',  ( 0.0000000000000000000, 0.0000000000000000000, -1.000000000000000000 ) ) ;
#5527 = LINE ( 'NONE', #4514, #5246 ) ;
#5528 = ORIENTED_EDGE ( 'NONE', *, *, #3, .F. ) ;
#5529 = CARTESIAN_POINT ( 'NONE',  ( -0.2719153204249722400, 0.6500000000000001300, 0.1280746953212060800 ) ) ;
#5530 = CARTESIAN_POINT ( 'NONE',  ( -0.6500000000000001300, 0.8000000000000000400, 1.680000000000000200 ) ) ;
#5531 = ADVANCED_FACE ( 'NONE', ( #1888 ), #6099, .F. ) ;
#5532 = EDGE_LOOP ( 'NONE', ( #3344, #3450, #1731, #409 ) ) ;
#5533 = ORIENTED_EDGE ( 'NONE', *, *, #2756, .F. ) ;
#5534 = DIRECTION ( 'NONE',  ( 0.0000000000000000000, 0.0000000000000000000, 1.000000000000000000 ) ) ;
#5535 = ORIENTED_EDGE ( 'NONE', *, *, #5407, .T. ) ;
#5536 = CARTESIAN_POINT ( 'NONE',  ( -0.3000000000019771300, 1.700000000002731800, -1.058300524432975300 ) ) ;
#5537 = EDGE_LOOP ( 'NONE', ( #2837, #545, #1583, #6172, #5780, #344 ) ) ;
#5538 = CARTESIAN_POINT ( 'NONE',  ( -0.6782029648654566100, 0.8000000000000001600, -0.1074551295208542300 ) ) ;
#5539 = FACE_OUTER_BOUND ( 'NONE', #3288, .T. ) ;
#5540 = ORIENTED_EDGE ( 'NONE', *, *, #1705, .T. ) ;
#5541 = ORIENTED_EDGE ( 'NONE', *, *, #5374, .T. ) ;
#5542 = EDGE_CURVE ( 'NONE', #3967, #2243, #5870, .T. ) ;
#5543 = CARTESIAN_POINT ( 'NONE',  ( 0.2303616580024712700, 1.092665025992008100, -1.367479433118000000 ) ) ;
#5544 = PLANE ( 'NONE',  #4108 ) ;
#5545 = ORIENTED_EDGE ( 'NONE', *, *, #1592, .T. ) ;
#5546 = CARTESIAN_POINT ( 'NONE',  ( -0.9783694449004554100, 1.600000000000000500, -1.147470502177390600 ) ) ;
#5547 = EDGE_CURVE ( 'NONE', #4286, #3489, #2982, .T. ) ;
#5548 = DIRECTION ( 'NONE',  ( 0.0000000000000000000, 0.0000000000000000000, -1.000000000000000000 ) ) ;
#5549 = VERTEX_POINT ( 'NONE', #5156 ) ;
#5550 = VECTOR ( 'NONE', #2717, 1000.000000000000000 ) ;
#5551 = B_SPLINE_CURVE_WITH_KNOTS ( 'NONE', 3,
 ( #2422, #2885, #86, #3376, #572 ),
 .UNSPECIFIED., .F., .F.,
 ( 4, 1, 4 ),
 ( 0.0000000000000000000, 0.7634525149664284100, 0.9901138647392713200 ),
 .UNSPECIFIED. ) ;
#5552 = ORIENTED_EDGE ( 'NONE', *, *, #3966, .F. ) ;
#5553 = CARTESIAN_POINT ( 'NONE',  ( -0.2999999994538087300, 1.439558585352968000, 0.6790520221337353900 ) ) ;
#5554 = ORIENTED_EDGE ( 'NONE', *, *, #1726, .F. ) ;
#5555 = CARTESIAN_POINT ( 'NONE',  ( 0.2700000000000000700, -0.1000000000000000100, -1.631460183660000200 ) ) ;
#5556 = EDGE_LOOP ( 'NONE', ( #5312, #63, #2970, #3346 ) ) ;
#5557 = AXIS2_PLACEMENT_3D ( 'NONE', #1915, #57, #3341 ) ;
#5558 = LINE ( 'NONE', #2964, #1746 ) ;
#5559 = CARTESIAN_POINT ( 'NONE',  ( -0.2912235376328038400, 0.6500000000000001300, -0.07448905905750884100 ) ) ;
#5560 = CARTESIAN_POINT ( 'NONE',  ( 0.0000000000000000000, 0.8000000000000000400, -0.1200000000000000100 ) ) ;
#5561 = VERTEX_POINT ( 'NONE', #6116 ) ;
#5562 = LINE ( 'NONE', #5314, #5417 ) ;
#5563 = CARTESIAN_POINT ( 'NONE',  ( 0.04332836365426180600, 0.8000000000000000400, -0.6842414842957399400 ) ) ;
#5564 = CARTESIAN_POINT ( 'NONE',  ( -1.113545850615516500, 1.700000000028012400, 0.1051128078718114200 ) ) ;
#5565 = ADVANCED_FACE ( 'NONE', ( #5404 ), #5636, .F. ) ;
#5566 = ORIENTED_EDGE ( 'NONE', *, *, #899, .T. ) ;
#5567 = EDGE_CURVE ( 'NONE', #3799, #1293, #5399, .T. ) ;
#5568 = CARTESIAN_POINT ( 'NONE',  ( -1.199999999999999700, 0.02000000000000000000, 1.680000000000000200 ) ) ;
#5569 = CARTESIAN_POINT ( 'NONE',  ( -1.090612192422336400, 1.600000000000000300, -1.041533784913401900 ) ) ;
#5570 = DIRECTION ( 'NONE',  ( 0.0000000000000000000, 1.000000000000000000, 0.0000000000000000000 ) ) ;
#5571 = CARTESIAN_POINT ( 'NONE',  ( -0.3177044259989000300, 1.500903800654000300, -0.5705947714121000200 ) ) ;
#5572 = CARTESIAN_POINT ( 'NONE',  ( 0.5558202364496001000, 1.488288806071000200, 0.3537784363084000000 ) ) ;
#5573 = CARTESIAN_POINT ( 'NONE',  ( 0.2325646776480804500, 0.9000000000000003600, 0.6526127540971151700 ) ) ;
#5574 = PLANE ( 'NONE',  #1531 ) ;
#5575 = FACE_OUTER_BOUND ( 'NONE', #1944, .T. ) ;
#5576 = ORIENTED_EDGE ( 'NONE', *, *, #5752, .F. ) ;
#5577 = CARTESIAN_POINT ( 'NONE',  ( 0.2999999997078354700, 1.530703003353430800, -0.6337405830508041600 ) ) ;
#5578 = CIRCLE ( 'NONE', #4107, 0.2000000000000000900 ) ;
#5579 = ORIENTED_EDGE ( 'NONE', *, *, #2423, .T. ) ;
#5580 = CARTESIAN_POINT ( 'NONE',  ( -0.8688596414526469400, 1.200000000039835600, 0.5083159220386710400 ) ) ;
#5581 = CARTESIAN_POINT ( 'NONE',  ( 0.6842078896604001400, 0.8000000000000000400, -0.08718356408789101900 ) ) ;
#5582 = EDGE_CURVE ( 'NONE', #2403, #3959, #4283, .T. ) ;
#5583 = PLANE ( 'NONE',  #875 ) ;
#5584 = B_SPLINE_CURVE_WITH_KNOTS ( 'NONE', 3,
 ( #3411, #3155, #4129, #3452, #3503, #3609, #3542, #3935 ),
 .UNSPECIFIED., .F., .F.,
 ( 4, 2, 2, 4 ),
 ( 0.0000000000000000000, 0.2500000000000004400, 0.5000000000000008900, 1.000000000000000000 ),
 .UNSPECIFIED. ) ;
#5585 = VECTOR ( 'NONE', #2115, 1000.000000000000000 ) ;
#5586 = CARTESIAN_POINT ( 'NONE',  ( -0.9999999999999738000, 1.600000000000000100, 1.118033988749970800 ) ) ;
#5587 = DIRECTION ( 'NONE',  ( 0.0000000000000000000, -0.0000000000000000000, -1.000000000000000000 ) ) ;
#5588 = CARTESIAN_POINT ( 'NONE',  ( 0.1583814478701610900, 1.149999999999999900, -0.6049725677420998400 ) ) ;
#5589 = AXIS2_PLACEMENT_3D ( 'NONE', #4648, #4608, #4768 ) ;
#5590 = CYLINDRICAL_SURFACE ( 'NONE', #4602, 0.1000000000000000500 ) ;
#5591 = B_SPLINE_CURVE_WITH_KNOTS ( 'NONE', 3,
 ( #3610, #816, #329, #3134 ),
 .UNSPECIFIED., .F., .F.,
 ( 4, 4 ),
 ( 0.0000000000000000000, 1.000000000000000000 ),
 .UNSPECIFIED. ) ;
#5592 = CARTESIAN_POINT ( 'NONE',  ( -0.3001303248510000000, 1.507204410945000000, -0.6512847672667999600 ) ) ;
#5593 = CARTESIAN_POINT ( 'NONE',  ( 0.5962069328887998900, 1.529513689108000100, 0.2976008486066999400 ) ) ;
#5594 = CARTESIAN_POINT ( 'NONE',  ( -0.2500000000000000000, 0.02000000000000000400, -1.771460183659999900 ) ) ;
#5595 = ORIENTED_EDGE ( 'NONE', *, *, #5444, .T. ) ;
#5596 = DIRECTION ( 'NONE',  ( -0.0000000000000000000, 1.000000000000000000, 0.0000000000000000000 ) ) ;
#5597 = CARTESIAN_POINT ( 'NONE',  ( -0.5004517608268265200, 0.8000000000000001600, 0.5744029427046752900 ) ) ;
#5598 = ADVANCED_FACE ( 'NONE', ( #2838 ), #2319, .T. ) ;
#5599 = DIRECTION ( 'NONE',  ( 0.0000000000000000000, 1.000000000000000000, 0.0000000000000000000 ) ) ;
#5600 = VECTOR ( 'NONE', #697, 1000.000000000000000 ) ;
#5601 = ORIENTED_EDGE ( 'NONE', *, *, #4237, .F. ) ;
#5602 = CARTESIAN_POINT ( 'NONE',  ( 0.2400000000000000200, 1.200000000000000000, -1.367479433118000000 ) ) ;
#5603 = EDGE_CURVE ( 'NONE', #2403, #651, #4210, .T. ) ;
#5604 = SURFACE_STYLE_USAGE ( .BOTH. , #2252 ) ;
#5605 = VECTOR ( 'NONE', #2186, 1000.000000000000000 ) ;
#5606 = VERTEX_POINT ( 'NONE', #4246 ) ;
#5607 = CARTESIAN_POINT ( 'NONE',  ( -0.2999999997362154900, 1.530703003389287400, -0.6337405831572274800 ) ) ;
#5608 = CARTESIAN_POINT ( 'NONE',  ( 1.058300524439611500, 1.700000000010851300, 0.3000000000026191700 ) ) ;
#5609 = ORIENTED_EDGE ( 'NONE', *, *, #4355, .F. ) ;
#5610 = ORIENTED_EDGE ( 'NONE', *, *, #5826, .F. ) ;
#5611 = CARTESIAN_POINT ( 'NONE',  ( -1.209343004773299100, 1.600000000000000300, -0.8882299348757574100 ) ) ;
#5612 = CARTESIAN_POINT ( 'NONE',  ( -0.1806186265694414200, 1.186941683428969400, -2.211940228946575000E-017 ) ) ;
#5613 = ORIENTED_EDGE ( 'NONE', *, *, #983, .F. ) ;
#5614 = VERTEX_POINT ( 'NONE', #3782 ) ;
#5615 = ORIENTED_EDGE ( 'NONE', *, *, #3397, .F. ) ;
#5616 = EDGE_CURVE ( 'NONE', #1125, #2476, #357, .T. ) ;
#5617 = ORIENTED_EDGE ( 'NONE', *, *, #5616, .T. ) ;
#5618 = CARTESIAN_POINT ( 'NONE',  ( -0.2000000000000000100, 0.1499999999999999900, -2.204364238465236100E-017 ) ) ;
#5619 = CARTESIAN_POINT ( 'NONE',  ( 0.2999999999999999900, 0.6500000000000000200, -0.03832637700708600700 ) ) ;
#5620 = ORIENTED_EDGE ( 'NONE', *, *, #647, .F. ) ;
#5621 = DIRECTION ( 'NONE',  ( -1.000000000000000000, 0.0000000000000000000, 0.0000000000000000000 ) ) ;
#5622 = ORIENTED_EDGE ( 'NONE', *, *, #1083, .T. ) ;
#5623 = ORIENTED_EDGE ( 'NONE', *, *, #1890, .F. ) ;
#5624 = CARTESIAN_POINT ( 'NONE',  ( 1.099769063373007100, 1.100000000000000300, 0.8669434192400846700 ) ) ;
#5625 = VECTOR ( 'NONE', #4650, 1000.000000000000000 ) ;
#5626 = ORIENTED_EDGE ( 'NONE', *, *, #4011, .T. ) ;
#5627 = CARTESIAN_POINT ( 'NONE',  ( 0.5999999999999999800, 0.1771238898038000100, -1.080000000000000100 ) ) ;
#5628 = ORIENTED_EDGE ( 'NONE', *, *, #2506, .F. ) ;
#5629 = ORIENTED_EDGE ( 'NONE', *, *, #2454, .F. ) ;
#5630 = CARTESIAN_POINT ( 'NONE',  ( 1.009223973657239900, 1.607589328045833100, 0.2999999999999999900 ) ) ;
#5631 = ADVANCED_FACE ( 'NONE', ( #3960 ), #1889, .F. ) ;
#5632 = CONICAL_SURFACE ( 'NONE', #2615, 1.177620359584352600, 0.4712388980555896600 ) ;
#5633 =( BOUNDED_SURFACE ( )  B_SPLINE_SURFACE ( 3, 3, ( 
 ( #6102, #429, #908, #4211 ),
 ( #1376, #4704, #1826, #5188 ),
 ( #2302, #5662, #2766, #6148 ),
 ( #3253, #452, #3741, #928 ) ),
 .UNSPECIFIED., .F., .F., .F. ) 
 B_SPLINE_SURFACE_WITH_KNOTS ( ( 4, 4 ),
 ( 4, 4 ),
 ( 0.0000000000000000000, 1.000000000000000000 ),
 ( 0.0000000000000000000, 1.000000000000000000 ),
 .UNSPECIFIED. ) 
 GEOMETRIC_REPRESENTATION_ITEM ( )  RATIONAL_B_SPLINE_SURFACE ( (
 ( 1.000000000000000000, 0.3333333333333334300, 0.3333333333333334300, 1.000000000000000000),
 ( 0.9017601095693381600, 0.3005867031897794800, 0.3005867031897794800, 0.9017601095693381600),
 ( 0.9017601095693381600, 0.3005867031897794800, 0.3005867031897794800, 0.9017601095693381600),
 ( 1.000000000000000000, 0.3333333333333334300, 0.3333333333333334300, 1.000000000000000000) ) ) 
 REPRESENTATION_ITEM ( '' )  SURFACE ( )  );
#5634 = EDGE_CURVE ( 'NONE', #1164, #6071, #2678, .T. ) ;
#5635 = CARTESIAN_POINT ( 'NONE',  ( 0.7600000000000000100, 0.8000000000000000400, 1.241983850652124500E-014 ) ) ;
#5636 = PLANE ( 'NONE',  #5403 ) ;
#5637 = EDGE_CURVE ( 'NONE', #2111, #1939, #1465, .T. ) ;
#5638 = VERTEX_POINT ( 'NONE', #3318 ) ;
#5639 = ORIENTED_EDGE ( 'NONE', *, *, #5206, .F. ) ;
#5640 = LINE ( 'NONE', #5495, #1977 ) ;
#5641 = CARTESIAN_POINT ( 'NONE',  ( -0.3503804725142869400, 1.508986332919447900, 0.5474792463155544500 ) ) ;
#5642 = DIRECTION ( 'NONE',  ( 1.000000000000000000, 0.0000000000000000000, -1.224646799147353200E-016 ) ) ;
#5643 = CARTESIAN_POINT ( 'NONE',  ( 0.7838367176906000400, 1.427957363345842200, 1.260000000000000200 ) ) ;
#5644 = CARTESIAN_POINT ( 'NONE',  ( 0.6233090288450259300, 0.8100000000000000500, -0.4405335693662790800 ) ) ;
#5645 = CARTESIAN_POINT ( 'NONE',  ( -0.3561897338925000300, 1.398397111268999900, 0.5991209930766001600 ) ) ;
#5646 = AXIS2_PLACEMENT_3D ( 'NONE', #5829, #3905, #1086 ) ;
#5647 = ORIENTED_EDGE ( 'NONE', *, *, #5513, .T. ) ;
#5648 = PLANE ( 'NONE',  #5726 ) ;
#5649 = EDGE_CURVE ( 'NONE', #1010, #6140, #3075, .T. ) ;
#5650 = CARTESIAN_POINT ( 'NONE',  ( 1.306554350699587100, 1.100000000000000500, -0.5204906461508557200 ) ) ;
#5651 = DIRECTION ( 'NONE',  ( 0.0000000000000000000, 0.0000000000000000000, 1.000000000000000000 ) ) ;
#5652 = LINE ( 'NONE', #220, #2930 ) ;
#5653 = ORIENTED_EDGE ( 'NONE', *, *, #5287, .F. ) ;
#5654 = DIRECTION ( 'NONE',  ( 0.0000000000000000000, 0.0000000000000000000, -1.000000000000000000 ) ) ;
#5655 = CARTESIAN_POINT ( 'NONE',  ( -0.6458032900220099800, 1.700000000003884000, -0.9098316285998422300 ) ) ;
#5656 = CARTESIAN_POINT ( 'NONE',  ( -0.7162466278654597800, 0.8100000000000001600, -0.2554356310462795300 ) ) ;
#5657 = EDGE_CURVE ( 'NONE', #2659, #4047, #5111, .T. ) ;
#5658 = DIRECTION ( 'NONE',  ( 0.0000000000000000000, -1.000000000000000000, 0.0000000000000000000 ) ) ;
#5659 = CARTESIAN_POINT ( 'NONE',  ( 0.2554356310463060700, 0.7999999999999999300, 0.7162466278654630000 ) ) ;
#5660 = VECTOR ( 'NONE', #5348, 1000.000000000000000 ) ;
#5661 = ORIENTED_EDGE ( 'NONE', *, *, #2936, .F. ) ;
#5662 = CARTESIAN_POINT ( 'NONE',  ( 0.7843973260861403200, 0.8282563434278216200, 1.568794652172279800 ) ) ;
#5663 = CARTESIAN_POINT ( 'NONE',  ( -0.2500000000000000000, -0.1000000000000000100, -1.651460183660000200 ) ) ;
#5664 = DIRECTION ( 'NONE',  ( 1.000000000000000000, 0.0000000000000000000, 0.0000000000000000000 ) ) ;
#5665 = CARTESIAN_POINT ( 'NONE',  ( -0.1927668399491913900, 0.9566994801525022800, -0.9738101797978000500 ) ) ;
#5666 = CARTESIAN_POINT ( 'NONE',  ( -0.2986690988521000200, 1.430259783686999900, 0.6422464952947000100 ) ) ;
#5667 = ADVANCED_FACE ( 'NONE', ( #1739 ), #3351, .T. ) ;
#5668 = FACE_OUTER_BOUND ( 'NONE', #1518, .T. ) ;
#5669 = CARTESIAN_POINT ( 'NONE',  ( -0.9846856982542751000, 1.561383992050066100, 0.3000000000024153300 ) ) ;
#5670 = B_SPLINE_CURVE_WITH_KNOTS ( 'NONE', 3,
 ( #5536, #5491, #5455, #5436 ),
 .UNSPECIFIED., .F., .F.,
 ( 4, 4 ),
 ( 0.0000000000000000000, 1.000000000000000000 ),
 .UNSPECIFIED. ) ;
#5671 = CARTESIAN_POINT ( 'NONE',  ( -0.6233090288450320300, 0.8000000000000000400, -0.4405335693662637000 ) ) ;
#5672 = LINE ( 'NONE', #2437, #1564 ) ;
#5673 = CARTESIAN_POINT ( 'NONE',  ( -0.5999999999999999800, 0.0000000000000000000, 0.0000000000000000000 ) ) ;
#5674 = DIRECTION ( 'NONE',  ( 0.0000000000000000000, 0.0000000000000000000, 1.000000000000000000 ) ) ;
#5675 = EDGE_CURVE ( 'NONE', #5915, #50, #3733, .T. ) ;
#5676 = ORIENTED_EDGE ( 'NONE', *, *, #1942, .F. ) ;
#5677 = CARTESIAN_POINT ( 'NONE',  ( 0.0000000000000000000, 1.099999999837564200, 0.0000000000000000000 ) ) ;
#5678 = CARTESIAN_POINT ( 'NONE',  ( 0.5993864966462000300, 1.439771770703000000, -0.3190265857228000700 ) ) ;
#5679 = CARTESIAN_POINT ( 'NONE',  ( -1.199040682232136900, 1.600000000000000100, 0.9021074270977461600 ) ) ;
#5680 = CARTESIAN_POINT ( 'NONE',  ( -0.09638341997457999800, 0.9833497400763000500, -0.9738101797978001600 ) ) ;
#5681 = CIRCLE ( 'NONE', #5044, 0.1200000000000000900 ) ;
#5682 = CARTESIAN_POINT ( 'NONE',  ( 0.3026044794854089200, 1.429549286362799400, -0.6514065625612783800 ) ) ;
#5683 = CARTESIAN_POINT ( 'NONE',  ( 0.5999999999999999800, 0.02000000000000000000, -1.149999999999999900 ) ) ;
#5684 = DIRECTION ( 'NONE',  ( 0.0000000000000000000, 0.0000000000000000000, 1.000000000000000000 ) ) ;
#5685 = ORIENTED_EDGE ( 'NONE', *, *, #3020, .T. ) ;
#5686 = AXIS2_PLACEMENT_3D ( 'NONE', #3749, #460, #3264 ) ;
#5687 = AXIS2_PLACEMENT_3D ( 'NONE', #2151, #5502, #2628 ) ;
#5688 = CARTESIAN_POINT ( 'NONE',  ( 0.3526535077810695800, 1.425095716878823400, -0.5879618607117037500 ) ) ;
#5689 = FACE_OUTER_BOUND ( 'NONE', #1675, .T. ) ;
#5690 = CARTESIAN_POINT ( 'NONE',  ( 0.1927668399491999900, 0.9566994801524999500, -0.9738101797978001600 ) ) ;
#5691 = CARTESIAN_POINT ( 'NONE',  ( 1.098950926499192800, 1.700000000000000000, -1.064518170632877500 ) ) ;
#5692 = CARTESIAN_POINT ( 'NONE',  ( 0.7382871643913754300, 0.7999999999999999300, -1.476574328782750900 ) ) ;
#5693 = CARTESIAN_POINT ( 'NONE',  ( 0.3000000000000000400, 0.1500000000000000200, 0.07853981633974480000 ) ) ;
#5694 = ORIENTED_EDGE ( 'NONE', *, *, #3036, .F. ) ;
#5695 = CARTESIAN_POINT ( 'NONE',  ( -0.6790520212323885000, 1.439558585075217900, 0.2999999999970413000 ) ) ;
#5696 = CIRCLE ( 'NONE', #2175, 0.6890731133353256200 ) ;
#5697 = ORIENTED_EDGE ( 'NONE', *, *, #5917, .F. ) ;
#5698 = CARTESIAN_POINT ( 'NONE',  ( 0.6049725677420999500, 0.9000000000000001300, -5.186144030601225300E-017 ) ) ;
#5699 = ORIENTED_EDGE ( 'NONE', *, *, #6041, .T. ) ;
#5700 = CARTESIAN_POINT ( 'NONE',  ( -1.500000000000000000, 0.0000000000000000000, 1.700000000000000000 ) ) ;
#5701 = EDGE_CURVE ( 'NONE', #4873, #2659, #4121, .T. ) ;
#5702 = ORIENTED_EDGE ( 'NONE', *, *, #104, .T. ) ;
#5703 = CARTESIAN_POINT ( 'NONE',  ( 0.6776765922692999900, 1.450229714212000000, -0.3000601481873999600 ) ) ;
#5704 = ADVANCED_FACE ( 'NONE', ( #62 ), #4394, .T. ) ;
#5705 = CARTESIAN_POINT ( 'NONE',  ( -0.5889661790535103400, 1.422998642984471700, 0.3527072251880026800 ) ) ;
#5706 = ORIENTED_EDGE ( 'NONE', *, *, #2410, .T. ) ;
#5707 = ORIENTED_EDGE ( 'NONE', *, *, #1595, .F. ) ;
#5708 = DIRECTION ( 'NONE',  ( -1.000000000000000000, -0.0000000000000000000, -0.0000000000000000000 ) ) ;
#5709 = LINE ( 'NONE', #1244, #3289 ) ;
#5710 = PLANE ( 'NONE',  #474 ) ;
#5711 = ORIENTED_EDGE ( 'NONE', *, *, #2693, .T. ) ;
#5712 = CARTESIAN_POINT ( 'NONE',  ( -1.308636319997470400, 1.200000000000000400, -0.5635844140375611000 ) ) ;
#5713 = DIRECTION ( 'NONE',  ( 0.0000000000000000000, -0.0000000000000000000, -1.000000000000000000 ) ) ;
#5714 = CARTESIAN_POINT ( 'NONE',  ( 0.8531705573916944500, 1.200000000000000000, 1.109999999999992800 ) ) ;
#5715 = EDGE_LOOP ( 'NONE', ( #264, #3978, #2246, #789 ) ) ;
#5716 = CONICAL_SURFACE ( 'NONE', #1877, 1.029371616141361300, 1.169370598806972000 ) ;
#5717 = ORIENTED_EDGE ( 'NONE', *, *, #3804, .F. ) ;
#5718 = EDGE_CURVE ( 'NONE', #5172, #3973, #4960, .T. ) ;
#5719 = ORIENTED_EDGE ( 'NONE', *, *, #4247, .F. ) ;
#5720 = DIRECTION ( 'NONE',  ( 0.0000000000000000000, 0.0000000000000000000, -1.000000000000000000 ) ) ;
#5721 = CYLINDRICAL_SURFACE ( 'NONE', #5646, 0.04999999999999991300 ) ;
#5722 = B_SPLINE_CURVE_WITH_KNOTS ( 'NONE', 3,
 ( #5714, #2350, #5232, #13, #3308, #504, #3790, #979 ),
 .UNSPECIFIED., .F., .F.,
 ( 4, 2, 2, 4 ),
 ( 0.0000000000000000000, 0.2500000000000008300, 0.5000000000000016700, 1.000000000000000000 ),
 .UNSPECIFIED. ) ;
#5723 = DIRECTION ( 'NONE',  ( 0.0000000000000000000, 0.0000000000000000000, 1.000000000000000000 ) ) ;
#5724 = DIRECTION ( 'NONE',  ( -0.0000000000000000000, -1.000000000000000000, -0.0000000000000000000 ) ) ;
#5725 = DIRECTION ( 'NONE',  ( 0.0000000000000000000, 1.000000000000000000, 0.0000000000000000000 ) ) ;
#5726 = AXIS2_PLACEMENT_3D ( 'NONE', #411, #2664, #3068 ) ;
#5727 = ORIENTED_EDGE ( 'NONE', *, *, #5238, .T. ) ;
#5728 = CARTESIAN_POINT ( 'NONE',  ( -1.241800659728544700, 1.600000000000000300, 0.8422050757677693700 ) ) ;
#5729 = DIRECTION ( 'NONE',  ( 0.0000000000000000000, -0.0000000000000000000, -1.000000000000000000 ) ) ;
#5730 = VECTOR ( 'NONE', #1483, 1000.000000000000000 ) ;
#5731 = CARTESIAN_POINT ( 'NONE',  ( 0.3194273360384066200, 1.420504936815416300, -0.6192853718723074800 ) ) ;
#5732 = CARTESIAN_POINT ( 'NONE',  ( 0.3770173721498921700, 0.7999999999999999300, 0.6682090325754451700 ) ) ;
#5733 = CARTESIAN_POINT ( 'NONE',  ( 0.0000000000000000000, 1.700000000028012400, 0.0000000000000000000 ) ) ;
#5734 = DIRECTION ( 'NONE',  ( 0.7071067811865475700, 0.0000000000000000000, -0.7071067811865475700 ) ) ;
#5735 = DIRECTION ( 'NONE',  ( 1.000000000000000000, 0.0000000000000000000, 0.0000000000000000000 ) ) ;
#5736 = CARTESIAN_POINT ( 'NONE',  ( 0.3503804728865403400, 1.508986332740424000, 0.5474792455710132400 ) ) ;
#5737 = CARTESIAN_POINT ( 'NONE',  ( 3.704388593286589500E-017, 0.9000000000000001300, 0.6049725677420999500 ) ) ;
#5738 = CARTESIAN_POINT ( 'NONE',  ( -0.2999999999999999900, 0.1499999999999999900, 3.306546357697853100E-017 ) ) ;
#5739 = CARTESIAN_POINT ( 'NONE',  ( -0.2999999998816158000, 1.526134712278652200, -0.6218334214637406500 ) ) ;
#5740 = ADVANCED_FACE ( 'NONE', ( #2406 ), #5934, .F. ) ;
#5741 = CARTESIAN_POINT ( 'NONE',  ( 1.167285018827162000, 1.600000000000000800, -0.1850586251977844900 ) ) ;
#5742 = EDGE_CURVE ( 'NONE', #2764, #575, #6081, .T. ) ;
#5743 = LINE ( 'NONE', #811, #680 ) ;
#5744 = CARTESIAN_POINT ( 'NONE',  ( -0.3770173721498922800, 0.8100000000000003900, 0.6682090325754451700 ) ) ;
#5745 = DIRECTION ( 'NONE',  ( 0.2665025992375039700, -0.9638341997458143000, 0.0000000000000000000 ) ) ;
#5746 = DIRECTION ( 'NONE',  ( 0.0000000000000000000, -1.000000000000000000, 0.0000000000000000000 ) ) ;
#5747 = CARTESIAN_POINT ( 'NONE',  ( 1.028988640878961000, 1.599999999996271100, 0.5930719647724707100 ) ) ;
#5748 = FACE_OUTER_BOUND ( 'NONE', #5402, .T. ) ;
#5749 = VERTEX_POINT ( 'NONE', #632 ) ;
#5750 = CARTESIAN_POINT ( 'NONE',  ( -1.261280151779848900, 1.600000000000000100, 0.8127947460028035500 ) ) ;
#5751 = CARTESIAN_POINT ( 'NONE',  ( 0.5999999999999999800, 0.1499999999999999900, -1.500000000000000000 ) ) ;
#5752 = EDGE_CURVE ( 'NONE', #3897, #1955, #2891, .T. ) ;
#5753 = CARTESIAN_POINT ( 'NONE',  ( 0.2779113193416793400, 1.157583416801716300, -0.5558226386833585700 ) ) ;
#5754 = VECTOR ( 'NONE', #5922, 1000.000000000000000 ) ;
#5755 = PLANE ( 'NONE',  #5557 ) ;
#5756 = CARTESIAN_POINT ( 'NONE',  ( 0.5500000000000000400, 0.0000000000000000000, 1.600000000000000100 ) ) ;
#5757 = ORIENTED_EDGE ( 'NONE', *, *, #3, .T. ) ;
#5758 = B_SPLINE_CURVE_WITH_KNOTS ( 'NONE', 3,
 ( #5781, #2878, #4834, #1961 ),
 .UNSPECIFIED., .F., .F.,
 ( 4, 4 ),
 ( 0.0000000000000000000, 1.000000000000000000 ),
 .UNSPECIFIED. ) ;
#5759 = FACE_OUTER_BOUND ( 'NONE', #2663, .T. ) ;
#5760 = ORIENTED_EDGE ( 'NONE', *, *, #3185, .F. ) ;
#5761 = CARTESIAN_POINT ( 'NONE',  ( 0.09638341997465853200, 0.9833497400762784000, -0.9738101797978001600 ) ) ;
#5762 = DIRECTION ( 'NONE',  ( 0.0000000000000000000, 0.0000000000000000000, -1.000000000000000000 ) ) ;
#5763 = EDGE_CURVE ( 'NONE', #1391, #1939, #4815, .T. ) ;
#5764 = DIRECTION ( 'NONE',  ( 0.0000000000000000000, 0.0000000000000000000, 1.000000000000000000 ) ) ;
#5765 = VECTOR ( 'NONE', #661, 1000.000000000000000 ) ;
#5766 = EDGE_CURVE ( 'NONE', #5867, #5288, #3501, .T. ) ;
#5767 = CARTESIAN_POINT ( 'NONE',  ( 1.424074179846277000, 1.200000000000000200, -0.04657402771649279300 ) ) ;
#5768 = ADVANCED_FACE ( 'NONE', ( #1036 ), #4498, .F. ) ;
#5769 = EDGE_LOOP ( 'NONE', ( #2597, #4088, #1539, #872, #2307 ) ) ;
#5770 = CARTESIAN_POINT ( 'NONE',  ( 0.09629463829298309800, 0.7999999999999999300, -0.7599327859095805800 ) ) ;
#5771 = CARTESIAN_POINT ( 'NONE',  ( 0.3341494098400328800, 1.416935848205341400, -0.6030261819110399600 ) ) ;
#5772 = CARTESIAN_POINT ( 'NONE',  ( 0.2779113193416793400, 1.157583416801716300, 0.0000000000000000000 ) ) ;
#5773 = VECTOR ( 'NONE', #1429, 1000.000000000000000 ) ;
#5774 = ORIENTED_EDGE ( 'NONE', *, *, #2157, .T. ) ;
#5775 = CARTESIAN_POINT ( 'NONE',  ( -0.1809373172331890400, 0.9139167883777292700, -0.9738101797978000500 ) ) ;
#5776 = AXIS2_PLACEMENT_3D ( 'NONE', #3843, #3861, #1051 ) ;
#5777 = DIRECTION ( 'NONE',  ( -0.7071067811865474600, 0.0000000000000000000, -0.7071067811865474600 ) ) ;
#5778 = ORIENTED_EDGE ( 'NONE', *, *, #5488, .F. ) ;
#5779 = DIRECTION ( 'NONE',  ( -0.0000000000000000000, 1.000000000000000000, 0.0000000000000000000 ) ) ;
#5780 = ORIENTED_EDGE ( 'NONE', *, *, #1908, .T. ) ;
#5781 = CARTESIAN_POINT ( 'NONE',  ( 0.3000000000026188400, 1.700000000010851300, 1.058300524439611500 ) ) ;
#5782 = ORIENTED_EDGE ( 'NONE', *, *, #4893, .T. ) ;
#5783 = ORIENTED_EDGE ( 'NONE', *, *, #3518, .T. ) ;
#5784 = ORIENTED_EDGE ( 'NONE', *, *, #1236, .F. ) ;
#5785 = ORIENTED_EDGE ( 'NONE', *, *, #5718, .T. ) ;
#5786 = CARTESIAN_POINT ( 'NONE',  ( -0.5397728008854115700, 0.8999999999999999100, -0.3157876092791420700 ) ) ;
#5787 = ORIENTED_EDGE ( 'NONE', *, *, #4388, .T. ) ;
#5788 = DIRECTION ( 'NONE',  ( 0.0000000000000000000, 1.000000000000000000, 0.0000000000000000000 ) ) ;
#5789 = EDGE_CURVE ( 'NONE', #2222, #1797, #880, .T. ) ;
#5790 = ORIENTED_EDGE ( 'NONE', *, *, #2280, .F. ) ;
#5791 = ORIENTED_EDGE ( 'NONE', *, *, #5944, .F. ) ;
#5792 = CARTESIAN_POINT ( 'NONE',  ( -0.2000000000000000100, 0.1499999999999999900, -2.204364238465236100E-017 ) ) ;
#5793 = LINE ( 'NONE', #2518, #1964 ) ;
#5794 = CARTESIAN_POINT ( 'NONE',  ( 0.3175505364943999600, 1.507765201822999700, -0.5673457596286000100 ) ) ;
#5795 = EDGE_LOOP ( 'NONE', ( #2744, #6078, #70, #2978, #4867, #5285, #2997, #2831, #1857, #414, #2834, #843 ) ) ;
#5796 = CARTESIAN_POINT ( 'NONE',  ( 1.349999999999999900, 0.8000000000000000400, 1.100000000000000100 ) ) ;
#5797 = CARTESIAN_POINT ( 'NONE',  ( -0.5918697445959253400, 1.416935847632196900, 0.3528625245756978900 ) ) ;
#5798 = ORIENTED_EDGE ( 'NONE', *, *, #5014, .F. ) ;
#5799 = VERTEX_POINT ( 'NONE', #186 ) ;
#5800 = CARTESIAN_POINT ( 'NONE',  ( 0.2352112602623310000, 1.099625858879944400, -0.9738101797978001600 ) ) ;
#5801 = B_SPLINE_CURVE_WITH_KNOTS ( 'NONE', 3,
 ( #270, #619, #653, #675, #691, #755 ),
 .UNSPECIFIED., .F., .F.,
 ( 4, 2, 4 ),
 ( 0.0000000000000000000, 0.2500000000000000600, 0.5000000000000000000 ),
 .UNSPECIFIED. ) ;
#5802 = CIRCLE ( 'NONE', #3260, 0.04999999999999991300 ) ;
#5803 = CARTESIAN_POINT ( 'NONE',  ( -1.350000000000000100, 0.8000000000000000400, -0.1200000000000000100 ) ) ;
#5804 = CARTESIAN_POINT ( 'NONE',  ( -0.5453921247088000500, 1.509724611007000000, 0.3531616849312000400 ) ) ;
#5805 = DIRECTION ( 'NONE',  ( -1.000000000000000000, 0.0000000000000000000, 0.0000000000000000000 ) ) ;
#5806 = VERTEX_POINT ( 'NONE', #4453 ) ;
#5807 = LINE ( 'NONE', #1663, #3384 ) ;
#5808 = B_SPLINE_CURVE_WITH_KNOTS ( 'NONE', 3,
 ( #905, #890, #950, #1399, #1416, #1371, #1353, #1480, #3737, #1292, #1454, #1431, #1707, #2172, #1933, #1911, #1847, #2210, #1868, #2193, #2259, #1892, #2278, #2719, #2740, #2700, #2676, #2803, #2429, #2781 ),
 .UNSPECIFIED., .F., .F.,
 ( 4, 1, 2, 2, 2, 1, 2, 2, 2, 1, 2, 2, 2, 1, 2, 2, 4 ),
 ( 0.0000000000000000000, 0.06250000000000023600, 0.09375000000000030500, 0.1250000000000003100, 0.2500000000000003900, 0.3125000000000003300, 0.3437500000000002800, 0.3750000000000002200, 0.5000000000000002200, 0.5625000000000002200, 0.5937500000000002200, 0.6250000000000002200, 0.7500000000000001100, 0.8125000000000002200, 0.8437500000000002200, 0.8750000000000002200, 1.000000000000000000 ),
 .UNSPECIFIED. ) ;
#5809 = EDGE_CURVE ( 'NONE', #6065, #591, #1994, .T. ) ;
#5810 = CARTESIAN_POINT ( 'NONE',  ( -5.410954122340999800, 1.399999999999999900, 1.360000000000000100 ) ) ;
#5811 = CARTESIAN_POINT ( 'NONE',  ( 1.200000000000000000, -0.09999999999999999200, 1.680000000000000200 ) ) ;
#5812 = VERTEX_POINT ( 'NONE', #2574 ) ;
#5813 = CARTESIAN_POINT ( 'NONE',  ( 0.3001292295351716300, 1.473118905275234300, -0.7654301831636957100 ) ) ;
#5814 = AXIS2_PLACEMENT_3D ( 'NONE', #3965, #3444, #3233 ) ;
#5815 = CARTESIAN_POINT ( 'NONE',  ( 0.3002162990582999400, 1.552456889798000000, -0.6301561350580000600 ) ) ;
#5816 = AXIS2_PLACEMENT_3D ( 'NONE', #5504, #3587, #791 ) ;
#5817 = CARTESIAN_POINT ( 'NONE',  ( 0.3528625241503814400, 1.416935847919956700, -0.5918697456162590500 ) ) ;
#5818 = VECTOR ( 'NONE', #5899, 1000.000000000000000 ) ;
#5819 = ORIENTED_EDGE ( 'NONE', *, *, #4460, .T. ) ;
#5820 = CARTESIAN_POINT ( 'NONE',  ( 0.2319984795964976900, 1.097180867543944100, -0.9738101797978001600 ) ) ;
#5821 = CARTESIAN_POINT ( 'NONE',  ( 0.0000000000000000000, 1.200000000000000000, 0.0000000000000000000 ) ) ;
#5822 = CARTESIAN_POINT ( 'NONE',  ( -0.6826166793854000500, 1.439519676321000100, 0.3000505929567000600 ) ) ;
#5823 = PLANE ( 'NONE',  #2183 ) ;
#5824 = STYLED_ITEM ( 'NONE', ( #5106 ), #5142 ) ;
#5825 = CYLINDRICAL_SURFACE ( 'NONE', #3654, 0.1200000000000000900 ) ;
#5826 = EDGE_CURVE ( 'NONE', #1672, #1375, #5793, .T. ) ;
#5827 = CARTESIAN_POINT ( 'NONE',  ( 0.2000000000000000700, 0.1499999999999999900, 0.01302264114964368300 ) ) ;
#5828 = FACE_OUTER_BOUND ( 'NONE', #5556, .T. ) ;
#5829 = CARTESIAN_POINT ( 'NONE',  ( -0.5500000000000000400, 3.916119999999999400, 1.600000000000000100 ) ) ;
#5830 = DIRECTION ( 'NONE',  ( -0.0000000000000000000, -0.0000000000000000000, -1.000000000000000000 ) ) ;
#5831 = EDGE_CURVE ( 'NONE', #3512, #3268, #994, .T. ) ;
#5832 = LINE ( 'NONE', #3251, #4703 ) ;
#5833 = CARTESIAN_POINT ( 'NONE',  ( -0.2400000000000000200, 1.100000000000000100, -0.9738101797978002700 ) ) ;
#5834 = CARTESIAN_POINT ( 'NONE',  ( -0.6842078896604000300, 0.8000000000000000400, 0.0000000000000000000 ) ) ;
#5835 = ORIENTED_EDGE ( 'NONE', *, *, #6079, .T. ) ;
#5836 = CARTESIAN_POINT ( 'NONE',  ( 0.2303616580024712700, 1.092665025992008100, -0.9738101797978002700 ) ) ;
#5837 =( BOUNDED_CURVE ( )  B_SPLINE_CURVE ( 3, ( #4167, #3676, #1339, #4666, #1790, #5146, #2264 ),
 .UNSPECIFIED., .F., .T. ) 
 B_SPLINE_CURVE_WITH_KNOTS ( ( 4, 1, 1, 1, 4 ),
 ( 0.0000000000000000000, 0.01885860494227421800, 0.4533624671675534600, 0.8501500675948906500, 1.000000000000000000 ),
 .UNSPECIFIED. ) 
 CURVE ( )  GEOMETRIC_REPRESENTATION_ITEM ( )  RATIONAL_B_SPLINE_CURVE ( ( 1.077293651509296300, 1.077293651509296300, 1.077293651509296300, 1.077293651509296300, 1.077293651509296300, 1.077293651509296300, 1.077293651509296300 ) ) 
 REPRESENTATION_ITEM ( '' )  );
#5838 = CARTESIAN_POINT ( 'NONE',  ( -0.3000000000006458600, 1.149999999999838500, -3.673940397449969100E-017 ) ) ;
#5839 = CONICAL_SURFACE ( 'NONE', #2462, 1.100000000064937900, 1.169370598790532500 ) ;
#5840 = CARTESIAN_POINT ( 'NONE',  ( 0.2500000000000000000, -0.1000000000000000100, 0.02853981633973999900 ) ) ;
#5841 = CARTESIAN_POINT ( 'NONE',  ( -1.200000000000000000, 0.6800000000000000500, 1.800000000000000300 ) ) ;
#5842 = ORIENTED_EDGE ( 'NONE', *, *, #2112, .F. ) ;
#5843 = FACE_OUTER_BOUND ( 'NONE', #1384, .T. ) ;
#5844 = CARTESIAN_POINT ( 'NONE',  ( 0.9738101798291154400, 1.200000000039835900, -0.2041162076816292700 ) ) ;
#5845 = CARTESIAN_POINT ( 'NONE',  ( 0.2999999999999999900, 1.200000000000000000, -0.9738101797978001600 ) ) ;
#5846 = VERTEX_POINT ( 'NONE', #358 ) ;
#5847 = CARTESIAN_POINT ( 'NONE',  ( 0.05231392552821280400, 0.1500000000000000200, 0.1954462443238634800 ) ) ;
#5848 = EDGE_CURVE ( 'NONE', #1879, #3340, #6045, .T. ) ;
#5849 = FACE_OUTER_BOUND ( 'NONE', #3418, .T. ) ;
#5850 = ORIENTED_EDGE ( 'NONE', *, *, #5006, .F. ) ;
#5851 = CARTESIAN_POINT ( 'NONE',  ( -0.6500000000000001300, 0.8900000000000000100, 1.800000000000000300 ) ) ;
#5852 = EDGE_LOOP ( 'NONE', ( #5171, #4969, #3045, #4183 ) ) ;
#5853 = DIRECTION ( 'NONE',  ( 0.0000000000000000000, 0.0000000000000000000, -1.000000000000000000 ) ) ;
#5854 = CARTESIAN_POINT ( 'NONE',  ( 1.350000000000000100, 0.8000000000000000400, -0.1200000000000000400 ) ) ;
#5855 = VERTEX_POINT ( 'NONE', #3528 ) ;
#5856 = CARTESIAN_POINT ( 'NONE',  ( 0.3000505929567000600, 1.439519676186999900, 0.6826166794273000900 ) ) ;
#5857 = ORIENTED_EDGE ( 'NONE', *, *, #1856, .F. ) ;
#5858 = AXIS2_PLACEMENT_3D ( 'NONE', #4403, #2010, #139 ) ;
#5859 = CARTESIAN_POINT ( 'NONE',  ( -0.5918697457819096500, 1.416935847957749600, -0.3528625240847166300 ) ) ;
#5860 = ORIENTED_EDGE ( 'NONE', *, *, #4533, .T. ) ;
#5861 = ORIENTED_EDGE ( 'NONE', *, *, #1849, .T. ) ;
#5862 = CARTESIAN_POINT ( 'NONE',  ( -0.3000000000002214800, 1.149999999999964200, -2.449293598297418600E-017 ) ) ;
#5863 = EDGE_CURVE ( 'NONE', #1787, #2089, #4943, .T. ) ;
#5864 = LINE ( 'NONE', #1030, #2024 ) ;
#5865 = VERTEX_POINT ( 'NONE', #1757 ) ;
#5866 = VERTEX_POINT ( 'NONE', #3660 ) ;
#5867 = VERTEX_POINT ( 'NONE', #854 ) ;
#5868 = CARTESIAN_POINT ( 'NONE',  ( -0.3000000000002214800, 1.149999999999964200, -2.449293598297418600E-017 ) ) ;
#5869 = CARTESIAN_POINT ( 'NONE',  ( -1.200000000000000000, -0.1000000000000000100, 1.000000000000000000 ) ) ;
#5870 = LINE ( 'NONE', #1351, #5550 ) ;
#5871 = EDGE_CURVE ( 'NONE', #44, #6171, #728, .T. ) ;
#5872 = ORIENTED_EDGE ( 'NONE', *, *, #3478, .T. ) ;
#5873 = CARTESIAN_POINT ( 'NONE',  ( -1.200000000000000000, -0.1000000000000000100, 1.000000000000000000 ) ) ;
#5874 = ORIENTED_EDGE ( 'NONE', *, *, #3378, .T. ) ;
#5875 = B_SPLINE_CURVE_WITH_KNOTS ( 'NONE', 3,
 ( #4450, #4392, #4489, #3067, #3046, #4104 ),
 .UNSPECIFIED., .F., .F.,
 ( 4, 2, 4 ),
 ( 0.0000000000000000000, 0.5000000000000000000, 1.000000000000000000 ),
 .UNSPECIFIED. ) ;
#5876 = CARTESIAN_POINT ( 'NONE',  ( 0.6067543173166859400, 1.521077163393982100, 0.3024647641780517400 ) ) ;
#5877 = VECTOR ( 'NONE', #4686, 1000.000000000000000 ) ;
#5878 = CARTESIAN_POINT ( 'NONE',  ( 0.2976907152446000000, 1.521324401352000200, 0.6000313777264001400 ) ) ;
#5879 = CARTESIAN_POINT ( 'NONE',  ( 0.2400000000000000200, 1.100000000000000100, -0.9738101797978002700 ) ) ;
#5880 = ORIENTED_EDGE ( 'NONE', *, *, #2551, .T. ) ;
#5881 = DIRECTION ( 'NONE',  ( 0.0000000000000000000, -0.0000000000000000000, -1.000000000000000000 ) ) ;
#5882 = FACE_OUTER_BOUND ( 'NONE', #5852, .T. ) ;
#5883 = CARTESIAN_POINT ( 'NONE',  ( 1.250000000000000200, 0.02000000000000000000, 1.680000000000000200 ) ) ;
#5884 = DIRECTION ( 'NONE',  ( 0.0000000000000000000, 0.0000000000000000000, -1.000000000000000000 ) ) ;
#5885 = CARTESIAN_POINT ( 'NONE',  ( -1.229915412690084000, 1.599999999999999900, -0.8594754615491172500 ) ) ;
#5886 = EDGE_CURVE ( 'NONE', #3512, #2310, #4659, .T. ) ;
#5887 = CARTESIAN_POINT ( 'NONE',  ( -0.5999999999999999800, -0.1000000000000000100, -1.149999999999999900 ) ) ;
#5888 = EDGE_CURVE ( 'NONE', #1958, #2353, #4358, .T. ) ;
#5889 = CARTESIAN_POINT ( 'NONE',  ( 0.0000000000000000000, 1.599999999939427900, 1.177620359584352600 ) ) ;
#5890 = CARTESIAN_POINT ( 'NONE',  ( -0.6500000000000002400, 0.02000000000000001100, 1.700000000000000200 ) ) ;
#5891 = CARTESIAN_POINT ( 'NONE',  ( -0.2686568204946522800, -0.1000000000000000100, -1.619470029832014400 ) ) ;
#5892 = AXIS2_PLACEMENT_3D ( 'NONE', #5225, #5244, #5276 ) ;
#5893 = CIRCLE ( 'NONE', #958, 0.6500000000642103300 ) ;
#5894 = ADVANCED_FACE ( 'NONE', ( #3213 ), #1777, .T. ) ;
#5895 = CARTESIAN_POINT ( 'NONE',  ( 7.963372722499701700E-011, 0.8999999999723059500, 0.6923796403942167300 ) ) ;
#5896 = DIRECTION ( 'NONE',  ( 1.000000000000000000, 0.0000000000000000000, 8.881784197001252300E-016 ) ) ;
#5897 = LINE ( 'NONE', #1613, #3330 ) ;
#5898 = EDGE_CURVE ( 'NONE', #649, #2079, #5470, .T. ) ;
#5899 = DIRECTION ( 'NONE',  ( -1.000000000000000000, -0.0000000000000000000, -0.0000000000000000000 ) ) ;
#5900 = ORIENTED_EDGE ( 'NONE', *, *, #4305, .F. ) ;
#5901 = DIRECTION ( 'NONE',  ( 1.000000000000000000, -0.0000000000000000000, 0.0000000000000000000 ) ) ;
#5902 = CARTESIAN_POINT ( 'NONE',  ( 1.200000000000000000, 0.3499999999999999800, 1.800000000000000300 ) ) ;
#5903 = LINE ( 'NONE', #5510, #1001 ) ;
#5904 = CARTESIAN_POINT ( 'NONE',  ( 0.1473153879301649900, 1.167550467260254600, -0.9738101797978001600 ) ) ;
#5905 = ORIENTED_EDGE ( 'NONE', *, *, #2320, .T. ) ;
#5906 = CARTESIAN_POINT ( 'NONE',  ( 0.6448130154641855700, 0.7999999999999998200, 0.2299694505121683800 ) ) ;
#5907 = B_SPLINE_CURVE_WITH_KNOTS ( 'NONE', 3,
 ( #5914, #216, #696, #3986 ),
 .UNSPECIFIED., .F., .F.,
 ( 4, 4 ),
 ( 0.0000000000000000000, 1.000000000000000000 ),
 .UNSPECIFIED. ) ;
#5908 = CIRCLE ( 'NONE', #6119, 0.6500000000642103300 ) ;
#5909 = VERTEX_POINT ( 'NONE', #3227 ) ;
#5910 = VERTEX_POINT ( 'NONE', #419 ) ;
#5911 = CARTESIAN_POINT ( 'NONE',  ( 1.200000000000000000, 0.02000000000000000000, 1.680000000000000200 ) ) ;
#5912 = CARTESIAN_POINT ( 'NONE',  ( -0.6798856235007135800, 0.8100000000000001600, -1.299611624278248700 ) ) ;
#5913 = CYLINDRICAL_SURFACE ( 'NONE', #2055, 0.009999999999999998500 ) ;
#5914 = CARTESIAN_POINT ( 'NONE',  ( 0.6337405826563289300, 1.530703003235164900, 0.2999999999503525900 ) ) ;
#5915 = VERTEX_POINT ( 'NONE', #3704 ) ;
#5916 = CARTESIAN_POINT ( 'NONE',  ( -1.270644716921281300, 1.600000000000000300, -0.7981197817707649200 ) ) ;
#5917 = EDGE_CURVE ( 'NONE', #2083, #5025, #1808, .T. ) ;
#5918 = EDGE_LOOP ( 'NONE', ( #5706, #746, #271, #184 ) ) ;
#5919 = CARTESIAN_POINT ( 'NONE',  ( 0.5918697438658553400, 1.416935847445431200, 0.3528625248721811200 ) ) ;
#5920 = VERTEX_POINT ( 'NONE', #898 ) ;
#5921 = VERTEX_POINT ( 'NONE', #4697 ) ;
#5922 = DIRECTION ( 'NONE',  ( 1.000000000000000000, -0.0000000000000000000, 0.0000000000000000000 ) ) ;
#5923 = CARTESIAN_POINT ( 'NONE',  ( 0.7654301832403399600, 1.473118905305672800, -0.3001292295343632200 ) ) ;
#5924 = ORIENTED_EDGE ( 'NONE', *, *, #4122, .T. ) ;
#5925 = AXIS2_PLACEMENT_3D ( 'NONE', #5112, #5066, #5051 ) ;
#5926 = ADVANCED_FACE ( 'NONE', ( #4196 ), #5178, .F. ) ;
#5927 = VERTEX_POINT ( 'NONE', #6134 ) ;
#5928 = ORIENTED_EDGE ( 'NONE', *, *, #1767, .T. ) ;
#5929 = CARTESIAN_POINT ( 'NONE',  ( -0.2110614649893137700, 0.7999999999999999300, 0.6512101985941347600 ) ) ;
#5930 = CARTESIAN_POINT ( 'NONE',  ( 0.3001411197462000000, 1.513943907219000200, 0.6481488870115000900 ) ) ;
#5931 = ORIENTED_EDGE ( 'NONE', *, *, #5267, .T. ) ;
#5932 = CARTESIAN_POINT ( 'NONE',  ( 0.07397778612532185400, 1.600000000000000500, -1.500026406940489200 ) ) ;
#5933 = ORIENTED_EDGE ( 'NONE', *, *, #4878, .T. ) ;
#5934 = CONICAL_SURFACE ( 'NONE', #2396, 1.100000000036516200, 0.4712388980529030300 ) ;
#5935 = EDGE_CURVE ( 'NONE', #559, #2476, #428, .T. ) ;
#5936 = CARTESIAN_POINT ( 'NONE',  ( -0.5623619734282001600, 1.518279693343000100, -0.3173132053648000700 ) ) ;
#5937 = ORIENTED_EDGE ( 'NONE', *, *, #5973, .F. ) ;
#5938 = VERTEX_POINT ( 'NONE', #1367 ) ;
#5939 = VECTOR ( 'NONE', #4255, 1000.000000000000000 ) ;
#5940 = DIRECTION ( 'NONE',  ( 0.0000000000000000000, 0.0000000000000000000, 1.000000000000000000 ) ) ;
#5941 = CARTESIAN_POINT ( 'NONE',  ( -0.09638341997459429200, 0.9833497400762961600, 0.02618982020222999900 ) ) ;
#5942 = B_SPLINE_CURVE_WITH_KNOTS ( 'NONE', 3,
 ( #1666, #1765, #1590, #1352, #1316, #1289 ),
 .UNSPECIFIED., .F., .F.,
 ( 4, 2, 4 ),
 ( 0.0000000000000000000, 0.5000000000000000000, 1.000000000000000000 ),
 .UNSPECIFIED. ) ;
#5943 = ORIENTED_EDGE ( 'NONE', *, *, #5567, .T. ) ;
#5944 = EDGE_CURVE ( 'NONE', #2404, #738, #2754, .T. ) ;
#5945 = LINE ( 'NONE', #3576, #740 ) ;
#5946 = CARTESIAN_POINT ( 'NONE',  ( -0.3504247653290087400, 1.507425847147660300, -0.5482373245782766700 ) ) ;
#5947 = ORIENTED_EDGE ( 'NONE', *, *, #534, .F. ) ;
#5948 = DIRECTION ( 'NONE',  ( 0.0000000000000000000, 1.000000000000000000, 0.0000000000000000000 ) ) ;
#5949 = CARTESIAN_POINT ( 'NONE',  ( 1.085042290639355100, 1.600000000000000500, -1.036528422117658900 ) ) ;
#5950 = ADVANCED_FACE ( 'NONE', ( #4037 ), #5202, .T. ) ;
#5951 = CARTESIAN_POINT ( 'NONE',  ( -0.6462358981669000800, 1.421601753480000300, -0.2987600965387000000 ) ) ;
#5952 = CARTESIAN_POINT ( 'NONE',  ( -1.328149407112297200, 1.600000000000000500, -0.7041458256590515900 ) ) ;
#5953 = LINE ( 'NONE', #5887, #4688 ) ;
#5954 = ORIENTED_EDGE ( 'NONE', *, *, #4973, .T. ) ;
#5955 = EDGE_CURVE ( 'NONE', #5909, #4432, #5342, .T. ) ;
#5957 = CARTESIAN_POINT ( 'NONE',  ( -1.000000000000000000, 1.700000000000000000, 1.486179938779914400 ) ) ;
#5956 = DIRECTION ( 'NONE',  ( -1.000000000000000000, 0.0000000000000000000, 0.0000000000000000000 ) ) ;
#5958 = EDGE_CURVE ( 'NONE', #580, #709, #5186, .T. ) ;
#5959 = CARTESIAN_POINT ( 'NONE',  ( -1.100000000000000100, 0.8000000000000000400, -1.500000000000000200 ) ) ;
#5960 = DIRECTION ( 'NONE',  ( 0.0000000000000000000, 1.000000000000000000, -9.206720686012761300E-017 ) ) ;
#5961 = VECTOR ( 'NONE', #5788, 1000.000000000000000 ) ;
#5962 = ORIENTED_EDGE ( 'NONE', *, *, #5138, .F. ) ;
#5963 = CARTESIAN_POINT ( 'NONE',  ( 0.1976376813462385800, 0.6500000000000001300, 0.2266785134940211600 ) ) ;
#5964 = LINE ( 'NONE', #5690, #2129 ) ;
#5965 = EDGE_CURVE ( 'NONE', #2742, #3431, #588, .T. ) ;
#5966 = CARTESIAN_POINT ( 'NONE',  ( 1.403685673302374600, 1.599999999999999900, 0.5389395578409670300 ) ) ;
#5967 = CARTESIAN_POINT ( 'NONE',  ( 0.2500000000000000000, 0.0000000000000000000, -1.651460183660000200 ) ) ;
#5968 = VECTOR ( 'NONE', #806, 1000.000000000000000 ) ;
#5969 = CARTESIAN_POINT ( 'NONE',  ( -1.362126594423969300, 1.599999999999999600, 0.6471775028068304000 ) ) ;
#5970 = CARTESIAN_POINT ( 'NONE',  ( 0.2700000000000000200, -0.1000000000000000100, -1.851460183660000200 ) ) ;
#5971 = ORIENTED_EDGE ( 'NONE', *, *, #1543, .T. ) ;
#5972 = B_SPLINE_CURVE_WITH_KNOTS ( 'NONE', 3,
 ( #5836, #5820, #5800, #5879 ),
 .UNSPECIFIED., .F., .F.,
 ( 4, 4 ),
 ( 0.0000000000000000000, 1.000000000000000000 ),
 .UNSPECIFIED. ) ;
#5973 = EDGE_CURVE ( 'NONE', #4348, #771, #3896, .T. ) ;
#5974 = VECTOR ( 'NONE', #1457, 1000.000000000000000 ) ;
#5975 = DIRECTION ( 'NONE',  ( 0.0000000000000000000, 0.0000000000000000000, 1.000000000000000000 ) ) ;
#5976 = CARTESIAN_POINT ( 'NONE',  ( 1.100000000000000100, 0.0000000000000000000, -1.500000000000000000 ) ) ;
#5977 = ORIENTED_EDGE ( 'NONE', *, *, #4651, .F. ) ;
#5978 = CARTESIAN_POINT ( 'NONE',  ( -0.1339782380279631600, 1.119315285916010300, -1.367479433118000200 ) ) ;
#5979 = ADVANCED_FACE ( 'NONE', ( #5032 ), #2796, .T. ) ;
#5980 = B_SPLINE_CURVE_WITH_KNOTS ( 'NONE', 3,
 ( #684, #2531, #1150, #4464 ),
 .UNSPECIFIED., .F., .F.,
 ( 4, 4 ),
 ( 0.0000000000000000000, 1.000000000000000000 ),
 .UNSPECIFIED. ) ;
#5981 = CARTESIAN_POINT ( 'NONE',  ( 1.177620359596000000, 1.600000000000000100, -0.07478522695304556900 ) ) ;
#5982 = FACE_OUTER_BOUND ( 'NONE', #4797, .T. ) ;
#5983 = ORIENTED_EDGE ( 'NONE', *, *, #1077, .F. ) ;
#5984 = DIRECTION ( 'NONE',  ( 0.2665025992376345300, -0.9638341997457782200, 0.0000000000000000000 ) ) ;
#5985 = CARTESIAN_POINT ( 'NONE',  ( -0.07470012796302667700, 1.600000000000000100, -1.177654006361836400 ) ) ;
#5986 = CARTESIAN_POINT ( 'NONE',  ( 0.2779113193416793400, 1.157583416801716300, 0.0000000000000000000 ) ) ;
#5987 = LINE ( 'NONE', #2159, #3273 ) ;
#5988 = ORIENTED_EDGE ( 'NONE', *, *, #1055, .T. ) ;
#5989 = VERTEX_POINT ( 'NONE', #4264 ) ;
#5990 = CARTESIAN_POINT ( 'NONE',  ( 0.2500000000000000000, -0.08706722843317754600, -1.714098582711593300 ) ) ;
#5991 = VERTEX_POINT ( 'NONE', #1425 ) ;
#5992 = DIRECTION ( 'NONE',  ( 0.0000000000000000000, -0.0000000000000000000, -1.000000000000000000 ) ) ;
#5993 = CARTESIAN_POINT ( 'NONE',  ( 0.1902428302385853200, 0.8100000000000005000, 0.7421453352981503000 ) ) ;
#5994 = CARTESIAN_POINT ( 'NONE',  ( -1.374886298835972000, 1.600000000000000100, -0.6043505602147867300 ) ) ;
#5995 = EDGE_CURVE ( 'NONE', #577, #4307, #1387, .T. ) ;
#5996 = ORIENTED_EDGE ( 'NONE', *, *, #836, .T. ) ;
#5997 = ORIENTED_EDGE ( 'NONE', *, *, #729, .T. ) ;
#5998 = CARTESIAN_POINT ( 'NONE',  ( 0.2400000000000000200, 1.200000000000000000, 0.0000000000000000000 ) ) ;
#5999 = CARTESIAN_POINT ( 'NONE',  ( -0.9228576348229943200, 1.099999999970750600, -9.041397188395218900E-017 ) ) ;
#6000 = CARTESIAN_POINT ( 'NONE',  ( 0.3000000000026188400, 1.700000000010851300, 1.058300524439611500 ) ) ;
#6001 = VECTOR ( 'NONE', #5239, 1000.000000000000000 ) ;
#6002 = AXIS2_PLACEMENT_3D ( 'NONE', #809, #4098, #1276 ) ;
#6003 = ORIENTED_EDGE ( 'NONE', *, *, #449, .T. ) ;
#6004 = ORIENTED_EDGE ( 'NONE', *, *, #2589, .T. ) ;
#6005 = CARTESIAN_POINT ( 'NONE',  ( -1.442169004011202400E-016, 1.599999999998135800, 1.177620359604657900 ) ) ;
#6006 = CIRCLE ( 'NONE', #1262, 0.2000000000000000900 ) ;
#6007 = CARTESIAN_POINT ( 'NONE',  ( -1.350000000000000100, 0.8000000000000000400, 1.100000000000000100 ) ) ;
#6008 = ORIENTED_EDGE ( 'NONE', *, *, #5350, .F. ) ;
#6009 = EDGE_LOOP ( 'NONE', ( #1966, #1305, #5617, #1221, #866 ) ) ;
#6010 = CARTESIAN_POINT ( 'NONE',  ( -0.1192268059147157400, 0.8100000000000000500, 0.7533887009300489500 ) ) ;
#6011 = DIRECTION ( 'NONE',  ( -1.000000000000000000, 0.0000000000000000000, 0.0000000000000000000 ) ) ;
#6012 = ADVANCED_FACE ( 'NONE', ( #4882 ), #2355, .T. ) ;
#6013 = CYLINDRICAL_SURFACE ( 'NONE', #4366, 0.1099999999999999900 ) ;
#6014 = CARTESIAN_POINT ( 'NONE',  ( -1.421039055758658700, 1.600000000000000300, 0.5045228697398107500 ) ) ;
#6015 = DIRECTION ( 'NONE',  ( 0.0000000000000000000, 1.000000000000000000, 0.0000000000000000000 ) ) ;
#6016 = EDGE_CURVE ( 'NONE', #425, #3559, #2325, .T. ) ;
#6017 = DIRECTION ( 'NONE',  ( -0.0000000000000000000, -1.000000000000000000, -0.0000000000000000000 ) ) ;
#6018 = CARTESIAN_POINT ( 'NONE',  ( -0.2779113193416793400, 1.157583416801716300, -3.403432076786054700E-017 ) ) ;
#6019 = B_SPLINE_CURVE_WITH_KNOTS ( 'NONE', 3,
 ( #1151, #3971, #5923, #3019 ),
 .UNSPECIFIED., .F., .F.,
 ( 4, 4 ),
 ( 0.0000000000000000000, 1.000000000000000000 ),
 .UNSPECIFIED. ) ;
#6020 = ORIENTED_EDGE ( 'NONE', *, *, #5241, .F. ) ;
#6021 = CARTESIAN_POINT ( 'NONE',  ( -0.5999999999999999800, 0.0000000000000000000, 0.0000000000000000000 ) ) ;
#6022 = CARTESIAN_POINT ( 'NONE',  ( -0.2999999999999999900, 0.6500000000000000200, 0.03832637700708600700 ) ) ;
#6023 = CARTESIAN_POINT ( 'NONE',  ( -0.6511808032882122600, 0.8000000000000000400, -0.2111358800257313300 ) ) ;
#6024 = EDGE_CURVE ( 'NONE', #2534, #2931, #1234, .T. ) ;
#6025 = CARTESIAN_POINT ( 'NONE',  ( -1.476001863911989600, 1.600000000000000100, 0.2784213359441935500 ) ) ;
#6026 = CARTESIAN_POINT ( 'NONE',  ( -0.7838367176906000400, 0.0000000000000000000, 0.0000000000000000000 ) ) ;
#6027 = DIRECTION ( 'NONE',  ( 0.0000000000000000000, 0.0000000000000000000, -1.000000000000000000 ) ) ;
#6028 = CARTESIAN_POINT ( 'NONE',  ( -1.454003017660203900, 1.600000000000000300, -0.3969982835495217100 ) ) ;
#6029 = CARTESIAN_POINT ( 'NONE',  ( -0.2779113193416792900, 1.157583416801716300, -0.5558226386833585700 ) ) ;
#6030 = LINE ( 'NONE', #37, #2200 ) ;
#6031 = CARTESIAN_POINT ( 'NONE',  ( -0.3561897341609000000, 1.398397076606000100, -0.5991210072057000500 ) ) ;
#6032 = CARTESIAN_POINT ( 'NONE',  ( 0.6500000000000001300, 0.8900000000000000100, 1.800000000000000300 ) ) ;
#6033 = CARTESIAN_POINT ( 'NONE',  ( 0.04419670447948664100, 0.9000000000000002400, 0.6923457770736390900 ) ) ;
#6034 = DIRECTION ( 'NONE',  ( 0.0000000000000000000, 0.0000000000000000000, 1.000000000000000000 ) ) ;
#6035 = ADVANCED_FACE ( 'NONE', ( #3433 ), #951, .T. ) ;
#6036 = LINE ( 'NONE', #3499, #5754 ) ;
#6037 = DIRECTION ( 'NONE',  ( -0.0000000000000000000, 0.0000000000000000000, 1.000000000000000000 ) ) ;
#6038 = ORIENTED_EDGE ( 'NONE', *, *, #2399, .T. ) ;
#6039 = AXIS2_PLACEMENT_3D ( 'NONE', #1727, #5073, #2192 ) ;
#6040 = CYLINDRICAL_SURFACE ( 'NONE', #2644, 0.6049725677420999500 ) ;
#6041 = EDGE_CURVE ( 'NONE', #2829, #410, #2165, .T. ) ;
#6042 = CARTESIAN_POINT ( 'NONE',  ( 0.1697623207103229300, 0.7999999999999999300, -0.6632368455016913700 ) ) ;
#6043 = ORIENTED_EDGE ( 'NONE', *, *, #2341, .F. ) ;
#6044 = CARTESIAN_POINT ( 'NONE',  ( 1.000000000000000000, 1.700000000000000000, 1.118033988749999900 ) ) ;
#6045 = B_SPLINE_CURVE_WITH_KNOTS ( 'NONE', 3,
 ( #3633, #835, #4134, #1309 ),
 .UNSPECIFIED., .F., .F.,
 ( 4, 4 ),
 ( 0.0000000000000000000, 1.000000000000000000 ),
 .UNSPECIFIED. ) ;
#6046 = CARTESIAN_POINT ( 'NONE',  ( -1.494568139262103100, 1.600000000000000100, 0.1644852380693280800 ) ) ;
#6047 = CARTESIAN_POINT ( 'NONE',  ( -0.3026044801787028900, 1.429549285678214800, -0.6514065604734430300 ) ) ;
#6048 = CONICAL_SURFACE ( 'NONE', #2889, 1.100000000036516200, 0.4712388980529030300 ) ;
#6049 = DIRECTION ( 'NONE',  ( 0.0000000000000000000, 0.0000000000000000000, 1.000000000000000000 ) ) ;
#6050 = CARTESIAN_POINT ( 'NONE',  ( -1.485931661470422500, 1.600000000000000300, -0.2530899387965866400 ) ) ;
#6051 = VERTEX_POINT ( 'NONE', #45 ) ;
#6052 = ORIENTED_EDGE ( 'NONE', *, *, #2037, .T. ) ;
#6053 = EDGE_CURVE ( 'NONE', #1375, #3563, #1176, .T. ) ;
#6054 = CARTESIAN_POINT ( 'NONE',  ( -0.3173132058085000300, 1.518279656338000300, -0.5623619928096000900 ) ) ;
#6055 = PRODUCT_DEFINITION_SHAPE ( 'NONE', 'NONE',  #1837 ) ;
#6056 = FACE_OUTER_BOUND ( 'NONE', #2452, .T. ) ;
#6057 = ORIENTED_EDGE ( 'NONE', *, *, #5179, .T. ) ;
#6058 = CARTESIAN_POINT ( 'NONE',  ( 0.5859609821960000100, 1.425862101454999900, 0.3554819429744000000 ) ) ;
#6059 = CARTESIAN_POINT ( 'NONE',  ( 0.4217929806560967700, 0.9000000000000003600, 0.5574852276796558000 ) ) ;
#6060 = DIRECTION ( 'NONE',  ( 0.0000000000000000000, -1.000000000000000000, 0.0000000000000000000 ) ) ;
#6061 = ORIENTED_EDGE ( 'NONE', *, *, #4678, .F. ) ;
#6062 = DIRECTION ( 'NONE',  ( 1.000000000000000000, 0.0000000000000000000, 0.0000000000000000000 ) ) ;
#6063 = ORIENTED_EDGE ( 'NONE', *, *, #5428, .T. ) ;
#6064 = ORIENTED_EDGE ( 'NONE', *, *, #218, .F. ) ;
#6065 = VERTEX_POINT ( 'NONE', #3331 ) ;
#6066 = EDGE_LOOP ( 'NONE', ( #1259, #3197, #5281, #4870 ) ) ;
#6067 = ORIENTED_EDGE ( 'NONE', *, *, #6183, .F. ) ;
#6068 = CARTESIAN_POINT ( 'NONE',  ( -0.2549429089118422400, 1.200000000039835900, 0.9738101798291155500 ) ) ;
#6069 = ORIENTED_EDGE ( 'NONE', *, *, #2483, .T. ) ;
#6070 = CARTESIAN_POINT ( 'NONE',  ( 0.0000000000000000000, 0.0000000000000000000, 0.0000000000000000000 ) ) ;
#6071 = VERTEX_POINT ( 'NONE', #1005 ) ;
#6072 = CARTESIAN_POINT ( 'NONE',  ( 0.0000000000000000000, 1.700000000000000000, 0.0000000000000000000 ) ) ;
#6073 = ADVANCED_FACE ( 'NONE', ( #4732 ), #1923, .F. ) ;
#6074 = ORIENTED_EDGE ( 'NONE', *, *, #4087, .F. ) ;
#6075 = EDGE_CURVE ( 'NONE', #3059, #2243, #4579, .T. ) ;
#6076 = CARTESIAN_POINT ( 'NONE',  ( -1.499761721522389100, 1.599999999999999900, 0.04922114372887830700 ) ) ;
#6077 = CARTESIAN_POINT ( 'NONE',  ( -0.3000000000026191200, 1.700000000010851300, 1.058300524439611300 ) ) ;
#6078 = ORIENTED_EDGE ( 'NONE', *, *, #46, .T. ) ;
#6079 = EDGE_CURVE ( 'NONE', #4644, #1247, #5864, .T. ) ;
#6080 = ORIENTED_EDGE ( 'NONE', *, *, #639, .F. ) ;
#6081 = LINE ( 'NONE', #4415, #2249 ) ;
#6082 = CARTESIAN_POINT ( 'NONE',  ( -0.3002119066501000000, 1.550385940508000000, -0.6311255045690999900 ) ) ;
#6083 = ORIENTED_EDGE ( 'NONE', *, *, #1236, .T. ) ;
#6084 = CARTESIAN_POINT ( 'NONE',  ( 0.6182370215188000000, 1.482194374776000000, 0.2981160998915999800 ) ) ;
#6085 = DIRECTION ( 'NONE',  ( -1.000000000000000000, 0.0000000000000000000, 0.0000000000000000000 ) ) ;
#6086 = CARTESIAN_POINT ( 'NONE',  ( -0.3738742246835161700, 0.8000000000000001600, 0.6623202189394890000 ) ) ;
#6087 = AXIS2_PLACEMENT_3D ( 'NONE', #1985, #5347, #2455 ) ;
#6088 = ORIENTED_EDGE ( 'NONE', *, *, #1055, .F. ) ;
#6089 = VECTOR ( 'NONE', #1828, 1000.000000000000000 ) ;
#6090 = DIRECTION ( 'NONE',  ( 1.000000000000000000, 0.0000000000000000000, 0.0000000000000000000 ) ) ;
#6091 = CARTESIAN_POINT ( 'NONE',  ( 0.1470011937489510700, 1.166414151524183900, -1.367479433118000000 ) ) ;
#6092 = ORIENTED_EDGE ( 'NONE', *, *, #4073, .T. ) ;
#6093 = VECTOR ( 'NONE', #3513, 1000.000000000000000 ) ;
#6094 = DIRECTION ( 'NONE',  ( 0.0000000000000000000, 1.000000000000000000, 0.0000000000000000000 ) ) ;
#6095 =( NAMED_UNIT ( * ) PLANE_ANGLE_UNIT ( ) SI_UNIT ( $, .RADIAN. ) );
#6096 = CARTESIAN_POINT ( 'NONE',  ( -1.200000000000000000, 0.02000000000000002500, 1.800000000000000300 ) ) ;
#6097 =( BOUNDED_CURVE ( )  B_SPLINE_CURVE ( 3, ( #5859, #2951, #156, #3441, #638, #3926, #1111 ),
 .UNSPECIFIED., .F., .T. ) 
 B_SPLINE_CURVE_WITH_KNOTS ( ( 4, 1, 1, 1, 4 ),
 ( 0.0000000000000000000, 0.1893091101813137400, 0.6071756022117801300, 0.9968797902828461200, 1.000000000000000000 ),
 .UNSPECIFIED. ) 
 CURVE ( )  GEOMETRIC_REPRESENTATION_ITEM ( )  RATIONAL_B_SPLINE_CURVE ( ( 1.077293646539077000, 1.077293646539077200, 1.077293646539077200, 1.077293646539077200, 1.077293646539077200, 1.077293646539077200, 1.077293646539077200 ) ) 
 REPRESENTATION_ITEM ( '' )  );
#6098 = ORIENTED_EDGE ( 'NONE', *, *, #5426, .F. ) ;
#6099 = PLANE ( 'NONE',  #4761 ) ;
#6100 = EDGE_CURVE ( 'NONE', #4199, #1456, #3364, .T. ) ;
#6101 = CARTESIAN_POINT ( 'NONE',  ( -1.200000000000000000, -0.1000000000000000100, 1.000000000000000000 ) ) ;
#6102 = CARTESIAN_POINT ( 'NONE',  ( 0.6842078896604000300, 0.7999999999999999300, -8.379130020239744000E-017 ) ) ;
#6103 = CARTESIAN_POINT ( 'NONE',  ( -1.200000000000000000, 0.3499999999999999800, 1.700000000000000000 ) ) ;
#6104 = LINE ( 'NONE', #5375, #3682 ) ;
#6105 = ORIENTED_EDGE ( 'NONE', *, *, #4136, .T. ) ;
#6106 = CARTESIAN_POINT ( 'NONE',  ( -0.3531616844137000500, 1.509724639341000000, 0.5453921124559000200 ) ) ;
#6107 = ADVANCED_FACE ( 'NONE', ( #799 ), #3128, .F. ) ;
#6108 = CARTESIAN_POINT ( 'NONE',  ( 0.5619950573441527800, 1.599999999999999900, -1.036410878059924200 ) ) ;
#6109 = CARTESIAN_POINT ( 'NONE',  ( 1.162279130775398600, 1.100000000000000300, 0.7813271395404746100 ) ) ;
#6110 = FACE_OUTER_BOUND ( 'NONE', #2521, .T. ) ;
#6111 = DIRECTION ( 'NONE',  ( -0.2665025992376348600, -0.9638341997457782200, 0.0000000000000000000 ) ) ;
#6112 = EDGE_CURVE ( 'NONE', #2389, #1445, #2251, .T. ) ;
#6113 = CARTESIAN_POINT ( 'NONE',  ( -0.3000000000019771300, 1.700000000002731800, -1.058300524432975300 ) ) ;
#6114 = LINE ( 'NONE', #929, #1198 ) ;
#6115 = CARTESIAN_POINT ( 'NONE',  ( -1.500252400120396100, 1.600000000000000300, -0.02791669615710707900 ) ) ;
#6116 = CARTESIAN_POINT ( 'NONE',  ( 2.298623804199090400E-018, 1.100000000004047300, -0.9228576348416935900 ) ) ;
#6117 = CARTESIAN_POINT ( 'NONE',  ( 0.0000000000000000000, 1.416935847316835900, 0.0000000000000000000 ) ) ;
#6118 = DIRECTION ( 'NONE',  ( 0.0000000000000000000, 0.0000000000000000000, -1.000000000000000000 ) ) ;
#6119 = AXIS2_PLACEMENT_3D ( 'NONE', #842, #824, #783 ) ;
#6120 = AXIS2_PLACEMENT_3D ( 'NONE', #349, #3626, #829 ) ;
#6121 = LINE ( 'NONE', #5245, #4852 ) ;
#6122 = DIRECTION ( 'NONE',  ( 0.0000000000000000000, 0.0000000000000000000, -1.000000000000000000 ) ) ;
#6123 = ORIENTED_EDGE ( 'NONE', *, *, #4954, .T. ) ;
#6124 = CARTESIAN_POINT ( 'NONE',  ( 0.6861288132144453000, 0.8100000000000002800, -0.3279366275123009000 ) ) ;
#6125 = VERTEX_POINT ( 'NONE', #5437 ) ;
#6126 = CARTESIAN_POINT ( 'NONE',  ( -0.3173919805996000000, 1.514789739780000100, 0.5640161840270999600 ) ) ;
#6127 = ORIENTED_EDGE ( 'NONE', *, *, #1595, .T. ) ;
#6128 = FACE_OUTER_BOUND ( 'NONE', #3940, .T. ) ;
#6129 = VERTEX_POINT ( 'NONE', #5031 ) ;
#6130 = CARTESIAN_POINT ( 'NONE',  ( 1.212386754760466300, 1.100000000000000100, -0.7009666093600639400 ) ) ;
#6131 = PRESENTATION_LAYER_ASSIGNMENT (  '', '', ( #5824 ) ) ;
#6132 = B_SPLINE_CURVE_WITH_KNOTS ( 'NONE', 3,
 ( #131, #53, #2519, #152, #165, #188 ),
 .UNSPECIFIED., .F., .F.,
 ( 4, 2, 4 ),
 ( 0.5000000000000000000, 0.7500000000000000000, 1.000000000000000000 ),
 .UNSPECIFIED. ) ;
#6133 = CARTESIAN_POINT ( 'NONE',  ( 4.653657836759942400E-017, 0.8000000000000000400, -0.7599999999999876900 ) ) ;
#6134 = CARTESIAN_POINT ( 'NONE',  ( -0.7838367176906000400, 1.399999999999999900, 1.260000000000000000 ) ) ;
#6135 = EDGE_CURVE ( 'NONE', #5396, #110, #4002, .T. ) ;
#6136 = LINE ( 'NONE', #2969, #4864 ) ;
#6137 = ORIENTED_EDGE ( 'NONE', *, *, #1331, .T. ) ;
#6138 = CARTESIAN_POINT ( 'NONE',  ( -1.007383371169878700, 1.700000000003883700, -0.4796188333398754300 ) ) ;
#6139 = ADVANCED_FACE ( 'NONE', ( #4425 ), #650, .F. ) ;
#6140 = VERTEX_POINT ( 'NONE', #4068 ) ;
#6141 = CARTESIAN_POINT ( 'NONE',  ( -0.6112999394517107900, 0.8100000000000000500, -0.4633975756959644000 ) ) ;
#6142 = DIRECTION ( 'NONE',  ( 1.000000000000000000, 0.0000000000000000000, 0.0000000000000000000 ) ) ;
#6143 = ORIENTED_EDGE ( 'NONE', *, *, #6112, .F. ) ;
#6144 = VERTEX_POINT ( 'NONE', #4560 ) ;
#6145 = ORIENTED_EDGE ( 'NONE', *, *, #5848, .F. ) ;
#6146 = EDGE_CURVE ( 'NONE', #1087, #2763, #5709, .T. ) ;
#6147 = ORIENTED_EDGE ( 'NONE', *, *, #4353, .F. ) ;
#6148 = CARTESIAN_POINT ( 'NONE',  ( -0.7843973260861401000, 0.8282563434278217300, 1.921219349302268100E-016 ) ) ;
#6149 = CARTESIAN_POINT ( 'NONE',  ( 0.0000000000000000000, 0.1499999999999999900, -0.2999999999999999900 ) ) ;
#6150 = CARTESIAN_POINT ( 'NONE',  ( -0.6500000000000000200, 0.7991607978309981400, 1.699999999999999500 ) ) ;
#6151 = CARTESIAN_POINT ( 'NONE',  ( -0.3002162983164999900, 1.552456887952000000, 0.6301561340621000300 ) ) ;
#6152 = VERTEX_POINT ( 'NONE', #2163 ) ;
#6153 = CARTESIAN_POINT ( 'NONE',  ( 0.5077780912834385400, 1.600000000000000300, -1.062776505104048300 ) ) ;
#6154 = EDGE_LOOP ( 'NONE', ( #2868, #4733, #2041, #2667, #1449 ) ) ;
#6155 = CARTESIAN_POINT ( 'NONE',  ( 1.450000000000000000, 0.0000000000000000000, 1.200000000000000000 ) ) ;
#6156 = VECTOR ( 'NONE', #984, 1000.000000000000000 ) ;
#6157 = ORIENTED_EDGE ( 'NONE', *, *, #5374, .F. ) ;
#6158 = CARTESIAN_POINT ( 'NONE',  ( -0.6861288132144481900, 0.8000000000000001600, -0.3279366275122932400 ) ) ;
#6159 = CARTESIAN_POINT ( 'NONE',  ( 0.2025050415749612100, 1.700000000000000000, -1.085937747362574600 ) ) ;
#6160 = CARTESIAN_POINT ( 'NONE',  ( 1.442169003975732500E-016, 1.599999999939427400, -1.177620359584352600 ) ) ;
#6161 = ORIENTED_EDGE ( 'NONE', *, *, #3098, .F. ) ;
#6162 = CARTESIAN_POINT ( 'NONE',  ( -1.250000000000000000, 0.8000000000000000400, 1.700000000000000000 ) ) ;
#6163 = ORIENTED_EDGE ( 'NONE', *, *, #844, .F. ) ;
#6164 = CARTESIAN_POINT ( 'NONE',  ( 0.5697164615626000300, 1.502760293991999700, -0.3176630249977000500 ) ) ;
#6165 = CIRCLE ( 'NONE', #637, 0.9738101798291153300 ) ;
#6166 = EDGE_CURVE ( 'NONE', #5938, #3169, #1882, .T. ) ;
#6167 = CARTESIAN_POINT ( 'NONE',  ( -1.498873977576302300, 1.600000000000000100, -0.06859901721537919900 ) ) ;
#6168 = CARTESIAN_POINT ( 'NONE',  ( 0.0000000000000000000, 1.508986332709128000, 0.0000000000000000000 ) ) ;
#6169 = DIRECTION ( 'NONE',  ( 0.0000000000000000000, 0.0000000000000000000, -1.000000000000000000 ) ) ;
#6170 = CARTESIAN_POINT ( 'NONE',  ( 1.200000000000000000, 0.6800000000000000500, 1.680000000000000200 ) ) ;
#6171 = VERTEX_POINT ( 'NONE', #1699 ) ;
#6172 = ORIENTED_EDGE ( 'NONE', *, *, #3887, .T. ) ;
#6173 = VECTOR ( 'NONE', #3316, 1000.000000000000000 ) ;
#6174 = PLANE ( 'NONE',  #4604 ) ;
#6175 = DIRECTION ( 'NONE',  ( 0.0000000000000000000, 0.0000000000000000000, -1.000000000000000000 ) ) ;
#6176 = CARTESIAN_POINT ( 'NONE',  ( 1.508834377020277500, 1.700000000000000000, -0.2535959328988407500 ) ) ;
#6177 = CARTESIAN_POINT ( 'NONE',  ( -0.7843973260861401000, 0.8282563434278217300, 0.0000000000000000000 ) ) ;
#6178 = PLANE ( 'NONE',  #308 ) ;
#6179 = ADVANCED_FACE ( 'NONE', ( #5539 ), #798, .T. ) ;
#6180 = AXIS2_PLACEMENT_3D ( 'NONE', #3442, #1112, #157 ) ;
#6181 = ORIENTED_EDGE ( 'NONE', *, *, #985, .F. ) ;
#6182 = CARTESIAN_POINT ( 'NONE',  ( 0.4710583103964343100, 1.600000000000000100, -1.079498435214153900 ) ) ;
#6183 = EDGE_CURVE ( 'NONE', #591, #6065, #2892, .T. ) ;
#6184 = CARTESIAN_POINT ( 'NONE',  ( 1.500000000000000200, 0.4000000000000000200, -1.100000000000000100 ) ) ;
#6185 = B_SPLINE_CURVE_WITH_KNOTS ( 'NONE', 3,
 ( #2131, #284, #4058, #1231, #4547, #1691, #5041, #2242, #5597, #2706, #6086, #3195, #391, #3677, #871, #4168 ),
 .UNSPECIFIED., .F., .F.,
 ( 4, 1, 2, 2, 2, 1, 2, 2, 4 ),
 ( 0.0000000000000000000, 0.06250000000000001400, 0.09375000000000002800, 0.1250000000000000300, 0.2500000000000000000, 0.3125000000000000000, 0.3437500000000000000, 0.3750000000000000000, 0.5000000000000000000 ),
 .UNSPECIFIED. ) ;
ENDSEC;
END-ISO-10303-21;
